order_id,customer_id,restaurant_id,order_date,day_of_week,order_hour,order_value,cuisine,restaurant_rating,delivery_time_min,customer_rating,discount_used,occasion,repeat_order
O000001,C0001,R0059,2026-07-22,Wednesday,20,711,Cafe,4.4,33,4,0,Date Night,0
O000002,C0001,R0069,2026-07-20,Monday,13,451,South Indian,4.4,30,3,1,Movie Night,0
O000003,C0001,R0118,2025-11-22,Saturday,14,739,Chinese,4.6,37,3,0,Routine,1
O000004,C0001,R0003,2025-10-19,Sunday,8,294,Chinese,4.0,24,5,1,Work Lunch,0
O000005,C0001,R0001,2026-07-20,Monday,23,272,South Indian,3.9,38,3,1,Family,0
O000006,C0001,R0065,2025-09-16,Tuesday,20,628,Healthy,4.8,37,5,1,Friends,0
O000007,C0001,R0118,2025-10-12,Sunday,20,721,Chinese,4.6,37,5,0,Work Lunch,1
O000008,C0001,R0013,2025-11-07,Friday,18,926,South Indian,4.1,44,5,1,Friends,0
O000009,C0001,R0113,2026-03-04,Wednesday,10,420,Healthy,4.2,42,5,1,Routine,0
O000010,C0002,R0089,2025-12-24,Wednesday,13,504,Chinese,3.9,30,3,1,Routine,1
O000011,C0002,R0018,2026-01-05,Monday,22,291,Pizza,3.5,47,5,1,Date Night,1
O000012,C0002,R0094,2026-03-14,Saturday,23,407,Italian,4.4,42,5,0,Routine,1
O000013,C0002,R0083,2025-09-28,Sunday,13,736,Healthy,4.3,36,5,0,Routine,0
O000014,C0002,R0089,2025-11-14,Friday,21,524,Chinese,3.9,30,3,1,Routine,1
O000015,C0002,R0060,2026-06-25,Thursday,9,284,Italian,4.3,43,5,0,Routine,0
O000016,C0002,R0086,2026-07-04,Saturday,9,214,Italian,4.4,23,5,1,Routine,0
O000017,C0002,R0012,2026-01-24,Saturday,13,368,Pizza,3.3,27,3,0,Movie Night,1
O000018,C0002,R0089,2025-10-19,Sunday,9,427,Chinese,3.9,30,2,0,Work Lunch,1
O000019,C0002,R0012,2026-03-06,Friday,12,324,Pizza,3.3,27,2,1,Work Lunch,1
O000020,C0002,R0094,2026-05-11,Monday,23,338,Italian,4.4,42,4,1,Routine,1
O000021,C0002,R0114,2025-10-09,Thursday,18,202,Chinese,3.6,33,5,0,Late Night,0
O000022,C0002,R0018,2025-10-11,Saturday,12,225,Pizza,3.5,47,3,0,Friends,1
O000023,C0003,R0117,2026-03-13,Friday,14,463,Italian,3.9,43,3,0,Friends,1
O000024,C0003,R0095,2026-04-20,Monday,23,670,North Indian,3.8,25,5,1,Routine,1
O000025,C0003,R0085,2026-02-01,Sunday,8,251,Desserts,3.4,26,5,0,Movie Night,0
O000026,C0003,R0078,2026-08-05,Wednesday,20,226,Biryani,3.7,15,5,1,Friends,0
O000027,C0003,R0014,2025-09-18,Thursday,9,677,Maharashtrian,4.1,35,5,1,Late Night,1
O000028,C0003,R0014,2026-02-26,Thursday,18,830,Maharashtrian,4.1,35,4,0,Late Night,1
O000029,C0003,R0095,2026-07-06,Monday,19,459,North Indian,3.8,25,5,1,Routine,1
O000030,C0003,R0045,2026-05-27,Wednesday,22,1004,Maharashtrian,4.7,38,4,0,Routine,0
O000031,C0003,R0121,2025-11-03,Monday,12,355,Italian,4.8,41,5,0,Family,0
O000032,C0003,R0054,2026-06-03,Wednesday,8,560,Chinese,3.6,34,3,1,Family,0
O000033,C0003,R0017,2025-11-19,Wednesday,12,216,Chinese,4.4,65,5,1,Movie Night,0
O000034,C0003,R0098,2025-10-30,Thursday,12,617,Burgers,4.1,33,4,1,Routine,0
O000035,C0003,R0041,2025-11-11,Tuesday,12,1255,Biryani,4.5,30,2,0,Routine,1
O000036,C0003,R0084,2026-08-22,Saturday,10,584,Desserts,4.1,32,5,1,Routine,0
O000037,C0003,R0097,2026-05-06,Wednesday,12,456,Chinese,4.9,24,3,0,Late Night,1
O000038,C0003,R0117,2026-02-27,Friday,22,472,Italian,3.9,43,4,0,Family,1
O000039,C0003,R0106,2026-01-30,Friday,18,312,Healthy,4.3,46,3,0,Date Night,0
O000040,C0003,R0097,2026-05-13,Wednesday,17,415,Chinese,4.9,24,5,0,Family,1
O000041,C0003,R0097,2026-03-25,Wednesday,12,461,Chinese,4.9,24,4,0,Routine,1
O000042,C0003,R0127,2025-12-12,Friday,21,321,Pizza,4.4,34,3,0,Movie Night,0
O000043,C0003,R0041,2026-01-23,Friday,17,935,Biryani,4.5,30,4,1,Routine,1
O000044,C0003,R0002,2026-06-29,Monday,13,365,Maharashtrian,4.4,29,4,0,Routine,0
O000045,C0004,R0011,2025-12-16,Tuesday,22,474,Chinese,4.0,36,4,1,Work Lunch,0
O000046,C0004,R0100,2026-04-18,Saturday,17,291,Chinese,4.4,29,3,0,Family,0
O000047,C0004,R0076,2026-01-19,Monday,14,478,Healthy,3.8,19,5,0,Friends,0
O000048,C0004,R0034,2026-07-09,Thursday,17,501,Burgers,4.8,40,3,1,Work Lunch,0
O000049,C0004,R0113,2026-06-19,Friday,14,609,Healthy,4.2,42,3,1,Work Lunch,0
O000050,C0004,R0142,2026-07-22,Wednesday,9,902,South Indian,4.4,36,4,1,Work Lunch,0
O000051,C0004,R0003,2025-09-19,Friday,19,233,Chinese,4.0,24,4,0,Routine,0
O000052,C0005,R0097,2026-03-30,Monday,13,220,Chinese,4.9,24,3,0,Family,0
O000053,C0005,R0064,2026-07-29,Wednesday,19,677,North Indian,3.9,53,3,0,Work Lunch,1
O000054,C0005,R0102,2025-09-17,Wednesday,9,1087,Cafe,3.7,34,3,1,Routine,0
O000055,C0005,R0078,2026-02-14,Saturday,17,375,Biryani,3.7,15,4,1,Date Night,0
O000056,C0005,R0064,2026-03-04,Wednesday,12,1440,North Indian,3.9,53,4,0,Routine,1
O000057,C0005,R0127,2026-08-04,Tuesday,14,244,Pizza,4.4,34,3,1,Work Lunch,1
O000058,C0005,R0041,2026-02-09,Monday,9,799,Biryani,4.5,30,4,0,Routine,0
O000059,C0005,R0015,2026-08-20,Thursday,8,417,Healthy,4.3,15,5,0,Friends,0
O000060,C0005,R0095,2025-12-20,Saturday,18,367,North Indian,3.8,25,5,0,Family,0
O000061,C0005,R0127,2026-02-13,Friday,12,299,Pizza,4.4,34,4,0,Family,1
O000062,C0005,R0064,2026-03-18,Wednesday,13,963,North Indian,3.9,53,5,0,Family,1
O000063,C0005,R0014,2026-05-29,Friday,12,641,Maharashtrian,4.1,35,4,0,Routine,0
O000064,C0005,R0054,2026-01-22,Thursday,22,475,Chinese,3.6,34,4,0,Family,0
O000065,C0005,R0084,2026-08-11,Tuesday,9,709,Desserts,4.1,32,5,0,Family,0
O000066,C0005,R0026,2026-07-29,Wednesday,17,545,Healthy,4.0,38,3,0,Friends,0
O000067,C0006,R0025,2026-04-12,Sunday,14,715,Cafe,4.1,35,5,1,Date Night,1
O000068,C0006,R0141,2025-12-12,Friday,12,883,Burgers,4.2,26,3,1,Routine,0
O000069,C0006,R0147,2026-05-12,Tuesday,18,409,Biryani,3.9,17,4,0,Routine,1
O000070,C0006,R0025,2026-01-20,Tuesday,17,614,Cafe,4.1,35,4,1,Routine,1
O000071,C0006,R0131,2026-04-21,Tuesday,10,582,South Indian,4.4,28,5,1,Family,0
O000072,C0006,R0020,2026-07-01,Wednesday,17,836,Biryani,4.2,28,5,0,Routine,0
O000073,C0006,R0079,2025-09-12,Friday,13,551,Chinese,4.1,36,5,1,Routine,0
O000074,C0006,R0090,2026-06-23,Tuesday,8,875,Maharashtrian,4.5,33,4,1,Movie Night,0
O000075,C0006,R0092,2026-01-25,Sunday,10,758,South Indian,4.5,15,5,0,Movie Night,0
O000076,C0006,R0147,2026-03-27,Friday,8,307,Biryani,3.9,17,4,1,Movie Night,1
O000077,C0006,R0126,2026-05-30,Saturday,8,689,Italian,4.1,21,5,1,Routine,0
O000078,C0006,R0080,2025-09-10,Wednesday,9,619,South Indian,4.7,27,3,1,Work Lunch,0
O000079,C0006,R0138,2026-04-02,Thursday,22,781,North Indian,4.6,22,4,1,Routine,0
O000080,C0007,R0077,2026-02-11,Wednesday,23,818,Maharashtrian,4.0,41,3,1,Routine,1
O000081,C0007,R0061,2025-10-12,Sunday,19,668,Burgers,4.5,34,5,0,Date Night,0
O000082,C0007,R0124,2026-05-12,Tuesday,20,483,Healthy,4.4,15,5,1,Routine,0
O000083,C0007,R0030,2026-02-01,Sunday,22,230,Thai,4.0,38,4,1,Late Night,0
O000084,C0007,R0077,2026-05-12,Tuesday,21,564,Maharashtrian,4.0,41,4,1,Late Night,1
O000085,C0007,R0007,2025-11-03,Monday,14,941,Chinese,4.2,23,2,1,Late Night,0
O000086,C0008,R0066,2025-10-24,Friday,8,967,Pizza,4.3,30,4,1,Routine,1
O000087,C0008,R0058,2025-09-07,Sunday,10,600,North Indian,4.7,24,4,0,Routine,0
O000088,C0008,R0005,2026-02-14,Saturday,22,500,Pizza,4.0,36,3,1,Friends,0
O000089,C0008,R0048,2025-12-26,Friday,10,223,Cafe,4.6,29,5,1,Routine,0
O000090,C0008,R0027,2026-03-09,Monday,19,458,Maharashtrian,4.5,48,3,0,Late Night,1
O000091,C0008,R0019,2026-08-20,Thursday,8,424,Biryani,4.1,34,4,1,Routine,1
O000092,C0008,R0122,2025-09-24,Wednesday,9,257,North Indian,4.0,35,4,1,Routine,1
O000093,C0008,R0081,2026-02-04,Wednesday,9,211,Pizza,4.1,42,5,1,Routine,0
O000094,C0008,R0103,2026-08-20,Thursday,20,248,Italian,4.9,32,5,1,Date Night,1
O000095,C0008,R0044,2026-03-15,Sunday,13,436,Thai,4.2,17,3,1,Friends,0
O000096,C0008,R0056,2025-11-11,Tuesday,20,369,Biryani,3.8,49,3,1,Work Lunch,0
O000097,C0008,R0036,2025-11-05,Wednesday,14,630,Biryani,3.9,40,4,1,Movie Night,0
O000098,C0008,R0019,2026-06-28,Sunday,17,551,Biryani,4.1,34,5,1,Friends,1
O000099,C0008,R0027,2026-08-10,Monday,9,426,Maharashtrian,4.5,48,4,1,Family,1
O000100,C0008,R0108,2026-01-03,Saturday,20,290,North Indian,4.5,36,3,1,Work Lunch,0
O000101,C0008,R0103,2026-05-10,Sunday,13,335,Italian,4.9,32,5,1,Routine,1
O000102,C0008,R0072,2026-05-07,Thursday,12,240,Cafe,4.4,19,4,1,Routine,0
O000103,C0008,R0066,2026-01-31,Saturday,22,1326,Pizza,4.3,30,3,1,Routine,1
O000104,C0008,R0122,2026-06-14,Sunday,12,201,North Indian,4.0,35,4,1,Friends,1
O000105,C0009,R0019,2025-12-16,Tuesday,22,416,Biryani,4.1,34,5,0,Routine,0
O000106,C0009,R0074,2026-05-13,Wednesday,8,306,Cafe,4.6,27,4,1,Routine,0
O000107,C0009,R0066,2026-08-11,Tuesday,12,1058,Pizza,4.3,30,4,1,Work Lunch,1
O000108,C0009,R0056,2026-03-18,Wednesday,12,493,Biryani,3.8,49,3,1,Work Lunch,0
O000109,C0009,R0066,2026-02-23,Monday,12,853,Pizza,4.3,30,3,1,Date Night,1
O000110,C0009,R0122,2026-05-30,Saturday,19,216,North Indian,4.0,35,5,1,Movie Night,0
O000111,C0010,R0023,2026-02-08,Sunday,22,785,Cafe,4.1,21,5,0,Work Lunch,0
O000112,C0010,R0076,2025-11-19,Wednesday,19,552,Healthy,3.8,19,5,0,Routine,0
O000113,C0010,R0034,2025-11-07,Friday,12,447,Burgers,4.8,40,4,1,Movie Night,0
O000114,C0010,R0055,2026-03-18,Wednesday,18,1061,Biryani,3.6,31,4,1,Movie Night,0
O000115,C0010,R0065,2026-05-22,Friday,12,732,Healthy,4.8,37,4,0,Date Night,0
O000116,C0010,R0135,2025-12-07,Sunday,9,890,Desserts,4.2,31,4,1,Routine,0
O000117,C0010,R0001,2025-11-25,Tuesday,21,286,South Indian,3.9,38,5,0,Routine,0
O000118,C0010,R0113,2026-06-24,Wednesday,21,416,Healthy,4.2,42,4,0,Routine,1
O000119,C0010,R0113,2026-04-26,Sunday,9,605,Healthy,4.2,42,4,0,Date Night,1
O000120,C0011,R0102,2026-01-03,Saturday,8,766,Cafe,3.7,34,5,0,Movie Night,0
O000121,C0011,R0127,2025-12-06,Saturday,13,255,Pizza,4.4,34,3,1,Routine,0
O000122,C0011,R0054,2026-08-06,Thursday,19,452,Chinese,3.6,34,4,0,Work Lunch,1
O000123,C0011,R0015,2026-01-15,Thursday,9,353,Healthy,4.3,15,4,0,Late Night,0
O000124,C0011,R0098,2025-10-15,Wednesday,14,742,Burgers,4.1,33,4,0,Work Lunch,0
O000125,C0011,R0106,2025-11-18,Tuesday,17,269,Healthy,4.3,46,4,0,Family,1
O000126,C0011,R0095,2026-05-20,Wednesday,14,565,North Indian,3.8,25,4,0,Routine,0
O000127,C0011,R0026,2026-01-19,Monday,14,770,Healthy,4.0,38,4,0,Routine,1
O000128,C0011,R0084,2026-07-31,Friday,17,608,Desserts,4.1,32,3,0,Friends,0
O000129,C0011,R0039,2026-04-06,Monday,12,635,Biryani,3.7,28,4,0,Routine,0
O000130,C0011,R0062,2026-03-27,Friday,10,339,Maharashtrian,3.7,23,5,0,Family,0
O000131,C0011,R0097,2026-05-31,Sunday,20,401,Chinese,4.9,24,4,1,Work Lunch,0
O000132,C0011,R0106,2026-04-11,Saturday,9,356,Healthy,4.3,46,5,0,Friends,1
O000133,C0011,R0026,2026-07-29,Wednesday,12,605,Healthy,4.0,38,4,1,Late Night,1
O000134,C0011,R0054,2025-12-23,Tuesday,9,557,Chinese,3.6,34,4,0,Routine,1
O000135,C0011,R0026,2025-09-20,Saturday,20,515,Healthy,4.0,38,5,1,Routine,1
O000136,C0011,R0026,2025-10-05,Sunday,19,568,Healthy,4.0,38,5,0,Routine,1
O000137,C0011,R0106,2025-12-26,Friday,20,305,Healthy,4.3,46,5,0,Friends,1
O000138,C0012,R0135,2026-03-28,Saturday,17,767,Desserts,4.2,31,3,1,Work Lunch,0
O000139,C0012,R0116,2025-12-23,Tuesday,22,377,Maharashtrian,4.2,35,4,1,Movie Night,1
O000140,C0012,R0011,2026-08-22,Saturday,13,264,Chinese,4.0,36,3,1,Work Lunch,1
O000141,C0012,R0137,2025-11-28,Friday,23,414,Chinese,4.3,35,4,1,Routine,0
O000142,C0012,R0101,2026-07-25,Saturday,13,278,Chinese,4.2,27,4,0,Friends,0
O000143,C0012,R0113,2026-01-27,Tuesday,22,532,Healthy,4.2,42,4,1,Routine,1
O000144,C0012,R0059,2025-12-05,Friday,19,468,Cafe,4.4,33,5,1,Movie Night,0
O000145,C0012,R0142,2026-07-17,Friday,18,710,South Indian,4.4,36,5,1,Friends,0
O000146,C0012,R0116,2026-08-20,Thursday,12,287,Maharashtrian,4.2,35,5,1,Routine,1
O000147,C0012,R0011,2026-08-16,Sunday,9,404,Chinese,4.0,36,3,1,Routine,1
O000148,C0012,R0063,2026-02-19,Thursday,18,348,Pizza,4.2,32,3,0,Routine,0
O000149,C0012,R0145,2025-09-08,Monday,21,914,South Indian,4.5,28,4,1,Work Lunch,0
O000150,C0012,R0003,2026-02-20,Friday,8,187,Chinese,4.0,24,4,1,Routine,0
O000151,C0012,R0149,2026-01-15,Thursday,9,305,North Indian,4.7,34,5,1,Routine,0
O000152,C0012,R0113,2025-09-06,Saturday,20,565,Healthy,4.2,42,4,0,Work Lunch,1
O000153,C0012,R0100,2026-05-02,Saturday,20,205,Chinese,4.4,29,4,1,Routine,0
O000154,C0012,R0053,2026-01-06,Tuesday,18,272,Cafe,4.4,26,3,1,Routine,0
O000155,C0013,R0021,2025-09-10,Wednesday,20,873,Thai,4.1,34,4,1,Friends,0
O000156,C0013,R0025,2026-01-28,Wednesday,12,840,Cafe,4.1,35,4,1,Family,0
O000157,C0013,R0020,2025-11-26,Wednesday,23,836,Biryani,4.2,28,3,0,Routine,0
O000158,C0013,R0049,2025-10-20,Monday,9,289,Desserts,4.6,22,5,1,Routine,1
O000159,C0013,R0138,2026-02-20,Friday,18,744,North Indian,4.6,22,4,0,Work Lunch,0
O000160,C0013,R0049,2026-02-28,Saturday,19,413,Desserts,4.6,22,4,1,Routine,1
O000161,C0014,R0043,2026-05-09,Saturday,13,284,Pizza,4.3,15,3,1,Work Lunch,1
O000162,C0014,R0021,2025-09-08,Monday,14,605,Thai,4.1,34,4,1,Routine,1
O000163,C0014,R0043,2026-02-19,Thursday,19,361,Pizza,4.3,15,5,1,Date Night,1
O000164,C0014,R0092,2026-07-04,Saturday,18,963,South Indian,4.5,15,4,1,Routine,0
O000165,C0014,R0049,2026-08-19,Wednesday,19,350,Desserts,4.6,22,4,1,Friends,1
O000166,C0014,R0080,2025-09-12,Friday,10,487,South Indian,4.7,27,3,1,Late Night,0
O000167,C0014,R0079,2025-12-23,Tuesday,21,338,Chinese,4.1,36,3,1,Late Night,1
O000168,C0014,R0141,2026-03-03,Tuesday,18,707,Burgers,4.2,26,3,1,Routine,0
O000169,C0014,R0143,2026-06-24,Wednesday,22,302,Desserts,4.0,25,2,1,Friends,0
O000170,C0014,R0090,2026-04-10,Friday,14,914,Maharashtrian,4.5,33,5,1,Routine,0
O000171,C0014,R0079,2025-10-17,Friday,12,381,Chinese,4.1,36,4,1,Late Night,1
O000172,C0014,R0021,2026-03-14,Saturday,21,591,Thai,4.1,34,4,1,Routine,1
O000173,C0014,R0147,2026-01-20,Tuesday,21,372,Biryani,3.9,17,4,1,Friends,0
O000174,C0014,R0021,2026-04-20,Monday,19,715,Thai,4.1,34,4,1,Routine,1
O000175,C0014,R0049,2026-08-15,Saturday,14,325,Desserts,4.6,22,4,0,Movie Night,1
O000176,C0015,R0057,2026-03-21,Saturday,20,224,Maharashtrian,4.6,32,5,1,Work Lunch,1
O000177,C0015,R0101,2026-01-21,Wednesday,13,428,Chinese,4.2,27,4,1,Routine,1
O000178,C0015,R0029,2026-06-25,Thursday,19,950,Chinese,4.3,43,4,1,Friends,0
O000179,C0015,R0013,2026-07-12,Sunday,9,1176,South Indian,4.1,44,3,1,Work Lunch,0
O000180,C0015,R0148,2026-04-22,Wednesday,20,329,Burgers,3.8,32,5,0,Late Night,0
O000181,C0015,R0146,2026-02-26,Thursday,13,292,Chinese,3.2,28,3,0,Routine,0
O000182,C0015,R0145,2025-09-06,Saturday,18,753,South Indian,4.5,28,5,1,Late Night,0
O000183,C0015,R0101,2025-11-16,Sunday,18,327,Chinese,4.2,27,4,1,Friends,1
O000184,C0015,R0135,2026-05-27,Wednesday,13,579,Desserts,4.2,31,3,1,Friends,0
O000185,C0015,R0009,2026-08-08,Saturday,10,367,Biryani,4.4,30,3,1,Routine,0
O000186,C0015,R0057,2026-01-27,Tuesday,9,243,Maharashtrian,4.6,32,4,1,Date Night,1
O000187,C0015,R0055,2025-09-09,Tuesday,18,1058,Biryani,3.6,31,5,0,Routine,0
O000188,C0016,R0148,2026-01-24,Saturday,20,468,Burgers,3.8,32,4,1,Routine,0
O000189,C0016,R0055,2026-05-10,Sunday,13,957,Biryani,3.6,31,3,1,Routine,0
O000190,C0016,R0059,2026-03-01,Sunday,21,685,Cafe,4.4,33,4,1,Movie Night,0
O000191,C0016,R0135,2025-09-27,Saturday,13,685,Desserts,4.2,31,4,1,Routine,0
O000192,C0016,R0057,2026-01-25,Sunday,23,181,Maharashtrian,4.6,32,4,0,Movie Night,0
O000193,C0017,R0106,2026-08-08,Saturday,23,239,Healthy,4.3,46,5,0,Family,1
O000194,C0017,R0041,2025-10-16,Thursday,22,745,Biryani,4.5,30,4,1,Routine,1
O000195,C0017,R0045,2025-12-11,Thursday,17,979,Maharashtrian,4.7,38,5,1,Family,1
O000196,C0017,R0109,2025-10-13,Monday,13,984,Desserts,4.3,29,5,1,Routine,1
O000197,C0017,R0041,2026-05-02,Saturday,14,1011,Biryani,4.5,30,5,0,Routine,1
O000198,C0017,R0102,2026-08-15,Saturday,21,750,Cafe,3.7,34,3,1,Work Lunch,0
O000199,C0017,R0121,2026-03-25,Wednesday,9,397,Italian,4.8,41,3,0,Movie Night,0
O000200,C0017,R0084,2026-02-03,Tuesday,20,512,Desserts,4.1,32,4,0,Routine,0
O000201,C0017,R0097,2026-06-17,Wednesday,17,446,Chinese,4.9,24,5,0,Friends,0
O000202,C0017,R0106,2026-02-14,Saturday,23,303,Healthy,4.3,46,4,1,Family,1
O000203,C0017,R0109,2026-08-17,Monday,23,897,Desserts,4.3,29,4,0,Routine,1
O000204,C0017,R0045,2025-11-10,Monday,17,937,Maharashtrian,4.7,38,3,0,Family,1
O000205,C0017,R0002,2026-02-03,Tuesday,13,176,Maharashtrian,4.4,29,5,1,Routine,0
O000206,C0017,R0045,2026-06-19,Friday,21,926,Maharashtrian,4.7,38,5,0,Work Lunch,1
O000207,C0017,R0095,2025-12-04,Thursday,17,560,North Indian,3.8,25,4,0,Date Night,0
O000208,C0017,R0054,2026-04-13,Monday,9,522,Chinese,3.6,34,3,1,Routine,0
O000209,C0017,R0098,2026-04-16,Thursday,22,687,Burgers,4.1,33,5,0,Routine,0
O000210,C0017,R0041,2026-08-18,Tuesday,22,895,Biryani,4.5,30,4,1,Work Lunch,1
O000211,C0018,R0112,2026-03-02,Monday,17,266,Thai,4.2,34,4,0,Work Lunch,0
O000212,C0018,R0081,2026-03-31,Tuesday,18,355,Pizza,4.1,42,4,0,Routine,0
O000213,C0018,R0056,2026-06-15,Monday,8,606,Biryani,3.8,49,3,0,Late Night,0
O000214,C0018,R0122,2026-04-05,Sunday,9,287,North Indian,4.0,35,5,0,Date Night,1
O000215,C0018,R0103,2026-07-13,Monday,13,313,Italian,4.9,32,2,1,Date Night,1
O000216,C0018,R0122,2026-06-26,Friday,19,272,North Indian,4.0,35,5,1,Work Lunch,1
O000217,C0018,R0066,2026-07-16,Thursday,19,1346,Pizza,4.3,30,3,0,Movie Night,1
O000218,C0018,R0036,2026-01-30,Friday,8,864,Biryani,3.9,40,3,0,Date Night,0
O000219,C0018,R0008,2026-03-22,Sunday,10,408,Biryani,3.9,25,4,0,Work Lunch,0
O000220,C0018,R0103,2025-09-05,Friday,18,298,Italian,4.9,32,4,0,Date Night,1
O000221,C0018,R0022,2026-05-25,Monday,18,842,Biryani,3.7,38,4,0,Movie Night,0
O000222,C0018,R0040,2025-10-15,Wednesday,8,644,South Indian,4.6,27,4,0,Routine,0
O000223,C0018,R0066,2026-07-31,Friday,9,513,Pizza,4.3,30,4,1,Routine,1
O000224,C0018,R0072,2025-10-21,Tuesday,13,261,Cafe,4.4,19,4,0,Family,1
O000225,C0018,R0072,2026-08-21,Friday,14,247,Cafe,4.4,19,4,1,Movie Night,1
O000226,C0018,R0027,2025-11-03,Monday,22,424,Maharashtrian,4.5,48,4,0,Family,0
O000227,C0018,R0048,2026-05-21,Thursday,22,227,Cafe,4.6,29,4,0,Friends,0
O000228,C0019,R0070,2026-08-27,Thursday,12,323,Cafe,3.6,24,4,1,Family,1
O000229,C0019,R0067,2026-06-16,Tuesday,22,437,Cafe,3.9,32,4,1,Late Night,1
O000230,C0019,R0030,2025-11-10,Monday,12,289,Thai,4.0,38,4,1,Movie Night,1
O000231,C0019,R0070,2026-07-26,Sunday,10,177,Cafe,3.6,24,4,1,Routine,1
O000232,C0019,R0030,2026-02-08,Sunday,22,259,Thai,4.0,38,5,1,Late Night,1
O000233,C0019,R0123,2025-09-05,Friday,23,785,South Indian,3.8,37,4,1,Work Lunch,0
O000234,C0019,R0136,2026-08-20,Thursday,12,469,Chinese,3.6,45,4,0,Routine,0
O000235,C0019,R0139,2025-09-02,Tuesday,10,327,North Indian,4.4,29,4,1,Family,0
O000236,C0019,R0129,2025-11-02,Sunday,19,273,Cafe,4.6,46,5,0,Routine,0
O000237,C0019,R0104,2025-12-15,Monday,9,738,Cafe,4.3,38,4,1,Work Lunch,0
O000238,C0019,R0110,2026-05-18,Monday,18,279,Italian,4.7,33,3,1,Work Lunch,0
O000239,C0019,R0067,2025-11-03,Monday,13,414,Cafe,3.9,32,4,1,Work Lunch,1
O000240,C0019,R0105,2025-12-05,Friday,12,292,North Indian,3.8,47,4,0,Movie Night,0
O000241,C0019,R0077,2026-06-08,Monday,13,579,Maharashtrian,4.0,41,4,1,Movie Night,0
O000242,C0020,R0046,2026-08-16,Sunday,18,462,South Indian,4.4,45,4,1,Movie Night,0
O000243,C0020,R0125,2026-07-14,Tuesday,9,290,Pizza,3.8,29,4,0,Work Lunch,1
O000244,C0020,R0093,2026-07-24,Friday,8,201,Pizza,4.7,28,5,0,Routine,1
O000245,C0020,R0104,2026-08-04,Tuesday,12,543,Cafe,4.3,38,3,0,Routine,0
O000246,C0020,R0006,2026-08-26,Wednesday,19,609,Chinese,3.5,26,4,0,Routine,0
O000247,C0020,R0007,2026-05-05,Tuesday,13,777,Chinese,4.2,23,4,1,Routine,0
O000248,C0020,R0093,2025-10-23,Thursday,20,311,Pizza,4.7,28,5,0,Work Lunch,1
O000249,C0020,R0125,2026-08-09,Sunday,13,365,Pizza,3.8,29,4,1,Work Lunch,1
O000250,C0021,R0114,2026-08-25,Tuesday,23,326,Chinese,3.6,33,5,0,Routine,0
O000251,C0021,R0037,2026-04-03,Friday,17,304,Maharashtrian,4.6,45,5,0,Routine,1
O000252,C0021,R0060,2026-01-25,Sunday,18,332,Italian,4.3,43,4,0,Routine,1
O000253,C0021,R0094,2026-03-20,Friday,8,346,Italian,4.4,42,4,0,Family,0
O000254,C0021,R0068,2025-09-19,Friday,21,575,Thai,4.3,20,5,0,Friends,1
O000255,C0021,R0089,2026-08-04,Tuesday,20,481,Chinese,3.9,30,4,0,Work Lunch,1
O000256,C0021,R0083,2026-03-02,Monday,10,374,Healthy,4.3,36,4,0,Work Lunch,1
O000257,C0021,R0089,2026-04-24,Friday,13,408,Chinese,3.9,30,4,0,Routine,1
O000258,C0021,R0037,2025-11-22,Saturday,14,302,Maharashtrian,4.6,45,4,0,Family,1
O000259,C0021,R0012,2026-05-17,Sunday,12,412,Pizza,3.3,27,4,1,Routine,1
O000260,C0021,R0060,2026-08-29,Saturday,19,364,Italian,4.3,43,5,1,Work Lunch,1
O000261,C0021,R0083,2025-10-04,Saturday,10,652,Healthy,4.3,36,5,0,Friends,1
O000262,C0021,R0035,2026-03-01,Sunday,21,483,Desserts,4.6,27,4,0,Friends,0
O000263,C0021,R0060,2026-02-22,Sunday,18,331,Italian,4.3,43,4,0,Friends,1
O000264,C0021,R0068,2025-11-12,Wednesday,13,535,Thai,4.3,20,5,1,Date Night,1
O000265,C0021,R0012,2026-08-05,Wednesday,13,319,Pizza,3.3,27,3,0,Late Night,1
O000266,C0021,R0089,2025-10-06,Monday,21,342,Chinese,3.9,30,4,0,Work Lunch,1
O000267,C0022,R0139,2026-05-01,Friday,20,277,North Indian,4.4,29,5,0,Friends,0
O000268,C0022,R0007,2026-06-23,Tuesday,22,958,Chinese,4.2,23,3,0,Late Night,1
O000269,C0022,R0024,2026-08-05,Wednesday,19,651,Burgers,4.1,43,5,0,Routine,0
O000270,C0022,R0123,2026-08-25,Tuesday,14,835,South Indian,3.8,37,3,1,Family,0
O000271,C0022,R0061,2026-06-26,Friday,14,571,Burgers,4.5,34,3,0,Family,0
O000272,C0022,R0031,2026-03-27,Friday,9,459,Italian,4.2,31,4,1,Routine,0
O000273,C0022,R0007,2025-11-22,Saturday,12,770,Chinese,4.2,23,3,0,Routine,1
O000274,C0022,R0006,2025-10-26,Sunday,18,465,Chinese,3.5,26,3,1,Late Night,1
O000275,C0022,R0124,2026-05-03,Sunday,14,340,Healthy,4.4,15,4,0,Date Night,1
O000276,C0022,R0030,2026-01-01,Thursday,9,252,Thai,4.0,38,5,1,Movie Night,0
O000277,C0022,R0104,2025-11-30,Sunday,22,610,Cafe,4.3,38,3,0,Movie Night,0
O000278,C0022,R0107,2026-04-05,Sunday,9,318,Healthy,4.0,48,2,0,Routine,0
O000279,C0022,R0099,2026-01-08,Thursday,9,197,North Indian,3.8,28,4,0,Routine,1
O000280,C0022,R0006,2025-10-09,Thursday,18,549,Chinese,3.5,26,5,0,Date Night,1
O000281,C0022,R0124,2026-07-09,Thursday,21,365,Healthy,4.4,15,3,0,Movie Night,1
O000282,C0022,R0006,2025-11-30,Sunday,14,577,Chinese,3.5,26,4,0,Routine,1
O000283,C0022,R0124,2026-04-20,Monday,17,431,Healthy,4.4,15,4,1,Routine,1
O000284,C0022,R0129,2026-07-25,Saturday,20,216,Cafe,4.6,46,3,0,Family,0
O000285,C0022,R0099,2025-12-11,Thursday,13,246,North Indian,3.8,28,5,0,Work Lunch,1
O000286,C0023,R0126,2026-08-15,Saturday,13,712,Italian,4.1,21,5,0,Routine,0
O000287,C0023,R0080,2025-11-23,Sunday,17,541,South Indian,4.7,27,3,0,Date Night,0
O000288,C0023,R0079,2025-12-09,Tuesday,9,419,Chinese,4.1,36,5,0,Family,0
O000289,C0023,R0147,2026-07-21,Tuesday,21,455,Biryani,3.9,17,4,0,Routine,0
O000290,C0023,R0090,2025-09-19,Friday,23,528,Maharashtrian,4.5,33,4,0,Routine,1
O000291,C0023,R0141,2025-09-04,Thursday,14,519,Burgers,4.2,26,5,0,Date Night,1
O000292,C0023,R0025,2026-06-19,Friday,19,573,Cafe,4.1,35,3,1,Movie Night,0
O000293,C0023,R0090,2026-02-23,Monday,10,509,Maharashtrian,4.5,33,4,1,Friends,1
O000294,C0023,R0141,2026-07-27,Monday,19,495,Burgers,4.2,26,2,0,Work Lunch,1
O000295,C0024,R0107,2025-12-17,Wednesday,20,247,Healthy,4.0,48,3,1,Movie Night,1
O000296,C0024,R0007,2026-05-16,Saturday,14,1038,Chinese,4.2,23,3,1,Work Lunch,1
O000297,C0024,R0119,2026-06-15,Monday,10,306,Desserts,4.2,37,3,0,Date Night,0
O000298,C0024,R0006,2026-04-14,Tuesday,17,437,Chinese,3.5,26,3,1,Friends,1
O000299,C0024,R0107,2025-10-08,Wednesday,20,327,Healthy,4.0,48,4,1,Routine,1
O000300,C0024,R0124,2026-05-24,Sunday,13,438,Healthy,4.4,15,3,1,Routine,0
O000301,C0024,R0024,2026-05-15,Friday,12,668,Burgers,4.1,43,4,1,Routine,1
O000302,C0024,R0133,2026-06-05,Friday,14,311,Chinese,3.6,43,3,1,Routine,1
O000303,C0024,R0006,2026-01-28,Wednesday,13,475,Chinese,3.5,26,5,1,Work Lunch,1
O000304,C0024,R0133,2026-03-04,Wednesday,9,412,Chinese,3.6,43,2,1,Movie Night,1
O000305,C0024,R0077,2025-11-21,Friday,13,898,Maharashtrian,4.0,41,3,1,Routine,0
O000306,C0024,R0030,2026-06-23,Tuesday,12,269,Thai,4.0,38,5,1,Movie Night,0
O000307,C0024,R0007,2026-07-11,Saturday,19,503,Chinese,4.2,23,4,1,Routine,1
O000308,C0024,R0136,2026-07-15,Wednesday,8,464,Chinese,3.6,45,5,1,Family,0
O000309,C0024,R0006,2025-10-28,Tuesday,20,485,Chinese,3.5,26,4,1,Work Lunch,1
O000310,C0024,R0024,2026-01-14,Wednesday,21,420,Burgers,4.1,43,4,1,Routine,1
O000311,C0024,R0061,2026-02-22,Sunday,17,412,Burgers,4.5,34,4,1,Routine,0
O000312,C0024,R0107,2026-02-20,Friday,23,241,Healthy,4.0,48,4,1,Routine,1
O000313,C0024,R0104,2025-12-15,Monday,19,697,Cafe,4.3,38,5,1,Date Night,0
O000314,C0024,R0007,2026-02-17,Tuesday,23,894,Chinese,4.2,23,5,1,Friends,1
O000315,C0025,R0115,2025-10-03,Friday,12,522,Biryani,3.6,38,4,1,Work Lunch,0
O000316,C0025,R0096,2026-06-17,Wednesday,20,409,Chinese,4.1,24,4,1,Friends,0
O000317,C0025,R0098,2025-09-20,Saturday,14,373,Burgers,4.1,33,5,1,Late Night,1
O000318,C0025,R0078,2026-04-03,Friday,20,406,Biryani,3.7,15,4,1,Friends,0
O000319,C0025,R0085,2025-10-13,Monday,19,264,Desserts,3.4,26,4,1,Work Lunch,0
O000320,C0025,R0004,2025-11-07,Friday,13,232,South Indian,4.4,43,4,1,Friends,0
O000321,C0025,R0098,2025-10-25,Saturday,8,667,Burgers,4.1,33,5,1,Work Lunch,1
O000322,C0025,R0014,2025-12-26,Friday,21,577,Maharashtrian,4.1,35,4,1,Work Lunch,0
O000323,C0025,R0064,2026-05-04,Monday,13,1151,North Indian,3.9,53,3,1,Date Night,0
O000324,C0025,R0041,2025-12-27,Saturday,8,1058,Biryani,4.5,30,4,1,Late Night,0
O000325,C0026,R0119,2025-09-15,Monday,23,456,Desserts,4.2,37,4,0,Date Night,1
O000326,C0026,R0139,2025-12-11,Thursday,19,419,North Indian,4.4,29,2,1,Family,0
O000327,C0026,R0133,2026-03-15,Sunday,21,444,Chinese,3.6,43,4,0,Friends,0
O000328,C0026,R0093,2025-09-11,Thursday,19,312,Pizza,4.7,28,3,0,Work Lunch,1
O000329,C0026,R0007,2026-03-19,Thursday,23,657,Chinese,4.2,23,5,1,Work Lunch,1
O000330,C0026,R0067,2025-11-05,Wednesday,17,425,Cafe,3.9,32,3,1,Friends,0
O000331,C0026,R0125,2026-06-10,Wednesday,10,354,Pizza,3.8,29,4,0,Routine,0
O000332,C0026,R0119,2025-11-01,Saturday,20,272,Desserts,4.2,37,2,1,Late Night,1
O000333,C0026,R0093,2026-03-09,Monday,14,295,Pizza,4.7,28,5,1,Routine,1
O000334,C0026,R0007,2026-04-13,Monday,8,969,Chinese,4.2,23,4,0,Routine,1
O000335,C0026,R0077,2025-10-19,Sunday,20,845,Maharashtrian,4.0,41,3,1,Routine,0
O000336,C0027,R0111,2026-04-01,Wednesday,22,364,Desserts,3.6,21,4,1,Date Night,0
O000337,C0027,R0108,2026-06-03,Wednesday,20,256,North Indian,4.5,36,4,0,Routine,1
O000338,C0027,R0008,2025-09-09,Tuesday,22,798,Biryani,3.9,25,4,1,Routine,0
O000339,C0027,R0112,2025-10-01,Wednesday,9,299,Thai,4.2,34,3,1,Routine,0
O000340,C0027,R0048,2026-04-14,Tuesday,10,303,Cafe,4.6,29,5,0,Routine,0
O000341,C0027,R0044,2026-02-09,Monday,14,283,Thai,4.2,17,5,1,Family,0
O000342,C0027,R0066,2026-01-05,Monday,13,1153,Pizza,4.3,30,4,0,Routine,1
O000343,C0027,R0019,2026-03-24,Tuesday,18,317,Biryani,4.1,34,5,1,Friends,0
O000344,C0027,R0108,2026-08-04,Tuesday,9,265,North Indian,4.5,36,5,0,Routine,1
O000345,C0027,R0066,2026-06-07,Sunday,12,1127,Pizza,4.3,30,5,0,Work Lunch,1
O000346,C0028,R0110,2026-03-03,Tuesday,12,346,Italian,4.7,33,5,0,Work Lunch,0
O000347,C0028,R0067,2026-02-03,Tuesday,14,363,Cafe,3.9,32,2,0,Date Night,0
O000348,C0028,R0136,2026-01-29,Thursday,21,372,Chinese,3.6,45,3,0,Routine,0
O000349,C0028,R0006,2026-01-16,Friday,14,581,Chinese,3.5,26,4,1,Friends,0
O000350,C0028,R0107,2026-05-17,Sunday,9,337,Healthy,4.0,48,4,1,Routine,0
O000351,C0028,R0031,2026-03-31,Tuesday,22,446,Italian,4.2,31,5,0,Late Night,1
O000352,C0028,R0119,2026-05-08,Friday,13,315,Desserts,4.2,37,5,1,Routine,1
O000353,C0028,R0032,2025-11-11,Tuesday,19,493,Italian,4.3,34,4,1,Routine,0
O000354,C0028,R0046,2026-06-12,Friday,12,387,South Indian,4.4,45,3,0,Routine,1
O000355,C0028,R0099,2025-11-13,Thursday,8,199,North Indian,3.8,28,5,1,Late Night,1
O000356,C0028,R0133,2026-08-25,Tuesday,18,410,Chinese,3.6,43,5,0,Friends,1
O000357,C0028,R0046,2026-04-22,Wednesday,9,542,South Indian,4.4,45,4,0,Routine,1
O000358,C0028,R0031,2025-09-19,Friday,13,338,Italian,4.2,31,5,1,Routine,1
O000359,C0028,R0123,2026-03-17,Tuesday,13,940,South Indian,3.8,37,4,0,Movie Night,0
O000360,C0028,R0099,2025-10-15,Wednesday,8,273,North Indian,3.8,28,3,0,Routine,1
O000361,C0028,R0133,2026-07-11,Saturday,17,362,Chinese,3.6,43,5,0,Work Lunch,1
O000362,C0028,R0031,2026-03-16,Monday,17,468,Italian,4.2,31,4,0,Work Lunch,1
O000363,C0028,R0119,2025-12-25,Thursday,12,510,Desserts,4.2,37,3,0,Work Lunch,1
O000364,C0028,R0046,2026-08-05,Wednesday,17,269,South Indian,4.4,45,4,0,Family,1
O000365,C0028,R0031,2026-08-06,Thursday,13,461,Italian,4.2,31,4,0,Routine,1
O000366,C0029,R0043,2026-02-27,Friday,8,283,Pizza,4.3,15,5,0,Movie Night,0
O000367,C0029,R0143,2026-02-21,Saturday,13,287,Desserts,4.0,25,4,0,Date Night,0
O000368,C0029,R0126,2026-07-01,Wednesday,12,634,Italian,4.1,21,3,0,Date Night,1
O000369,C0029,R0131,2026-02-23,Monday,22,551,South Indian,4.4,28,5,0,Movie Night,1
O000370,C0029,R0025,2026-04-12,Sunday,17,714,Cafe,4.1,35,4,0,Date Night,1
O000371,C0029,R0131,2025-10-01,Wednesday,23,506,South Indian,4.4,28,5,1,Routine,1
O000372,C0029,R0020,2026-03-19,Thursday,22,631,Biryani,4.2,28,5,0,Late Night,0
O000373,C0029,R0049,2026-01-27,Tuesday,19,329,Desserts,4.6,22,4,1,Work Lunch,0
O000374,C0029,R0126,2026-06-22,Monday,22,571,Italian,4.1,21,3,0,Family,1
O000375,C0029,R0021,2026-05-25,Monday,13,794,Thai,4.1,34,4,0,Routine,0
O000376,C0029,R0141,2026-03-16,Monday,18,770,Burgers,4.2,26,5,0,Date Night,0
O000377,C0029,R0025,2026-01-01,Thursday,10,996,Cafe,4.1,35,3,1,Movie Night,1
O000378,C0030,R0140,2026-01-23,Friday,23,455,Biryani,4.5,15,2,1,Friends,0
O000379,C0030,R0042,2026-01-20,Tuesday,9,381,Chinese,4.4,21,5,1,Late Night,1
O000380,C0030,R0088,2026-06-06,Saturday,13,354,Biryani,4.1,33,4,1,Routine,1
O000381,C0030,R0042,2026-03-23,Monday,8,383,Chinese,4.4,21,4,1,Family,1
O000382,C0030,R0088,2026-03-06,Friday,13,321,Biryani,4.1,33,5,1,Friends,1
O000383,C0030,R0052,2026-08-02,Sunday,23,504,Thai,4.7,29,4,1,Date Night,1
O000384,C0030,R0091,2025-09-08,Monday,9,264,Biryani,4.0,34,3,1,Routine,1
O000385,C0030,R0042,2026-08-06,Thursday,14,378,Chinese,4.4,21,5,1,Movie Night,1
O000386,C0030,R0052,2025-12-02,Tuesday,18,481,Thai,4.7,29,5,1,Work Lunch,1
O000387,C0030,R0052,2026-04-15,Wednesday,8,333,Thai,4.7,29,4,1,Work Lunch,1
O000388,C0030,R0042,2026-03-04,Wednesday,18,255,Chinese,4.4,21,2,1,Friends,1
O000389,C0030,R0038,2026-06-13,Saturday,12,723,Chinese,4.0,29,4,1,Work Lunch,1
O000390,C0030,R0038,2026-06-25,Thursday,9,412,Chinese,4.0,29,4,1,Routine,1
O000391,C0030,R0016,2026-07-11,Saturday,19,473,Burgers,4.5,33,4,1,Routine,0
O000392,C0030,R0091,2025-10-04,Saturday,18,302,Biryani,4.0,34,5,1,Routine,1
O000393,C0030,R0038,2026-01-21,Wednesday,13,444,Chinese,4.0,29,4,1,Movie Night,1
O000394,C0030,R0038,2025-11-06,Thursday,12,574,Chinese,4.0,29,3,1,Friends,1
O000395,C0030,R0088,2025-11-16,Sunday,20,306,Biryani,4.1,33,5,1,Friends,1
O000396,C0031,R0018,2025-12-30,Tuesday,9,193,Pizza,3.5,47,5,0,Friends,1
O000397,C0031,R0114,2025-12-05,Friday,21,281,Chinese,3.6,33,5,0,Family,0
O000398,C0031,R0086,2026-04-15,Wednesday,20,197,Italian,4.4,23,3,0,Routine,1
O000399,C0031,R0060,2026-06-12,Friday,22,443,Italian,4.3,43,3,0,Routine,0
O000400,C0031,R0086,2026-01-12,Monday,13,220,Italian,4.4,23,3,1,Routine,1
O000401,C0031,R0018,2026-03-01,Sunday,19,185,Pizza,3.5,47,4,1,Friends,1
O000402,C0032,R0005,2026-07-06,Monday,12,607,Pizza,4.0,36,4,0,Routine,1
O000403,C0032,R0074,2025-10-11,Saturday,19,246,Cafe,4.6,27,5,0,Work Lunch,0
O000404,C0032,R0108,2026-05-21,Thursday,9,223,North Indian,4.5,36,5,0,Routine,1
O000405,C0032,R0022,2026-02-15,Sunday,20,596,Biryani,3.7,38,5,0,Work Lunch,1
O000406,C0032,R0022,2026-08-16,Sunday,17,929,Biryani,3.7,38,5,0,Routine,1
O000407,C0032,R0103,2026-04-08,Wednesday,13,302,Italian,4.9,32,4,0,Routine,0
O000408,C0032,R0066,2026-02-16,Monday,20,1181,Pizza,4.3,30,5,1,Date Night,0
O000409,C0032,R0005,2026-02-20,Friday,17,349,Pizza,4.0,36,5,0,Movie Night,1
O000410,C0032,R0072,2026-03-12,Thursday,18,311,Cafe,4.4,19,4,0,Late Night,0
O000411,C0032,R0040,2026-01-30,Friday,20,443,South Indian,4.6,27,5,1,Routine,1
O000412,C0032,R0040,2026-03-09,Monday,8,365,South Indian,4.6,27,5,0,Routine,1
O000413,C0032,R0081,2025-11-17,Monday,20,282,Pizza,4.1,42,4,0,Routine,0
O000414,C0032,R0108,2026-07-10,Friday,12,214,North Indian,4.5,36,4,0,Date Night,1
O000415,C0033,R0125,2026-05-21,Thursday,22,332,Pizza,3.8,29,4,1,Date Night,0
O000416,C0033,R0148,2026-05-20,Wednesday,23,361,Burgers,3.8,32,4,1,Family,0
O000417,C0033,R0080,2026-02-25,Wednesday,12,667,South Indian,4.7,27,4,1,Work Lunch,0
O000418,C0033,R0072,2026-06-27,Saturday,8,231,Cafe,4.4,19,5,1,Friends,0
O000419,C0033,R0116,2025-11-17,Monday,17,366,Maharashtrian,4.2,35,5,1,Date Night,0
O000420,C0033,R0023,2026-07-31,Friday,9,630,Cafe,4.1,21,4,1,Late Night,0
O000421,C0033,R0088,2025-12-25,Thursday,20,325,Biryani,4.1,33,4,1,Family,1
O000422,C0033,R0088,2026-06-23,Tuesday,21,391,Biryani,4.1,33,4,1,Family,1
O000423,C0033,R0016,2026-04-04,Saturday,19,537,Burgers,4.5,33,4,1,Friends,1
O000424,C0033,R0066,2026-05-30,Saturday,23,803,Pizza,4.3,30,1,1,Routine,0
O000425,C0033,R0131,2026-05-01,Friday,21,516,South Indian,4.4,28,5,1,Family,1
O000426,C0033,R0131,2026-04-15,Wednesday,14,823,South Indian,4.4,28,4,1,Routine,1
O000427,C0033,R0018,2026-06-23,Tuesday,13,247,Pizza,3.5,47,5,1,Movie Night,0
O000428,C0033,R0016,2026-02-17,Tuesday,12,428,Burgers,4.5,33,4,0,Date Night,1
O000429,C0034,R0080,2026-03-06,Friday,12,691,South Indian,4.7,27,4,1,Work Lunch,1
O000430,C0034,R0049,2025-10-31,Friday,22,263,Desserts,4.6,22,4,1,Routine,1
O000431,C0034,R0020,2026-03-30,Monday,14,844,Biryani,4.2,28,4,1,Routine,1
O000432,C0034,R0049,2026-06-15,Monday,19,291,Desserts,4.6,22,5,0,Routine,1
O000433,C0034,R0092,2026-03-06,Friday,21,972,South Indian,4.5,15,4,1,Work Lunch,1
O000434,C0034,R0092,2025-12-28,Sunday,18,1122,South Indian,4.5,15,4,1,Date Night,1
O000435,C0034,R0049,2025-12-28,Sunday,20,408,Desserts,4.6,22,3,1,Movie Night,1
O000436,C0034,R0080,2025-11-05,Wednesday,19,513,South Indian,4.7,27,4,1,Routine,1
O000437,C0034,R0147,2026-03-29,Sunday,21,442,Biryani,3.9,17,5,1,Family,0
O000438,C0034,R0049,2025-11-11,Tuesday,20,299,Desserts,4.6,22,4,1,Routine,1
O000439,C0034,R0049,2026-01-26,Monday,14,435,Desserts,4.6,22,4,1,Routine,1
O000440,C0034,R0049,2025-10-13,Monday,17,337,Desserts,4.6,22,3,0,Work Lunch,1
O000441,C0034,R0080,2025-11-16,Sunday,20,665,South Indian,4.7,27,5,1,Work Lunch,1
O000442,C0034,R0141,2025-12-12,Friday,10,555,Burgers,4.2,26,4,1,Movie Night,0
O000443,C0034,R0043,2025-09-09,Tuesday,10,315,Pizza,4.3,15,5,1,Routine,0
O000444,C0034,R0138,2026-01-14,Wednesday,23,1421,North Indian,4.6,22,4,0,Family,0
O000445,C0034,R0020,2026-04-30,Thursday,22,970,Biryani,4.2,28,5,1,Routine,1
O000446,C0035,R0141,2025-09-19,Friday,17,672,Burgers,4.2,26,4,1,Routine,0
O000447,C0035,R0025,2025-11-26,Wednesday,9,723,Cafe,4.1,35,4,0,Routine,0
O000448,C0035,R0043,2026-05-31,Sunday,17,544,Pizza,4.3,15,5,1,Movie Night,1
O000449,C0035,R0043,2026-03-02,Monday,10,321,Pizza,4.3,15,4,1,Work Lunch,1
O000450,C0035,R0049,2026-06-14,Sunday,12,266,Desserts,4.6,22,4,1,Friends,0
O000451,C0035,R0043,2025-11-01,Saturday,14,387,Pizza,4.3,15,5,1,Movie Night,1
O000452,C0035,R0080,2026-02-21,Saturday,20,648,South Indian,4.7,27,5,0,Family,0
O000453,C0036,R0035,2025-10-27,Monday,22,446,Desserts,4.6,27,5,1,Routine,1
O000454,C0036,R0037,2026-03-02,Monday,18,299,Maharashtrian,4.6,45,4,0,Movie Night,1
O000455,C0036,R0114,2026-07-21,Tuesday,18,227,Chinese,3.6,33,5,0,Date Night,1
O000456,C0036,R0037,2026-04-13,Monday,13,357,Maharashtrian,4.6,45,5,1,Date Night,1
O000457,C0036,R0018,2026-08-26,Wednesday,10,298,Pizza,3.5,47,4,0,Friends,1
O000458,C0036,R0089,2026-06-30,Tuesday,19,522,Chinese,3.9,30,4,0,Routine,1
O000459,C0036,R0068,2025-09-05,Friday,20,715,Thai,4.3,20,4,0,Family,1
O000460,C0036,R0114,2026-08-13,Thursday,21,199,Chinese,3.6,33,4,0,Work Lunch,1
O000461,C0036,R0089,2026-02-13,Friday,18,414,Chinese,3.9,30,4,0,Routine,1
O000462,C0036,R0018,2026-06-30,Tuesday,13,227,Pizza,3.5,47,3,1,Late Night,1
O000463,C0036,R0114,2025-10-21,Tuesday,12,299,Chinese,3.6,33,2,0,Routine,1
O000464,C0036,R0037,2026-02-23,Monday,8,411,Maharashtrian,4.6,45,5,1,Family,1
O000465,C0036,R0060,2026-05-28,Thursday,20,350,Italian,4.3,43,5,0,Family,0
O000466,C0036,R0068,2026-04-08,Wednesday,13,521,Thai,4.3,20,4,0,Routine,1
O000467,C0036,R0012,2026-02-12,Thursday,23,387,Pizza,3.3,27,4,1,Routine,0
O000468,C0036,R0086,2025-11-14,Friday,8,349,Italian,4.4,23,5,0,Date Night,0
O000469,C0036,R0018,2025-12-18,Thursday,17,217,Pizza,3.5,47,3,0,Family,1
O000470,C0036,R0068,2026-06-23,Tuesday,20,598,Thai,4.3,20,4,0,Routine,1
O000471,C0036,R0068,2026-02-26,Thursday,13,628,Thai,4.3,20,5,1,Routine,1
O000472,C0036,R0094,2026-01-27,Tuesday,13,417,Italian,4.4,42,4,0,Work Lunch,1
O000473,C0036,R0094,2025-12-25,Thursday,10,347,Italian,4.4,42,5,1,Routine,1
O000474,C0036,R0035,2026-01-12,Monday,20,438,Desserts,4.6,27,4,0,Date Night,1
O000475,C0036,R0068,2025-12-29,Monday,21,485,Thai,4.3,20,4,0,Routine,1
O000476,C0036,R0068,2025-10-21,Tuesday,12,652,Thai,4.3,20,3,0,Family,1
O000477,C0036,R0035,2026-05-20,Wednesday,23,510,Desserts,4.6,27,4,0,Routine,1
O000478,C0037,R0054,2026-07-05,Sunday,8,539,Chinese,3.6,34,5,0,Late Night,1
O000479,C0037,R0085,2026-06-05,Friday,19,317,Desserts,3.4,26,5,0,Date Night,1
O000480,C0037,R0106,2025-09-05,Friday,18,344,Healthy,4.3,46,3,1,Movie Night,0
O000481,C0037,R0054,2025-09-15,Monday,14,533,Chinese,3.6,34,3,0,Routine,1
O000482,C0037,R0085,2026-06-21,Sunday,17,340,Desserts,3.4,26,3,0,Friends,1
O000483,C0037,R0097,2026-05-26,Tuesday,10,330,Chinese,4.9,24,5,1,Movie Night,1
O000484,C0037,R0041,2026-01-31,Saturday,9,1288,Biryani,4.5,30,5,1,Friends,1
O000485,C0037,R0041,2025-11-02,Sunday,18,900,Biryani,4.5,30,4,0,Movie Night,1
O000486,C0037,R0121,2026-05-12,Tuesday,13,217,Italian,4.8,41,5,0,Routine,0
O000487,C0037,R0102,2025-11-11,Tuesday,13,732,Cafe,3.7,34,4,0,Friends,0
O000488,C0037,R0096,2025-10-31,Friday,14,435,Chinese,4.1,24,3,0,Date Night,1
O000489,C0037,R0097,2025-12-24,Wednesday,22,235,Chinese,4.9,24,5,1,Routine,1
O000490,C0037,R0002,2025-11-21,Friday,19,308,Maharashtrian,4.4,29,4,0,Routine,0
O000491,C0037,R0096,2026-04-22,Wednesday,21,491,Chinese,4.1,24,4,0,Friends,1
O000492,C0037,R0085,2026-08-12,Wednesday,23,339,Desserts,3.4,26,5,0,Routine,1
O000493,C0037,R0095,2026-08-20,Thursday,14,573,North Indian,3.8,25,5,0,Movie Night,0
O000494,C0037,R0054,2025-09-21,Sunday,17,766,Chinese,3.6,34,3,0,Routine,1
O000495,C0037,R0014,2026-08-29,Saturday,23,548,Maharashtrian,4.1,35,5,0,Family,0
O000496,C0037,R0026,2025-12-08,Monday,19,533,Healthy,4.0,38,3,0,Friends,0
O000497,C0038,R0057,2026-07-19,Sunday,8,282,Maharashtrian,4.6,32,3,1,Late Night,1
O000498,C0038,R0063,2026-07-20,Monday,8,308,Pizza,4.2,32,4,1,Routine,1
O000499,C0038,R0142,2026-06-29,Monday,17,797,South Indian,4.4,36,4,1,Movie Night,1
O000500,C0038,R0113,2025-12-23,Tuesday,21,507,Healthy,4.2,42,3,1,Routine,0
O000501,C0038,R0145,2026-04-30,Thursday,10,888,South Indian,4.5,28,3,0,Work Lunch,1
O000502,C0038,R0029,2025-12-06,Saturday,22,1278,Chinese,4.3,43,4,1,Work Lunch,0
O000503,C0038,R0142,2025-11-08,Saturday,12,657,South Indian,4.4,36,4,1,Friends,1
O000504,C0038,R0009,2025-10-17,Friday,19,275,Biryani,4.4,30,4,1,Movie Night,1
O000505,C0038,R0145,2025-12-20,Saturday,8,938,South Indian,4.5,28,5,0,Work Lunch,1
O000506,C0038,R0057,2026-05-11,Monday,19,260,Maharashtrian,4.6,32,4,1,Family,1
O000507,C0038,R0055,2026-08-31,Monday,10,672,Biryani,3.6,31,3,0,Routine,0
O000508,C0038,R0073,2026-08-20,Thursday,13,865,Maharashtrian,4.4,18,3,1,Family,0
O000509,C0038,R0148,2026-07-22,Wednesday,20,392,Burgers,3.8,32,4,1,Routine,0
O000510,C0038,R0009,2026-02-27,Friday,18,423,Biryani,4.4,30,4,1,Family,1
O000511,C0038,R0059,2025-12-03,Wednesday,13,560,Cafe,4.4,33,4,0,Movie Night,0
O000512,C0038,R0142,2026-01-29,Thursday,21,902,South Indian,4.4,36,5,0,Work Lunch,1
O000513,C0038,R0063,2026-07-21,Tuesday,17,313,Pizza,4.2,32,4,0,Family,1
O000514,C0039,R0025,2026-06-07,Sunday,18,857,Cafe,4.1,35,5,0,Routine,1
O000515,C0039,R0092,2025-12-23,Tuesday,9,1105,South Indian,4.5,15,4,0,Late Night,1
O000516,C0039,R0025,2026-01-27,Tuesday,17,700,Cafe,4.1,35,4,0,Late Night,1
O000517,C0039,R0126,2026-02-15,Sunday,12,508,Italian,4.1,21,5,0,Friends,1
O000518,C0039,R0092,2025-10-31,Friday,10,1163,South Indian,4.5,15,4,0,Work Lunch,1
O000519,C0039,R0131,2026-02-12,Thursday,21,629,South Indian,4.4,28,3,0,Routine,0
O000520,C0039,R0020,2026-08-24,Monday,17,1128,Biryani,4.2,28,3,1,Friends,1
O000521,C0039,R0025,2026-05-07,Thursday,23,794,Cafe,4.1,35,3,1,Movie Night,1
O000522,C0039,R0092,2026-07-06,Monday,17,1025,South Indian,4.5,15,5,1,Friends,1
O000523,C0039,R0147,2025-09-16,Tuesday,13,261,Biryani,3.9,17,3,0,Routine,1
O000524,C0039,R0080,2025-12-21,Sunday,23,541,South Indian,4.7,27,4,0,Work Lunch,1
O000525,C0039,R0080,2026-06-16,Tuesday,23,463,South Indian,4.7,27,5,1,Routine,1
O000526,C0039,R0138,2026-08-13,Thursday,14,862,North Indian,4.6,22,3,1,Work Lunch,1
O000527,C0039,R0126,2026-04-16,Thursday,17,436,Italian,4.1,21,4,1,Work Lunch,1
O000528,C0039,R0049,2025-09-29,Monday,13,385,Desserts,4.6,22,5,1,Work Lunch,0
O000529,C0039,R0080,2025-12-23,Tuesday,14,704,South Indian,4.7,27,2,1,Friends,1
O000530,C0039,R0043,2025-09-25,Thursday,13,364,Pizza,4.3,15,4,0,Work Lunch,1
O000531,C0039,R0147,2025-12-24,Wednesday,20,343,Biryani,3.9,17,3,0,Movie Night,1
O000532,C0039,R0025,2026-06-03,Wednesday,12,747,Cafe,4.1,35,4,0,Date Night,1
O000533,C0039,R0079,2025-10-28,Tuesday,20,385,Chinese,4.1,36,2,1,Family,0
O000534,C0039,R0020,2025-11-07,Friday,20,880,Biryani,4.2,28,4,1,Family,1
O000535,C0039,R0043,2025-09-12,Friday,23,294,Pizza,4.3,15,3,0,Work Lunch,1
O000536,C0039,R0141,2026-08-28,Friday,14,551,Burgers,4.2,26,5,1,Movie Night,1
O000537,C0039,R0043,2026-06-12,Friday,9,367,Pizza,4.3,15,4,0,Friends,1
O000538,C0039,R0021,2026-05-25,Monday,12,929,Thai,4.1,34,5,1,Work Lunch,1
O000539,C0039,R0090,2025-12-12,Friday,10,815,Maharashtrian,4.5,33,5,1,Movie Night,0
O000540,C0039,R0020,2026-03-23,Monday,22,815,Biryani,4.2,28,3,0,Routine,1
O000541,C0039,R0021,2025-11-23,Sunday,14,739,Thai,4.1,34,4,0,Routine,1
O000542,C0039,R0141,2025-12-21,Sunday,19,684,Burgers,4.2,26,4,1,Friends,1
O000543,C0039,R0141,2025-09-08,Monday,8,654,Burgers,4.2,26,2,0,Movie Night,1
O000544,C0039,R0143,2026-05-29,Friday,9,288,Desserts,4.0,25,3,1,Family,0
O000545,C0039,R0141,2026-05-08,Friday,8,805,Burgers,4.2,26,4,1,Routine,1
O000546,C0039,R0138,2026-02-03,Tuesday,8,1108,North Indian,4.6,22,5,0,Routine,1
O000547,C0039,R0020,2026-08-20,Thursday,12,694,Biryani,4.2,28,5,1,Routine,1
O000548,C0039,R0141,2025-11-04,Tuesday,23,686,Burgers,4.2,26,5,0,Work Lunch,1
O000549,C0040,R0080,2026-03-26,Thursday,10,389,South Indian,4.7,27,5,1,Date Night,0
O000550,C0040,R0141,2026-01-18,Sunday,9,704,Burgers,4.2,26,4,0,Routine,1
O000551,C0040,R0141,2026-05-18,Monday,22,789,Burgers,4.2,26,3,1,Friends,1
O000552,C0040,R0090,2026-04-02,Thursday,8,748,Maharashtrian,4.5,33,3,0,Routine,0
O000553,C0040,R0147,2026-06-06,Saturday,20,304,Biryani,3.9,17,5,0,Movie Night,1
O000554,C0040,R0043,2025-10-20,Monday,22,483,Pizza,4.3,15,4,1,Family,1
O000555,C0040,R0079,2026-03-21,Saturday,12,417,Chinese,4.1,36,5,0,Movie Night,1
O000556,C0040,R0147,2026-02-08,Sunday,23,444,Biryani,3.9,17,2,1,Routine,1
O000557,C0040,R0147,2026-05-22,Friday,22,354,Biryani,3.9,17,5,0,Routine,1
O000558,C0040,R0131,2026-01-20,Tuesday,18,577,South Indian,4.4,28,5,0,Routine,0
O000559,C0040,R0147,2026-01-15,Thursday,21,312,Biryani,3.9,17,5,0,Family,1
O000560,C0040,R0020,2026-03-13,Friday,13,886,Biryani,4.2,28,3,0,Work Lunch,1
O000561,C0040,R0147,2025-12-24,Wednesday,17,292,Biryani,3.9,17,3,1,Family,1
O000562,C0040,R0049,2026-05-07,Thursday,13,477,Desserts,4.6,22,5,0,Movie Night,1
O000563,C0040,R0021,2026-06-02,Tuesday,19,626,Thai,4.1,34,4,0,Routine,0
O000564,C0040,R0043,2025-09-10,Wednesday,18,368,Pizza,4.3,15,4,1,Friends,1
O000565,C0040,R0079,2026-03-11,Wednesday,23,440,Chinese,4.1,36,3,1,Family,1
O000566,C0040,R0043,2025-10-27,Monday,18,411,Pizza,4.3,15,3,1,Routine,1
O000567,C0040,R0049,2025-09-14,Sunday,17,333,Desserts,4.6,22,5,0,Date Night,1
O000568,C0040,R0020,2026-04-18,Saturday,14,763,Biryani,4.2,28,4,1,Work Lunch,1
O000569,C0040,R0049,2025-10-27,Monday,21,255,Desserts,4.6,22,4,0,Routine,1
O000570,C0041,R0096,2025-11-14,Friday,23,408,Chinese,4.1,24,4,0,Friends,1
O000571,C0041,R0127,2025-10-14,Tuesday,9,249,Pizza,4.4,34,3,0,Family,1
O000572,C0041,R0002,2025-12-17,Wednesday,18,226,Maharashtrian,4.4,29,4,1,Family,0
O000573,C0041,R0039,2025-10-14,Tuesday,10,793,Biryani,3.7,28,4,0,Work Lunch,0
O000574,C0041,R0127,2026-05-02,Saturday,19,301,Pizza,4.4,34,4,1,Friends,1
O000575,C0041,R0026,2026-06-19,Friday,23,640,Healthy,4.0,38,3,0,Routine,0
O000576,C0041,R0015,2026-05-12,Tuesday,13,281,Healthy,4.3,15,5,1,Work Lunch,0
O000577,C0041,R0096,2026-02-21,Saturday,10,477,Chinese,4.1,24,5,1,Routine,1
O000578,C0041,R0117,2026-08-20,Thursday,20,382,Italian,3.9,43,4,0,Family,0
O000579,C0041,R0084,2025-09-04,Thursday,13,681,Desserts,4.1,32,4,1,Friends,0
O000580,C0041,R0130,2026-06-16,Tuesday,23,333,South Indian,4.1,26,2,0,Work Lunch,0
O000581,C0042,R0010,2026-05-15,Friday,14,281,Desserts,3.5,15,4,1,Late Night,0
O000582,C0042,R0075,2025-12-31,Wednesday,14,340,South Indian,4.2,43,5,1,Work Lunch,0
O000583,C0042,R0009,2026-05-07,Thursday,19,444,Biryani,4.4,30,4,1,Family,1
O000584,C0042,R0011,2025-10-13,Monday,9,392,Chinese,4.0,36,3,1,Work Lunch,0
O000585,C0042,R0029,2025-10-11,Saturday,17,1152,Chinese,4.3,43,4,0,Routine,0
O000586,C0042,R0065,2025-09-08,Monday,10,742,Healthy,4.8,37,3,0,Family,0
O000587,C0042,R0059,2025-11-03,Monday,10,494,Cafe,4.4,33,2,0,Routine,1
O000588,C0042,R0134,2025-10-30,Thursday,8,957,Maharashtrian,4.3,28,3,1,Movie Night,1
O000589,C0042,R0118,2026-05-13,Wednesday,10,678,Chinese,4.6,37,5,1,Friends,0
O000590,C0042,R0059,2026-05-28,Thursday,18,657,Cafe,4.4,33,3,1,Routine,1
O000591,C0042,R0055,2026-06-09,Tuesday,17,786,Biryani,3.6,31,4,1,Work Lunch,0
O000592,C0042,R0053,2026-01-31,Saturday,9,350,Cafe,4.4,26,5,1,Work Lunch,0
O000593,C0042,R0120,2026-01-30,Friday,22,398,Biryani,4.0,39,5,0,Late Night,0
O000594,C0042,R0009,2026-08-14,Friday,13,304,Biryani,4.4,30,4,1,Family,1
O000595,C0042,R0001,2026-07-13,Monday,14,216,South Indian,3.9,38,5,0,Family,0
O000596,C0042,R0134,2025-11-25,Tuesday,10,709,Maharashtrian,4.3,28,3,1,Routine,1
O000597,C0043,R0041,2026-08-18,Tuesday,12,874,Biryani,4.5,30,3,1,Date Night,0
O000598,C0043,R0064,2026-03-11,Wednesday,19,1136,North Indian,3.9,53,4,1,Family,0
O000599,C0043,R0028,2026-05-01,Friday,18,505,South Indian,4.2,38,4,1,Routine,1
O000600,C0043,R0026,2026-02-18,Wednesday,22,582,Healthy,4.0,38,3,1,Friends,1
O000601,C0043,R0004,2025-11-10,Monday,10,245,South Indian,4.4,43,4,1,Family,1
O000602,C0043,R0097,2026-05-02,Saturday,8,411,Chinese,4.9,24,5,1,Routine,0
O000603,C0043,R0039,2025-12-02,Tuesday,10,632,Biryani,3.7,28,3,1,Work Lunch,0
O000604,C0043,R0004,2025-09-04,Thursday,13,248,South Indian,4.4,43,5,1,Friends,1
O000605,C0043,R0028,2025-12-13,Saturday,22,449,South Indian,4.2,38,5,1,Routine,1
O000606,C0043,R0106,2026-04-24,Friday,14,316,Healthy,4.3,46,4,1,Routine,0
O000607,C0043,R0115,2026-07-18,Saturday,18,660,Biryani,3.6,38,4,0,Family,0
O000608,C0043,R0084,2025-10-06,Monday,14,606,Desserts,4.1,32,4,0,Friends,0
O000609,C0043,R0062,2025-12-26,Friday,14,159,Maharashtrian,3.7,23,3,1,Friends,0
O000610,C0043,R0130,2025-12-09,Tuesday,13,320,South Indian,4.1,26,5,1,Routine,0
O000611,C0043,R0026,2026-04-08,Wednesday,20,667,Healthy,4.0,38,5,0,Friends,1
O000612,C0044,R0127,2026-03-09,Monday,20,320,Pizza,4.4,34,5,1,Date Night,0
O000613,C0044,R0095,2026-01-10,Saturday,19,429,North Indian,3.8,25,4,1,Family,1
O000614,C0044,R0041,2026-08-05,Wednesday,12,959,Biryani,4.5,30,4,0,Routine,0
O000615,C0044,R0014,2025-11-19,Wednesday,9,861,Maharashtrian,4.1,35,5,0,Friends,0
O000616,C0044,R0109,2026-01-23,Friday,10,1215,Desserts,4.3,29,3,1,Routine,1
O000617,C0044,R0054,2025-10-24,Friday,10,594,Chinese,3.6,34,4,0,Date Night,0
O000618,C0044,R0095,2026-06-29,Monday,21,427,North Indian,3.8,25,3,1,Date Night,1
O000619,C0044,R0064,2026-02-18,Wednesday,20,880,North Indian,3.9,53,3,0,Date Night,0
O000620,C0044,R0026,2026-07-02,Thursday,20,465,Healthy,4.0,38,4,1,Routine,1
O000621,C0044,R0085,2026-07-14,Tuesday,21,279,Desserts,3.4,26,5,1,Movie Night,0
O000622,C0044,R0004,2025-12-18,Thursday,10,308,South Indian,4.4,43,3,1,Routine,0
O000623,C0044,R0062,2025-12-29,Monday,12,325,Maharashtrian,3.7,23,5,1,Routine,1
O000624,C0044,R0078,2026-07-13,Monday,10,283,Biryani,3.7,15,4,0,Routine,1
O000625,C0044,R0062,2026-05-03,Sunday,8,335,Maharashtrian,3.7,23,3,1,Routine,1
O000626,C0044,R0098,2025-09-28,Sunday,10,793,Burgers,4.1,33,4,1,Family,1
O000627,C0044,R0109,2026-04-15,Wednesday,17,1306,Desserts,4.3,29,2,0,Friends,1
O000628,C0044,R0098,2026-02-16,Monday,13,592,Burgers,4.1,33,5,0,Family,1
O000629,C0044,R0002,2025-11-01,Saturday,12,315,Maharashtrian,4.4,29,3,1,Family,0
O000630,C0044,R0026,2026-03-14,Saturday,23,544,Healthy,4.0,38,3,0,Work Lunch,1
O000631,C0044,R0078,2026-05-02,Saturday,14,399,Biryani,3.7,15,4,1,Routine,1
O000632,C0044,R0121,2026-05-27,Wednesday,14,284,Italian,4.8,41,4,0,Family,0
O000633,C0044,R0109,2026-07-08,Wednesday,12,1072,Desserts,4.3,29,4,0,Late Night,1
O000634,C0045,R0088,2026-07-23,Thursday,13,309,Biryani,4.1,33,2,0,Friends,1
O000635,C0045,R0088,2026-04-13,Monday,19,254,Biryani,4.1,33,5,1,Work Lunch,1
O000636,C0045,R0016,2026-08-23,Sunday,23,389,Burgers,4.5,33,4,0,Routine,1
O000637,C0045,R0071,2025-11-02,Sunday,19,302,South Indian,4.1,48,4,1,Movie Night,1
O000638,C0045,R0016,2026-08-01,Saturday,14,483,Burgers,4.5,33,4,1,Routine,1
O000639,C0045,R0052,2026-03-08,Sunday,18,333,Thai,4.7,29,5,1,Date Night,1
O000640,C0045,R0016,2026-02-26,Thursday,22,433,Burgers,4.5,33,5,0,Work Lunch,1
O000641,C0045,R0038,2026-07-14,Tuesday,19,533,Chinese,4.0,29,5,1,Movie Night,1
O000642,C0045,R0050,2025-12-08,Monday,17,755,Biryani,4.0,26,4,0,Work Lunch,1
O000643,C0045,R0050,2025-09-07,Sunday,12,672,Biryani,4.0,26,4,0,Work Lunch,1
O000644,C0045,R0071,2026-05-29,Friday,12,297,South Indian,4.1,48,4,0,Routine,1
O000645,C0045,R0016,2026-02-07,Saturday,14,387,Burgers,4.5,33,4,0,Routine,1
O000646,C0045,R0052,2026-03-09,Monday,13,482,Thai,4.7,29,4,0,Family,1
O000647,C0045,R0038,2025-09-08,Monday,20,747,Chinese,4.0,29,4,1,Routine,1
O000648,C0045,R0071,2026-07-30,Thursday,13,327,South Indian,4.1,48,4,0,Friends,1
O000649,C0045,R0071,2026-03-24,Tuesday,8,317,South Indian,4.1,48,5,1,Late Night,1
O000650,C0045,R0052,2026-08-28,Friday,13,390,Thai,4.7,29,5,0,Routine,1
O000651,C0045,R0088,2025-10-01,Wednesday,20,410,Biryani,4.1,33,5,0,Movie Night,1
O000652,C0045,R0042,2026-05-01,Friday,20,550,Chinese,4.4,21,3,0,Friends,0
O000653,C0045,R0088,2026-05-11,Monday,10,330,Biryani,4.1,33,5,0,Work Lunch,1
O000654,C0046,R0051,2026-07-30,Thursday,23,687,Desserts,4.1,22,4,0,Family,0
O000655,C0046,R0034,2025-10-25,Saturday,8,275,Burgers,4.8,40,5,1,Work Lunch,1
O000656,C0046,R0073,2026-07-12,Sunday,22,970,Maharashtrian,4.4,18,5,1,Routine,1
O000657,C0046,R0145,2025-12-01,Monday,10,610,South Indian,4.5,28,4,0,Routine,0
O000658,C0046,R0059,2025-11-02,Sunday,8,523,Cafe,4.4,33,4,0,Work Lunch,0
O000659,C0046,R0134,2026-08-31,Monday,8,663,Maharashtrian,4.3,28,4,1,Routine,1
O000660,C0046,R0010,2026-06-07,Sunday,13,314,Desserts,3.5,15,3,1,Late Night,0
O000661,C0046,R0073,2025-12-10,Wednesday,21,981,Maharashtrian,4.4,18,4,1,Family,1
O000662,C0046,R0150,2025-09-10,Wednesday,14,587,Maharashtrian,4.0,36,3,1,Movie Night,0
O000663,C0046,R0134,2026-02-11,Wednesday,22,848,Maharashtrian,4.3,28,3,1,Routine,1
O000664,C0046,R0029,2026-06-29,Monday,22,1051,Chinese,4.3,43,4,0,Late Night,0
O000665,C0046,R0075,2026-05-24,Sunday,8,325,South Indian,4.2,43,3,0,Late Night,0
O000666,C0046,R0034,2026-03-27,Friday,17,388,Burgers,4.8,40,4,1,Movie Night,1
O000667,C0047,R0101,2026-08-10,Monday,8,332,Chinese,4.2,27,5,0,Routine,0
O000668,C0047,R0142,2026-05-16,Saturday,10,738,South Indian,4.4,36,5,0,Friends,1
O000669,C0047,R0116,2025-10-14,Tuesday,10,386,Maharashtrian,4.2,35,3,1,Work Lunch,0
O000670,C0047,R0069,2026-01-21,Wednesday,20,506,South Indian,4.4,30,3,0,Routine,0
O000671,C0047,R0137,2026-05-18,Monday,17,264,Chinese,4.3,35,3,0,Routine,1
O000672,C0047,R0146,2025-09-03,Wednesday,13,292,Chinese,3.2,28,4,0,Routine,1
O000673,C0047,R0010,2026-02-28,Saturday,9,326,Desserts,3.5,15,5,1,Routine,0
O000674,C0047,R0100,2026-06-19,Friday,22,276,Chinese,4.4,29,5,0,Routine,0
O000675,C0047,R0034,2026-04-27,Monday,9,310,Burgers,4.8,40,5,0,Routine,1
O000676,C0047,R0003,2025-10-18,Saturday,10,170,Chinese,4.0,24,4,0,Friends,0
O000677,C0047,R0118,2025-12-06,Saturday,14,707,Chinese,4.6,37,5,1,Family,0
O000678,C0047,R0142,2025-09-12,Friday,23,797,South Indian,4.4,36,3,0,Routine,1
O000679,C0047,R0011,2025-09-07,Sunday,12,207,Chinese,4.0,36,4,0,Friends,0
O000680,C0047,R0137,2026-04-25,Saturday,9,338,Chinese,4.3,35,3,0,Movie Night,1
O000681,C0047,R0142,2026-01-06,Tuesday,13,939,South Indian,4.4,36,3,1,Movie Night,1
O000682,C0047,R0146,2026-07-27,Monday,12,302,Chinese,3.2,28,5,0,Date Night,1
O000683,C0047,R0034,2025-11-08,Saturday,13,358,Burgers,4.8,40,4,0,Routine,1
O000684,C0048,R0138,2026-08-29,Saturday,13,607,North Indian,4.6,22,4,1,Routine,1
O000685,C0048,R0021,2025-11-12,Wednesday,20,704,Thai,4.1,34,5,0,Routine,0
O000686,C0048,R0043,2025-12-26,Friday,12,451,Pizza,4.3,15,3,1,Routine,1
O000687,C0048,R0049,2025-12-13,Saturday,10,240,Desserts,4.6,22,4,1,Late Night,1
O000688,C0048,R0138,2026-01-12,Monday,22,1333,North Indian,4.6,22,4,0,Work Lunch,1
O000689,C0048,R0043,2025-10-19,Sunday,18,332,Pizza,4.3,15,4,1,Work Lunch,1
O000690,C0048,R0092,2026-03-07,Saturday,14,774,South Indian,4.5,15,4,0,Date Night,0
O000691,C0048,R0049,2026-05-27,Wednesday,18,369,Desserts,4.6,22,4,0,Movie Night,1
O000692,C0049,R0125,2026-08-19,Wednesday,10,303,Pizza,3.8,29,3,1,Routine,0
O000693,C0049,R0070,2026-06-28,Sunday,17,213,Cafe,3.6,24,4,1,Routine,0
O000694,C0049,R0057,2026-06-20,Saturday,12,399,Maharashtrian,4.6,32,5,1,Late Night,0
O000695,C0049,R0071,2026-04-12,Sunday,14,223,South Indian,4.1,48,3,0,Friends,0
O000696,C0049,R0082,2026-08-17,Monday,23,205,Italian,3.6,28,4,1,Routine,0
O000697,C0049,R0030,2026-02-24,Tuesday,22,200,Thai,4.0,38,5,1,Late Night,0
O000698,C0049,R0132,2026-06-11,Thursday,22,897,Desserts,4.2,38,5,1,Date Night,0
O000699,C0049,R0097,2025-10-18,Saturday,19,273,Chinese,4.9,24,4,0,Date Night,0
O000700,C0049,R0090,2026-01-12,Monday,12,590,Maharashtrian,4.5,33,5,1,Work Lunch,0
O000701,C0049,R0018,2025-09-18,Thursday,9,282,Pizza,3.5,47,4,1,Family,0
O000702,C0049,R0087,2026-07-22,Wednesday,10,431,Cafe,4.3,36,4,1,Work Lunch,0
O000703,C0049,R0021,2026-04-29,Wednesday,20,678,Thai,4.1,34,4,1,Routine,0
O000704,C0050,R0065,2026-06-17,Wednesday,17,706,Healthy,4.8,37,4,1,Friends,0
O000705,C0050,R0074,2025-09-19,Friday,14,189,Cafe,4.6,27,5,0,Friends,0
O000706,C0050,R0057,2026-07-21,Tuesday,14,213,Maharashtrian,4.6,32,4,1,Movie Night,0
O000707,C0050,R0016,2025-09-06,Saturday,10,458,Burgers,4.5,33,3,1,Work Lunch,0
O000708,C0050,R0049,2026-02-20,Friday,14,392,Desserts,4.6,22,3,0,Friends,0
O000709,C0050,R0103,2025-10-23,Thursday,10,225,Italian,4.9,32,4,1,Movie Night,1
O000710,C0050,R0103,2026-02-05,Thursday,10,178,Italian,4.9,32,4,0,Work Lunch,1
O000711,C0050,R0046,2025-12-06,Saturday,23,300,South Indian,4.4,45,3,1,Routine,0
O000712,C0050,R0072,2026-07-14,Tuesday,18,324,Cafe,4.4,19,5,1,Family,0
O000713,C0050,R0032,2026-08-23,Sunday,17,651,Italian,4.3,34,4,1,Friends,0
O000714,C0050,R0035,2026-05-02,Saturday,12,403,Desserts,4.6,27,5,1,Routine,1
O000715,C0050,R0005,2026-03-12,Thursday,20,757,Pizza,4.0,36,4,1,Routine,0
O000716,C0050,R0135,2026-08-15,Saturday,17,632,Desserts,4.2,31,5,1,Routine,0
O000717,C0050,R0035,2025-12-30,Tuesday,23,387,Desserts,4.6,27,3,1,Late Night,1
O000718,C0050,R0037,2026-05-19,Tuesday,9,455,Maharashtrian,4.6,45,3,1,Work Lunch,0
O000719,C0051,R0103,2026-01-17,Saturday,20,364,Italian,4.9,32,4,1,Work Lunch,0
O000720,C0051,R0019,2025-09-16,Tuesday,10,454,Biryani,4.1,34,3,1,Family,1
O000721,C0051,R0040,2026-02-02,Monday,20,458,South Indian,4.6,27,2,1,Late Night,0
O000722,C0051,R0036,2026-05-28,Thursday,12,679,Biryani,3.9,40,5,1,Late Night,1
O000723,C0051,R0058,2026-06-19,Friday,23,673,North Indian,4.7,24,5,1,Routine,0
O000724,C0051,R0111,2026-08-07,Friday,14,375,Desserts,3.6,21,4,1,Date Night,1
O000725,C0051,R0008,2025-09-29,Monday,9,650,Biryani,3.9,25,3,1,Routine,1
O000726,C0051,R0008,2025-11-13,Thursday,23,764,Biryani,3.9,25,5,1,Routine,1
O000727,C0051,R0111,2026-03-23,Monday,10,280,Desserts,3.6,21,3,1,Work Lunch,1
O000728,C0051,R0022,2026-08-05,Wednesday,10,666,Biryani,3.7,38,4,0,Routine,0
O000729,C0051,R0072,2025-11-29,Saturday,13,261,Cafe,4.4,19,5,1,Routine,0
O000730,C0051,R0056,2025-12-05,Friday,12,575,Biryani,3.8,49,4,1,Movie Night,1
O000731,C0051,R0108,2026-04-13,Monday,9,230,North Indian,4.5,36,5,1,Friends,0
O000732,C0051,R0019,2025-11-19,Wednesday,21,304,Biryani,4.1,34,4,1,Family,1
O000733,C0051,R0019,2026-03-12,Thursday,8,499,Biryani,4.1,34,4,1,Work Lunch,1
O000734,C0051,R0056,2026-02-25,Wednesday,9,474,Biryani,3.8,49,4,1,Work Lunch,1
O000735,C0051,R0122,2026-08-19,Wednesday,17,353,North Indian,4.0,35,4,0,Friends,1
O000736,C0051,R0044,2026-05-01,Friday,21,343,Thai,4.2,17,4,1,Work Lunch,0
O000737,C0051,R0036,2026-04-27,Monday,22,864,Biryani,3.9,40,4,1,Routine,1
O000738,C0051,R0066,2025-10-21,Tuesday,17,1053,Pizza,4.3,30,3,1,Routine,0
O000739,C0051,R0122,2025-11-09,Sunday,17,313,North Indian,4.0,35,5,1,Date Night,1
O000740,C0052,R0019,2026-01-24,Saturday,21,468,Biryani,4.1,34,3,1,Friends,1
O000741,C0052,R0066,2026-04-07,Tuesday,20,1155,Pizza,4.3,30,4,1,Work Lunch,1
O000742,C0052,R0081,2025-10-08,Wednesday,14,285,Pizza,4.1,42,5,1,Work Lunch,0
O000743,C0052,R0056,2026-06-29,Monday,8,440,Biryani,3.8,49,4,1,Routine,0
O000744,C0052,R0103,2026-07-10,Friday,10,222,Italian,4.9,32,4,1,Date Night,1
O000745,C0052,R0066,2026-03-09,Monday,14,1205,Pizza,4.3,30,3,0,Routine,1
O000746,C0052,R0008,2025-09-02,Tuesday,20,779,Biryani,3.9,25,4,1,Family,0
O000747,C0052,R0027,2026-03-24,Tuesday,9,380,Maharashtrian,4.5,48,3,1,Friends,0
O000748,C0052,R0111,2025-11-11,Tuesday,18,457,Desserts,3.6,21,4,1,Routine,0
O000749,C0052,R0103,2025-12-19,Friday,13,313,Italian,4.9,32,4,1,Work Lunch,1
O000750,C0052,R0112,2026-02-22,Sunday,17,176,Thai,4.2,34,5,0,Friends,0
O000751,C0052,R0019,2026-04-07,Tuesday,10,377,Biryani,4.1,34,4,1,Routine,1
O000752,C0053,R0016,2026-03-19,Thursday,21,459,Burgers,4.5,33,4,0,Movie Night,1
O000753,C0053,R0052,2025-09-19,Friday,13,268,Thai,4.7,29,4,1,Late Night,1
O000754,C0053,R0050,2026-04-05,Sunday,10,811,Biryani,4.0,26,5,0,Routine,1
O000755,C0053,R0052,2026-08-17,Monday,19,546,Thai,4.7,29,3,1,Movie Night,1
O000756,C0053,R0050,2026-04-28,Tuesday,23,659,Biryani,4.0,26,5,1,Routine,1
O000757,C0053,R0042,2026-08-19,Wednesday,22,511,Chinese,4.4,21,5,0,Routine,1
O000758,C0053,R0088,2026-03-28,Saturday,23,353,Biryani,4.1,33,5,0,Date Night,1
O000759,C0053,R0071,2025-11-23,Sunday,14,209,South Indian,4.1,48,4,0,Routine,1
O000760,C0053,R0042,2026-05-19,Tuesday,17,340,Chinese,4.4,21,5,1,Friends,1
O000761,C0053,R0050,2025-09-07,Sunday,18,610,Biryani,4.0,26,5,0,Friends,1
O000762,C0053,R0088,2026-08-11,Tuesday,17,362,Biryani,4.1,33,5,1,Work Lunch,1
O000763,C0053,R0016,2025-09-29,Monday,13,363,Burgers,4.5,33,5,1,Work Lunch,1
O000764,C0053,R0038,2026-07-23,Thursday,9,418,Chinese,4.0,29,5,1,Family,0
O000765,C0053,R0016,2026-04-20,Monday,19,454,Burgers,4.5,33,4,0,Work Lunch,1
O000766,C0053,R0091,2026-05-02,Saturday,22,366,Biryani,4.0,34,4,1,Routine,1
O000767,C0053,R0091,2026-06-02,Tuesday,14,230,Biryani,4.0,34,4,1,Routine,1
O000768,C0053,R0091,2025-12-02,Tuesday,17,314,Biryani,4.0,34,4,1,Family,1
O000769,C0053,R0088,2026-03-17,Tuesday,21,375,Biryani,4.1,33,4,1,Routine,1
O000770,C0053,R0088,2025-09-05,Friday,14,340,Biryani,4.1,33,3,0,Late Night,1
O000771,C0053,R0071,2026-08-30,Sunday,20,324,South Indian,4.1,48,5,1,Routine,1
O000772,C0053,R0088,2026-05-23,Saturday,20,365,Biryani,4.1,33,3,0,Friends,1
O000773,C0054,R0052,2026-04-22,Wednesday,17,355,Thai,4.7,29,4,0,Routine,1
O000774,C0054,R0038,2026-01-24,Saturday,8,653,Chinese,4.0,29,3,1,Routine,0
O000775,C0054,R0088,2026-05-10,Sunday,18,302,Biryani,4.1,33,4,0,Work Lunch,0
O000776,C0054,R0050,2026-07-05,Sunday,21,746,Biryani,4.0,26,3,1,Work Lunch,0
O000777,C0054,R0052,2026-04-07,Tuesday,14,487,Thai,4.7,29,3,1,Friends,1
O000778,C0055,R0079,2025-09-14,Sunday,19,277,Chinese,4.1,36,4,0,Routine,1
O000779,C0055,R0079,2026-01-30,Friday,14,455,Chinese,4.1,36,4,1,Work Lunch,1
O000780,C0055,R0020,2026-04-18,Saturday,14,748,Biryani,4.2,28,3,1,Routine,1
O000781,C0055,R0079,2025-09-20,Saturday,20,387,Chinese,4.1,36,3,1,Routine,1
O000782,C0055,R0141,2025-09-20,Saturday,19,566,Burgers,4.2,26,4,1,Friends,1
O000783,C0055,R0143,2026-01-07,Wednesday,10,339,Desserts,4.0,25,5,1,Routine,0
O000784,C0055,R0126,2025-10-20,Monday,10,403,Italian,4.1,21,4,1,Friends,0
O000785,C0055,R0092,2026-07-23,Thursday,18,1026,South Indian,4.5,15,5,1,Work Lunch,0
O000786,C0055,R0020,2026-01-20,Tuesday,14,611,Biryani,4.2,28,3,0,Late Night,1
O000787,C0055,R0141,2026-08-20,Thursday,20,783,Burgers,4.2,26,4,0,Routine,1
O000788,C0055,R0020,2026-05-28,Thursday,20,902,Biryani,4.2,28,2,1,Work Lunch,1
O000789,C0055,R0147,2025-10-11,Saturday,14,373,Biryani,3.9,17,3,1,Work Lunch,0
O000790,C0056,R0044,2025-11-16,Sunday,20,315,Thai,4.2,17,3,1,Late Night,1
O000791,C0056,R0058,2026-07-25,Saturday,23,559,North Indian,4.7,24,5,1,Movie Night,1
O000792,C0056,R0072,2026-03-16,Monday,19,237,Cafe,4.4,19,5,1,Late Night,1
O000793,C0056,R0036,2025-10-12,Sunday,14,1111,Biryani,3.9,40,2,0,Late Night,1
O000794,C0056,R0111,2026-02-03,Tuesday,17,366,Desserts,3.6,21,3,1,Work Lunch,0
O000795,C0056,R0056,2025-12-05,Friday,22,442,Biryani,3.8,49,4,1,Routine,0
O000796,C0056,R0040,2026-08-02,Sunday,22,428,South Indian,4.6,27,5,1,Movie Night,1
O000797,C0056,R0008,2026-04-11,Saturday,9,705,Biryani,3.9,25,5,1,Date Night,0
O000798,C0056,R0044,2026-06-21,Sunday,13,383,Thai,4.2,17,4,1,Late Night,1
O000799,C0056,R0103,2026-07-14,Tuesday,19,261,Italian,4.9,32,3,0,Family,1
O000800,C0056,R0058,2026-01-04,Sunday,22,579,North Indian,4.7,24,4,1,Date Night,1
O000801,C0056,R0103,2026-03-12,Thursday,20,356,Italian,4.9,32,4,1,Work Lunch,1
O000802,C0056,R0048,2026-04-13,Monday,13,222,Cafe,4.6,29,4,1,Date Night,1
O000803,C0056,R0019,2025-12-06,Saturday,13,457,Biryani,4.1,34,3,1,Family,1
O000804,C0056,R0005,2025-09-25,Thursday,20,529,Pizza,4.0,36,3,1,Work Lunch,0
O000805,C0056,R0027,2025-12-03,Wednesday,21,296,Maharashtrian,4.5,48,5,1,Routine,1
O000806,C0056,R0072,2025-09-04,Thursday,17,267,Cafe,4.4,19,5,0,Routine,1
O000807,C0056,R0103,2026-04-02,Thursday,21,327,Italian,4.9,32,5,1,Routine,1
O000808,C0056,R0027,2026-01-16,Friday,18,314,Maharashtrian,4.5,48,4,1,Family,1
O000809,C0056,R0048,2026-07-24,Friday,14,169,Cafe,4.6,29,5,1,Routine,1
O000810,C0056,R0040,2025-12-26,Friday,8,563,South Indian,4.6,27,3,0,Friends,1
O000811,C0056,R0036,2025-12-24,Wednesday,9,744,Biryani,3.9,40,3,1,Family,1
O000812,C0056,R0022,2026-09-01,Tuesday,20,816,Biryani,3.7,38,5,0,Movie Night,1
O000813,C0056,R0019,2026-06-30,Tuesday,17,411,Biryani,4.1,34,4,1,Friends,1
O000814,C0056,R0022,2026-02-17,Tuesday,19,659,Biryani,3.7,38,5,1,Work Lunch,1
O000815,C0057,R0016,2026-06-14,Sunday,8,389,Burgers,4.5,33,3,0,Routine,1
O000816,C0057,R0091,2026-02-12,Thursday,14,281,Biryani,4.0,34,4,1,Movie Night,1
O000817,C0057,R0042,2025-11-18,Tuesday,18,463,Chinese,4.4,21,4,1,Movie Night,1
O000818,C0057,R0038,2026-05-15,Friday,12,645,Chinese,4.0,29,5,1,Family,1
O000819,C0057,R0050,2025-11-28,Friday,21,665,Biryani,4.0,26,5,0,Work Lunch,1
O000820,C0057,R0071,2026-03-27,Friday,8,214,South Indian,4.1,48,5,0,Friends,1
O000821,C0057,R0016,2026-06-21,Sunday,9,618,Burgers,4.5,33,3,1,Friends,1
O000822,C0057,R0042,2026-06-16,Tuesday,14,479,Chinese,4.4,21,5,0,Routine,1
O000823,C0057,R0016,2026-05-31,Sunday,14,384,Burgers,4.5,33,5,0,Routine,1
O000824,C0057,R0050,2026-02-10,Tuesday,18,794,Biryani,4.0,26,4,0,Friends,1
O000825,C0057,R0091,2025-09-17,Wednesday,10,223,Biryani,4.0,34,4,0,Friends,1
O000826,C0057,R0140,2025-11-26,Wednesday,20,408,Biryani,4.5,15,5,0,Work Lunch,1
O000827,C0057,R0071,2026-04-10,Friday,17,226,South Indian,4.1,48,5,0,Late Night,1
O000828,C0057,R0038,2025-09-13,Saturday,23,506,Chinese,4.0,29,4,0,Late Night,1
O000829,C0057,R0140,2026-06-13,Saturday,22,427,Biryani,4.5,15,4,0,Work Lunch,1
O000830,C0057,R0052,2025-12-31,Wednesday,17,461,Thai,4.7,29,4,0,Late Night,0
O000831,C0057,R0038,2025-11-08,Saturday,17,507,Chinese,4.0,29,5,1,Family,1
O000832,C0057,R0140,2025-11-04,Tuesday,9,438,Biryani,4.5,15,4,0,Work Lunch,1
O000833,C0057,R0088,2025-12-19,Friday,9,411,Biryani,4.1,33,5,0,Family,1
O000834,C0057,R0088,2025-12-02,Tuesday,10,276,Biryani,4.1,33,3,0,Date Night,1
O000835,C0057,R0088,2026-03-26,Thursday,19,482,Biryani,4.1,33,5,1,Work Lunch,1
O000836,C0057,R0038,2025-12-22,Monday,17,344,Chinese,4.0,29,4,0,Movie Night,1
O000837,C0057,R0038,2026-01-22,Thursday,14,378,Chinese,4.0,29,5,0,Date Night,1
O000838,C0057,R0088,2026-07-21,Tuesday,9,407,Biryani,4.1,33,5,0,Friends,1
O000839,C0057,R0038,2026-08-19,Wednesday,21,612,Chinese,4.0,29,3,0,Date Night,1
O000840,C0057,R0050,2026-02-11,Wednesday,19,621,Biryani,4.0,26,2,0,Family,1
O000841,C0057,R0088,2026-03-21,Saturday,12,327,Biryani,4.1,33,4,1,Movie Night,1
O000842,C0057,R0088,2026-05-13,Wednesday,23,420,Biryani,4.1,33,5,0,Work Lunch,1
O000843,C0057,R0050,2026-04-20,Monday,10,896,Biryani,4.0,26,3,0,Late Night,1
O000844,C0057,R0088,2025-12-01,Monday,17,407,Biryani,4.1,33,4,1,Routine,1
O000845,C0057,R0091,2026-06-01,Monday,14,286,Biryani,4.0,34,3,0,Date Night,1
O000846,C0057,R0071,2026-08-03,Monday,10,227,South Indian,4.1,48,4,0,Friends,1
O000847,C0058,R0058,2025-10-22,Wednesday,17,514,North Indian,4.7,24,5,0,Family,1
O000848,C0058,R0103,2026-04-04,Saturday,17,319,Italian,4.9,32,4,0,Work Lunch,1
O000849,C0058,R0108,2026-07-24,Friday,8,230,North Indian,4.5,36,4,0,Family,0
O000850,C0058,R0058,2025-11-11,Tuesday,20,554,North Indian,4.7,24,5,0,Family,1
O000851,C0058,R0040,2025-10-13,Monday,20,480,South Indian,4.6,27,3,0,Family,1
O000852,C0058,R0144,2026-03-30,Monday,8,272,Burgers,4.2,23,4,1,Routine,0
O000853,C0058,R0074,2026-01-07,Wednesday,10,272,Cafe,4.6,27,4,0,Family,1
O000854,C0058,R0048,2026-05-01,Friday,21,260,Cafe,4.6,29,3,0,Routine,0
O000855,C0058,R0040,2026-03-10,Tuesday,8,405,South Indian,4.6,27,5,0,Date Night,1
O000856,C0058,R0103,2026-08-02,Sunday,17,223,Italian,4.9,32,3,0,Family,1
O000857,C0058,R0036,2025-12-09,Tuesday,10,709,Biryani,3.9,40,2,0,Work Lunch,0
O000858,C0058,R0027,2026-01-02,Friday,10,319,Maharashtrian,4.5,48,4,0,Work Lunch,0
O000859,C0058,R0066,2026-09-01,Tuesday,12,758,Pizza,4.3,30,4,0,Routine,0
O000860,C0058,R0040,2026-01-30,Friday,9,445,South Indian,4.6,27,5,0,Movie Night,1
O000861,C0058,R0074,2025-12-16,Tuesday,20,188,Cafe,4.6,27,5,0,Work Lunch,1
O000862,C0058,R0019,2026-01-05,Monday,21,368,Biryani,4.1,34,4,0,Family,0
O000863,C0058,R0074,2026-01-03,Saturday,23,149,Cafe,4.6,27,4,0,Routine,1
O000864,C0058,R0040,2026-04-26,Sunday,19,318,South Indian,4.6,27,3,0,Friends,1
O000865,C0058,R0005,2026-07-08,Wednesday,14,401,Pizza,4.0,36,3,0,Movie Night,0
O000866,C0058,R0022,2025-11-22,Saturday,12,722,Biryani,3.7,38,3,1,Work Lunch,0
O000867,C0058,R0122,2025-10-07,Tuesday,8,279,North Indian,4.0,35,3,0,Date Night,0
O000868,C0059,R0053,2026-08-17,Monday,21,365,Cafe,4.4,26,3,0,Work Lunch,0
O000869,C0059,R0013,2026-05-26,Tuesday,18,959,South Indian,4.1,44,3,0,Movie Night,0
O000870,C0059,R0009,2025-10-08,Wednesday,23,339,Biryani,4.4,30,4,0,Work Lunch,0
O000871,C0059,R0057,2026-01-13,Tuesday,22,352,Maharashtrian,4.6,32,5,0,Family,1
O000872,C0059,R0023,2026-07-09,Thursday,21,868,Cafe,4.1,21,3,0,Late Night,1
O000873,C0059,R0023,2025-09-14,Sunday,18,790,Cafe,4.1,21,4,1,Work Lunch,1
O000874,C0059,R0134,2025-10-02,Thursday,13,641,Maharashtrian,4.3,28,5,0,Date Night,0
O000875,C0059,R0001,2025-09-22,Monday,14,298,South Indian,3.9,38,4,1,Work Lunch,0
O000876,C0059,R0087,2026-05-21,Thursday,21,656,Cafe,4.3,36,4,0,Friends,1
O000877,C0059,R0063,2026-04-09,Thursday,23,234,Pizza,4.2,32,5,0,Routine,1
O000878,C0059,R0075,2025-11-15,Saturday,13,285,South Indian,4.2,43,5,1,Date Night,0
O000879,C0059,R0087,2026-06-25,Thursday,23,667,Cafe,4.3,36,3,0,Date Night,1
O000880,C0059,R0057,2025-11-27,Thursday,14,304,Maharashtrian,4.6,32,5,1,Work Lunch,1
O000881,C0059,R0055,2026-02-22,Sunday,10,937,Biryani,3.6,31,4,1,Movie Night,0
O000882,C0059,R0120,2026-05-07,Thursday,12,639,Biryani,4.0,39,3,0,Routine,0
O000883,C0059,R0145,2026-02-17,Tuesday,21,751,South Indian,4.5,28,4,1,Friends,0
O000884,C0059,R0029,2026-04-24,Friday,22,1090,Chinese,4.3,43,4,0,Work Lunch,0
O000885,C0059,R0010,2026-01-05,Monday,23,386,Desserts,3.5,15,5,0,Routine,0
O000886,C0059,R0146,2026-01-31,Saturday,22,288,Chinese,3.2,28,4,0,Work Lunch,0
O000887,C0059,R0059,2026-04-20,Monday,22,570,Cafe,4.4,33,5,0,Routine,0
O000888,C0059,R0087,2026-01-20,Tuesday,20,588,Cafe,4.3,36,4,1,Routine,1
O000889,C0059,R0063,2025-11-12,Wednesday,10,315,Pizza,4.2,32,2,0,Family,1
O000890,C0060,R0074,2025-09-15,Monday,12,236,Cafe,4.6,27,5,0,Movie Night,0
O000891,C0060,R0027,2026-06-17,Wednesday,14,394,Maharashtrian,4.5,48,4,1,Friends,0
O000892,C0060,R0048,2026-02-06,Friday,22,316,Cafe,4.6,29,4,0,Routine,0
O000893,C0060,R0008,2026-07-23,Thursday,13,498,Biryani,3.9,25,4,1,Work Lunch,0
O000894,C0060,R0108,2026-04-15,Wednesday,21,346,North Indian,4.5,36,4,0,Routine,0
O000895,C0060,R0019,2026-08-23,Sunday,10,301,Biryani,4.1,34,4,1,Routine,0
O000896,C0060,R0112,2026-01-29,Thursday,17,261,Thai,4.2,34,2,1,Routine,0
O000897,C0060,R0111,2025-12-27,Saturday,8,427,Desserts,3.6,21,4,1,Movie Night,0
O000898,C0060,R0056,2026-06-27,Saturday,13,523,Biryani,3.8,49,3,1,Routine,0
O000899,C0060,R0081,2025-09-08,Monday,13,331,Pizza,4.1,42,5,0,Work Lunch,0
O000900,C0060,R0066,2026-05-20,Wednesday,22,842,Pizza,4.3,30,4,1,Movie Night,0
O000901,C0061,R0030,2026-05-24,Sunday,17,281,Thai,4.0,38,5,0,Work Lunch,0
O000902,C0061,R0103,2025-11-28,Friday,14,361,Italian,4.9,32,4,0,Friends,0
O000903,C0061,R0127,2026-06-29,Monday,19,398,Pizza,4.4,34,4,0,Routine,0
O000904,C0061,R0042,2026-03-12,Thursday,17,239,Chinese,4.4,21,5,1,Movie Night,0
O000905,C0061,R0079,2026-05-08,Friday,21,257,Chinese,4.1,36,4,0,Routine,0
O000906,C0061,R0146,2026-05-28,Thursday,18,241,Chinese,3.2,28,4,1,Routine,0
O000907,C0061,R0055,2026-03-15,Sunday,8,1067,Biryani,3.6,31,5,0,Friends,0
O000908,C0061,R0093,2025-10-05,Sunday,14,260,Pizza,4.7,28,3,0,Routine,0
O000909,C0061,R0016,2025-12-16,Tuesday,12,418,Burgers,4.5,33,3,1,Routine,1
O000910,C0061,R0094,2026-07-10,Friday,23,333,Italian,4.4,42,4,0,Friends,0
O000911,C0061,R0016,2025-11-02,Sunday,21,418,Burgers,4.5,33,4,0,Routine,1
O000912,C0062,R0111,2026-05-15,Friday,18,460,Desserts,3.6,21,4,0,Family,0
O000913,C0062,R0108,2026-07-25,Saturday,8,232,North Indian,4.5,36,3,1,Movie Night,1
O000914,C0062,R0022,2026-05-28,Thursday,12,566,Biryani,3.7,38,3,1,Date Night,1
O000915,C0062,R0108,2026-03-07,Saturday,21,255,North Indian,4.5,36,4,1,Routine,1
O000916,C0062,R0058,2026-07-19,Sunday,9,574,North Indian,4.7,24,4,1,Late Night,0
O000917,C0062,R0122,2026-05-19,Tuesday,9,308,North Indian,4.0,35,4,0,Routine,1
O000918,C0062,R0022,2026-06-02,Tuesday,22,760,Biryani,3.7,38,5,1,Family,1
O000919,C0062,R0103,2025-10-12,Sunday,23,215,Italian,4.9,32,4,1,Routine,0
O000920,C0062,R0056,2026-06-19,Friday,19,519,Biryani,3.8,49,4,1,Routine,0
O000921,C0062,R0122,2026-01-11,Sunday,23,232,North Indian,4.0,35,4,1,Friends,1
O000922,C0062,R0048,2026-08-21,Friday,21,171,Cafe,4.6,29,3,1,Movie Night,0
O000923,C0063,R0105,2025-12-27,Saturday,22,413,North Indian,3.8,47,5,1,Friends,0
O000924,C0063,R0133,2025-12-01,Monday,8,443,Chinese,3.6,43,5,0,Late Night,0
O000925,C0063,R0032,2026-01-16,Friday,19,330,Italian,4.3,34,3,1,Routine,0
O000926,C0063,R0031,2025-12-08,Monday,22,549,Italian,4.2,31,2,1,Movie Night,0
O000927,C0063,R0110,2025-10-04,Saturday,10,379,Italian,4.7,33,4,0,Family,0
O000928,C0064,R0054,2025-10-03,Friday,12,579,Chinese,3.6,34,5,0,Routine,0
O000929,C0064,R0017,2026-06-28,Sunday,23,459,Chinese,4.4,65,3,0,Family,0
O000930,C0064,R0121,2026-04-27,Monday,9,342,Italian,4.8,41,5,1,Family,1
O000931,C0064,R0084,2025-09-28,Sunday,14,467,Desserts,4.1,32,3,1,Date Night,0
O000932,C0064,R0121,2025-10-09,Thursday,12,392,Italian,4.8,41,4,1,Work Lunch,1
O000933,C0064,R0097,2026-04-16,Thursday,9,290,Chinese,4.9,24,5,1,Work Lunch,1
O000934,C0064,R0106,2025-10-23,Thursday,19,295,Healthy,4.3,46,4,0,Family,1
O000935,C0064,R0117,2026-07-05,Sunday,18,524,Italian,3.9,43,4,1,Routine,1
O000936,C0064,R0102,2025-09-06,Saturday,20,954,Cafe,3.7,34,4,0,Work Lunch,1
O000937,C0064,R0064,2025-10-29,Wednesday,22,1372,North Indian,3.9,53,4,0,Movie Night,1
O000938,C0064,R0095,2026-07-28,Tuesday,12,550,North Indian,3.8,25,4,0,Family,0
O000939,C0064,R0117,2026-07-24,Friday,20,579,Italian,3.9,43,5,0,Date Night,1
O000940,C0064,R0062,2025-09-02,Tuesday,13,316,Maharashtrian,3.7,23,2,0,Date Night,0
O000941,C0064,R0064,2026-07-06,Monday,13,1297,North Indian,3.9,53,4,0,Work Lunch,1
O000942,C0064,R0015,2025-12-01,Monday,14,291,Healthy,4.3,15,3,1,Family,0
O000943,C0064,R0121,2026-05-23,Saturday,13,281,Italian,4.8,41,5,0,Late Night,1
O000944,C0064,R0014,2026-02-02,Monday,13,625,Maharashtrian,4.1,35,5,0,Movie Night,1
O000945,C0064,R0102,2026-01-07,Wednesday,14,973,Cafe,3.7,34,4,1,Routine,1
O000946,C0064,R0078,2026-06-16,Tuesday,19,254,Biryani,3.7,15,5,0,Routine,1
O000947,C0064,R0078,2026-04-15,Wednesday,9,412,Biryani,3.7,15,3,0,Late Night,1
O000948,C0064,R0106,2025-12-04,Thursday,18,212,Healthy,4.3,46,3,0,Routine,1
O000949,C0064,R0014,2026-05-20,Wednesday,18,627,Maharashtrian,4.1,35,5,0,Work Lunch,1
O000950,C0064,R0097,2025-12-02,Tuesday,9,424,Chinese,4.9,24,4,1,Date Night,1
O000951,C0064,R0117,2026-08-12,Wednesday,13,456,Italian,3.9,43,3,0,Routine,1
O000952,C0064,R0117,2026-04-16,Thursday,14,345,Italian,3.9,43,3,1,Friends,1
O000953,C0064,R0026,2026-06-04,Thursday,10,460,Healthy,4.0,38,5,1,Routine,0
O000954,C0065,R0083,2025-10-27,Monday,23,857,Healthy,4.3,36,5,1,Routine,0
O000955,C0065,R0037,2026-02-06,Friday,19,397,Maharashtrian,4.6,45,4,0,Routine,0
O000956,C0065,R0060,2026-05-31,Sunday,18,350,Italian,4.3,43,3,1,Routine,1
O000957,C0065,R0068,2026-02-02,Monday,20,533,Thai,4.3,20,4,1,Routine,1
O000958,C0065,R0035,2026-08-12,Wednesday,10,421,Desserts,4.6,27,5,1,Routine,0
O000959,C0065,R0018,2025-12-09,Tuesday,23,267,Pizza,3.5,47,3,1,Work Lunch,0
O000960,C0065,R0094,2025-11-28,Friday,10,242,Italian,4.4,42,5,1,Family,0
O000961,C0065,R0060,2025-11-21,Friday,14,310,Italian,4.3,43,4,1,Late Night,1
O000962,C0065,R0060,2026-05-02,Saturday,21,271,Italian,4.3,43,5,1,Family,1
O000963,C0065,R0012,2026-04-03,Friday,23,504,Pizza,3.3,27,4,0,Friends,0
O000964,C0065,R0068,2025-12-28,Sunday,13,471,Thai,4.3,20,5,1,Work Lunch,1
O000965,C0065,R0068,2026-02-04,Wednesday,14,439,Thai,4.3,20,3,1,Routine,1
O000966,C0066,R0114,2026-02-19,Thursday,22,268,Chinese,3.6,33,5,0,Work Lunch,1
O000967,C0066,R0114,2026-02-10,Tuesday,18,223,Chinese,3.6,33,3,0,Routine,1
O000968,C0066,R0089,2026-06-17,Wednesday,17,495,Chinese,3.9,30,3,0,Date Night,1
O000969,C0066,R0089,2025-09-04,Thursday,23,272,Chinese,3.9,30,3,0,Late Night,1
O000970,C0066,R0114,2025-09-30,Tuesday,17,217,Chinese,3.6,33,4,1,Work Lunch,1
O000971,C0066,R0086,2025-11-12,Wednesday,18,326,Italian,4.4,23,5,0,Date Night,0
O000972,C0066,R0068,2025-09-11,Thursday,22,487,Thai,4.3,20,4,0,Routine,0
O000973,C0066,R0094,2026-08-06,Thursday,22,275,Italian,4.4,42,4,1,Routine,0
O000974,C0066,R0037,2026-03-12,Thursday,8,272,Maharashtrian,4.6,45,5,0,Routine,0
O000975,C0066,R0083,2026-03-16,Monday,14,602,Healthy,4.3,36,5,0,Family,0
O000976,C0067,R0005,2025-12-13,Saturday,23,482,Pizza,4.0,36,5,1,Routine,0
O000977,C0067,R0074,2026-05-17,Sunday,18,231,Cafe,4.6,27,5,1,Movie Night,0
O000978,C0067,R0058,2025-10-26,Sunday,9,442,North Indian,4.7,24,5,1,Routine,0
O000979,C0067,R0111,2026-02-15,Sunday,22,371,Desserts,3.6,21,4,1,Work Lunch,0
O000980,C0067,R0027,2026-07-02,Thursday,18,377,Maharashtrian,4.5,48,3,1,Late Night,0
O000981,C0067,R0103,2025-09-25,Thursday,23,244,Italian,4.9,32,4,1,Friends,0
O000982,C0067,R0081,2026-08-20,Thursday,22,346,Pizza,4.1,42,3,0,Work Lunch,0
O000983,C0067,R0022,2026-01-23,Friday,20,634,Biryani,3.7,38,3,0,Family,1
O000984,C0067,R0048,2025-10-02,Thursday,9,290,Cafe,4.6,29,5,1,Routine,1
O000985,C0067,R0033,2026-02-24,Tuesday,13,430,Cafe,4.2,33,4,1,Family,1
O000986,C0067,R0036,2026-04-14,Tuesday,13,738,Biryani,3.9,40,5,1,Routine,1
O000987,C0067,R0036,2025-11-09,Sunday,22,898,Biryani,3.9,40,5,1,Routine,1
O000988,C0067,R0066,2026-04-01,Wednesday,10,669,Pizza,4.3,30,5,1,Movie Night,0
O000989,C0067,R0048,2026-06-30,Tuesday,13,295,Cafe,4.6,29,3,1,Family,1
O000990,C0067,R0122,2026-06-16,Tuesday,9,221,North Indian,4.0,35,3,1,Work Lunch,0
O000991,C0067,R0022,2026-02-16,Monday,20,837,Biryani,3.7,38,4,1,Family,1
O000992,C0067,R0144,2026-08-06,Thursday,13,370,Burgers,4.2,23,4,0,Family,0
O000993,C0067,R0033,2026-01-29,Thursday,22,458,Cafe,4.2,33,4,0,Routine,1
O000994,C0068,R0080,2025-10-06,Monday,23,523,South Indian,4.7,27,3,0,Friends,1
O000995,C0068,R0020,2026-02-09,Monday,14,859,Biryani,4.2,28,3,0,Movie Night,1
O000996,C0068,R0143,2026-04-18,Saturday,22,299,Desserts,4.0,25,4,0,Movie Night,1
O000997,C0068,R0090,2025-12-05,Friday,14,960,Maharashtrian,4.5,33,5,0,Work Lunch,1
O000998,C0068,R0020,2026-04-25,Saturday,14,709,Biryani,4.2,28,4,1,Routine,1
O000999,C0068,R0138,2026-08-14,Friday,22,950,North Indian,4.6,22,4,1,Routine,1
O001000,C0068,R0090,2026-07-08,Wednesday,22,913,Maharashtrian,4.5,33,3,1,Late Night,1
O001001,C0068,R0025,2025-11-12,Wednesday,9,777,Cafe,4.1,35,5,0,Friends,0
O001002,C0068,R0049,2026-04-08,Wednesday,17,395,Desserts,4.6,22,5,0,Date Night,0
O001003,C0068,R0021,2025-09-26,Friday,19,821,Thai,4.1,34,5,0,Routine,0
O001004,C0068,R0126,2026-05-22,Friday,14,579,Italian,4.1,21,4,0,Routine,1
O001005,C0068,R0131,2026-04-13,Monday,8,593,South Indian,4.4,28,4,1,Late Night,1
O001006,C0068,R0092,2026-02-16,Monday,23,994,South Indian,4.5,15,3,0,Family,0
O001007,C0068,R0141,2026-01-24,Saturday,20,625,Burgers,4.2,26,5,0,Routine,0
O001008,C0068,R0143,2025-10-06,Monday,22,270,Desserts,4.0,25,4,0,Routine,1
O001009,C0068,R0131,2025-10-19,Sunday,19,517,South Indian,4.4,28,4,0,Date Night,1
O001010,C0068,R0020,2026-06-01,Monday,10,633,Biryani,4.2,28,4,1,Date Night,1
O001011,C0068,R0138,2025-10-16,Thursday,20,990,North Indian,4.6,22,4,1,Late Night,1
O001012,C0068,R0080,2026-07-11,Saturday,21,600,South Indian,4.7,27,3,0,Late Night,1
O001013,C0068,R0126,2025-10-09,Thursday,23,481,Italian,4.1,21,4,0,Friends,1
O001014,C0068,R0131,2026-01-21,Wednesday,18,394,South Indian,4.4,28,3,0,Work Lunch,1
O001015,C0068,R0079,2025-11-18,Tuesday,21,531,Chinese,4.1,36,4,0,Routine,0
O001016,C0069,R0135,2025-12-04,Thursday,21,654,Desserts,4.2,31,4,0,Family,0
O001017,C0069,R0146,2026-04-22,Wednesday,19,383,Chinese,3.2,28,5,0,Date Night,0
O001018,C0069,R0029,2026-04-11,Saturday,8,720,Chinese,4.3,43,5,1,Work Lunch,0
O001019,C0069,R0087,2026-01-30,Friday,8,838,Cafe,4.3,36,2,0,Friends,0
O001020,C0069,R0051,2026-03-20,Friday,8,637,Desserts,4.1,22,5,0,Routine,0
O001021,C0069,R0142,2026-02-14,Saturday,17,905,South Indian,4.4,36,5,0,Routine,1
O001022,C0069,R0001,2025-12-25,Thursday,20,238,South Indian,3.9,38,4,0,Friends,0
O001023,C0069,R0076,2026-02-16,Monday,19,495,Healthy,3.8,19,4,0,Work Lunch,0
O001024,C0069,R0055,2026-08-08,Saturday,12,728,Biryani,3.6,31,5,1,Date Night,1
O001025,C0069,R0055,2026-06-23,Tuesday,14,944,Biryani,3.6,31,2,1,Movie Night,1
O001026,C0069,R0113,2026-06-24,Wednesday,10,425,Healthy,4.2,42,4,0,Routine,0
O001027,C0069,R0142,2025-11-16,Sunday,12,808,South Indian,4.4,36,5,0,Routine,1
O001028,C0069,R0100,2025-10-23,Thursday,8,340,Chinese,4.4,29,3,0,Family,0
O001029,C0069,R0142,2025-09-22,Monday,23,897,South Indian,4.4,36,3,0,Routine,1
O001030,C0069,R0034,2026-02-27,Friday,9,280,Burgers,4.8,40,5,0,Routine,0
O001031,C0069,R0075,2026-02-10,Tuesday,12,336,South Indian,4.2,43,4,1,Friends,0
O001032,C0069,R0069,2025-12-14,Sunday,13,425,South Indian,4.4,30,5,0,Routine,0
O001033,C0070,R0104,2026-01-18,Sunday,12,615,Cafe,4.3,38,3,1,Late Night,0
O001034,C0070,R0067,2025-12-22,Monday,23,497,Cafe,3.9,32,2,0,Work Lunch,0
O001035,C0070,R0105,2025-11-11,Tuesday,18,434,North Indian,3.8,47,4,0,Routine,0
O001036,C0070,R0024,2026-03-13,Friday,8,641,Burgers,4.1,43,4,0,Work Lunch,1
O001037,C0070,R0139,2025-12-17,Wednesday,17,349,North Indian,4.4,29,3,1,Routine,0
O001038,C0070,R0077,2026-04-14,Tuesday,17,724,Maharashtrian,4.0,41,5,0,Routine,0
O001039,C0070,R0061,2026-03-15,Sunday,20,457,Burgers,4.5,34,4,0,Date Night,1
O001040,C0070,R0123,2025-10-19,Sunday,10,845,South Indian,3.8,37,5,1,Family,1
O001041,C0070,R0061,2026-06-25,Thursday,22,382,Burgers,4.5,34,4,0,Family,1
O001042,C0070,R0129,2025-11-24,Monday,23,337,Cafe,4.6,46,5,0,Routine,1
O001043,C0070,R0093,2026-05-10,Sunday,22,223,Pizza,4.7,28,3,0,Family,0
O001044,C0070,R0123,2026-02-11,Wednesday,17,968,South Indian,3.8,37,3,1,Routine,1
O001045,C0070,R0007,2025-10-18,Saturday,23,759,Chinese,4.2,23,3,0,Family,0
O001046,C0070,R0129,2026-05-04,Monday,13,330,Cafe,4.6,46,3,1,Family,1
O001047,C0070,R0123,2026-04-23,Thursday,8,797,South Indian,3.8,37,3,0,Routine,1
O001048,C0070,R0032,2026-04-05,Sunday,17,657,Italian,4.3,34,4,1,Late Night,0
O001049,C0070,R0024,2025-10-23,Thursday,14,789,Burgers,4.1,43,2,0,Work Lunch,1
O001050,C0071,R0013,2026-02-07,Saturday,9,1376,South Indian,4.1,44,4,1,Work Lunch,0
O001051,C0071,R0055,2026-08-01,Saturday,13,1081,Biryani,3.6,31,4,1,Routine,0
O001052,C0071,R0023,2026-08-27,Thursday,9,1027,Cafe,4.1,21,5,0,Friends,0
O001053,C0071,R0142,2026-03-20,Friday,18,917,South Indian,4.4,36,3,1,Routine,0
O001054,C0071,R0034,2026-01-20,Tuesday,22,463,Burgers,4.8,40,3,1,Friends,0
O001055,C0071,R0134,2026-02-14,Saturday,8,617,Maharashtrian,4.3,28,5,1,Routine,0
O001056,C0071,R0148,2026-01-07,Wednesday,10,301,Burgers,3.8,32,5,1,Family,1
O001057,C0071,R0087,2025-11-06,Thursday,19,652,Cafe,4.3,36,5,1,Routine,1
O001058,C0071,R0087,2026-08-23,Sunday,18,443,Cafe,4.3,36,3,1,Date Night,1
O001059,C0071,R0073,2025-10-03,Friday,20,959,Maharashtrian,4.4,18,2,1,Date Night,1
O001060,C0071,R0057,2026-08-06,Thursday,13,239,Maharashtrian,4.6,32,4,1,Work Lunch,0
O001061,C0071,R0073,2026-04-02,Thursday,10,792,Maharashtrian,4.4,18,4,0,Work Lunch,1
O001062,C0071,R0113,2025-11-30,Sunday,19,712,Healthy,4.2,42,5,1,Late Night,0
O001063,C0071,R0150,2026-08-10,Monday,10,679,Maharashtrian,4.0,36,5,1,Work Lunch,0
O001064,C0071,R0148,2025-10-28,Tuesday,23,429,Burgers,3.8,32,4,1,Routine,1
O001065,C0072,R0051,2026-05-14,Thursday,12,625,Desserts,4.1,22,4,1,Routine,1
O001066,C0072,R0051,2026-07-19,Sunday,14,746,Desserts,4.1,22,4,0,Movie Night,1
O001067,C0072,R0051,2026-01-15,Thursday,20,633,Desserts,4.1,22,4,0,Routine,1
O001068,C0072,R0142,2025-09-15,Monday,14,779,South Indian,4.4,36,4,1,Routine,0
O001069,C0072,R0003,2026-04-30,Thursday,8,270,Chinese,4.0,24,2,0,Friends,0
O001070,C0072,R0009,2025-11-14,Friday,17,413,Biryani,4.4,30,3,0,Routine,0
O001071,C0072,R0051,2026-03-14,Saturday,23,598,Desserts,4.1,22,4,0,Family,1
O001072,C0072,R0029,2026-05-28,Thursday,10,1163,Chinese,4.3,43,4,0,Routine,1
O001073,C0072,R0029,2025-09-09,Tuesday,14,969,Chinese,4.3,43,5,1,Movie Night,1
O001074,C0072,R0135,2025-10-19,Sunday,17,640,Desserts,4.2,31,5,0,Late Night,0
O001075,C0072,R0100,2025-10-29,Wednesday,18,246,Chinese,4.4,29,4,1,Work Lunch,1
O001076,C0072,R0001,2026-04-02,Thursday,19,339,South Indian,3.9,38,4,0,Work Lunch,1
O001077,C0072,R0069,2026-07-07,Tuesday,23,658,South Indian,4.4,30,5,0,Friends,0
O001078,C0072,R0065,2026-02-08,Sunday,18,924,Healthy,4.8,37,4,0,Work Lunch,0
O001079,C0072,R0011,2026-01-11,Sunday,10,263,Chinese,4.0,36,4,0,Routine,0
O001080,C0072,R0116,2026-06-05,Friday,14,358,Maharashtrian,4.2,35,4,0,Late Night,1
O001081,C0072,R0118,2026-08-10,Monday,22,770,Chinese,4.6,37,3,0,Routine,1
O001082,C0072,R0118,2026-05-12,Tuesday,22,573,Chinese,4.6,37,4,0,Movie Night,1
O001083,C0072,R0118,2026-06-21,Sunday,12,634,Chinese,4.6,37,3,0,Routine,1
O001084,C0072,R0001,2026-05-23,Saturday,10,296,South Indian,3.9,38,5,0,Date Night,1
O001085,C0072,R0148,2025-11-14,Friday,12,397,Burgers,3.8,32,4,0,Friends,1
O001086,C0072,R0137,2025-10-20,Monday,22,322,Chinese,4.3,35,3,0,Work Lunch,1
O001087,C0072,R0146,2026-07-13,Monday,9,413,Chinese,3.2,28,4,0,Routine,1
O001088,C0072,R0001,2026-01-08,Thursday,10,208,South Indian,3.9,38,5,0,Friends,1
O001089,C0072,R0146,2026-02-03,Tuesday,14,277,Chinese,3.2,28,4,1,Friends,1
O001090,C0072,R0137,2026-04-26,Sunday,21,390,Chinese,4.3,35,4,0,Family,1
O001091,C0072,R0137,2026-05-24,Sunday,20,394,Chinese,4.3,35,5,0,Late Night,1
O001092,C0072,R0010,2026-01-16,Friday,23,263,Desserts,3.5,15,4,0,Movie Night,0
O001093,C0072,R0118,2026-02-16,Monday,17,859,Chinese,4.6,37,5,0,Work Lunch,1
O001094,C0072,R0148,2025-11-15,Saturday,20,417,Burgers,3.8,32,4,0,Friends,1
O001095,C0072,R0116,2025-09-19,Friday,22,333,Maharashtrian,4.2,35,4,0,Movie Night,1
O001096,C0072,R0100,2026-03-18,Wednesday,21,251,Chinese,4.4,29,5,0,Routine,1
O001097,C0072,R0148,2025-12-12,Friday,10,370,Burgers,3.8,32,4,0,Routine,1
O001098,C0072,R0073,2026-07-23,Thursday,8,735,Maharashtrian,4.4,18,3,0,Movie Night,0
O001099,C0072,R0101,2026-01-01,Thursday,10,433,Chinese,4.2,27,3,0,Work Lunch,0
O001100,C0073,R0088,2025-09-07,Sunday,20,426,Biryani,4.1,33,4,0,Work Lunch,1
O001101,C0073,R0050,2026-02-25,Wednesday,12,717,Biryani,4.0,26,4,1,Friends,1
O001102,C0073,R0052,2026-06-24,Wednesday,17,519,Thai,4.7,29,4,1,Work Lunch,1
O001103,C0073,R0071,2025-12-20,Saturday,18,236,South Indian,4.1,48,4,0,Friends,1
O001104,C0073,R0042,2026-06-08,Monday,18,415,Chinese,4.4,21,5,0,Routine,1
O001105,C0073,R0091,2026-01-23,Friday,21,229,Biryani,4.0,34,4,1,Date Night,0
O001106,C0073,R0052,2026-02-21,Saturday,14,715,Thai,4.7,29,5,0,Late Night,1
O001107,C0073,R0050,2025-12-06,Saturday,13,695,Biryani,4.0,26,5,0,Routine,1
O001108,C0073,R0038,2026-05-09,Saturday,23,631,Chinese,4.0,29,3,1,Family,0
O001109,C0073,R0140,2026-08-07,Friday,9,420,Biryani,4.5,15,5,1,Friends,1
O001110,C0073,R0088,2026-02-24,Tuesday,23,392,Biryani,4.1,33,3,1,Family,1
O001111,C0073,R0042,2025-10-04,Saturday,23,476,Chinese,4.4,21,4,0,Work Lunch,1
O001112,C0073,R0042,2026-07-27,Monday,8,380,Chinese,4.4,21,3,1,Late Night,1
O001113,C0073,R0088,2025-11-05,Wednesday,9,399,Biryani,4.1,33,3,1,Routine,1
O001114,C0073,R0071,2026-04-24,Friday,9,210,South Indian,4.1,48,1,1,Routine,1
O001115,C0073,R0088,2026-09-01,Tuesday,13,279,Biryani,4.1,33,5,1,Routine,1
O001116,C0073,R0050,2026-02-26,Thursday,13,549,Biryani,4.0,26,4,1,Work Lunch,1
O001117,C0073,R0071,2026-06-12,Friday,9,259,South Indian,4.1,48,3,1,Late Night,1
O001118,C0073,R0050,2026-05-18,Monday,10,506,Biryani,4.0,26,4,0,Work Lunch,1
O001119,C0073,R0042,2026-05-21,Thursday,12,368,Chinese,4.4,21,4,1,Routine,1
O001120,C0073,R0052,2026-08-16,Sunday,12,463,Thai,4.7,29,3,1,Date Night,1
O001121,C0073,R0140,2025-12-12,Friday,22,593,Biryani,4.5,15,5,0,Date Night,1
O001122,C0073,R0042,2026-05-29,Friday,20,559,Chinese,4.4,21,5,1,Date Night,1
O001123,C0073,R0052,2026-06-17,Wednesday,19,513,Thai,4.7,29,4,1,Family,1
O001124,C0073,R0071,2026-06-01,Monday,14,268,South Indian,4.1,48,4,1,Family,1
O001125,C0074,R0079,2026-08-23,Sunday,19,416,Chinese,4.1,36,5,0,Routine,1
O001126,C0074,R0079,2025-11-22,Saturday,9,480,Chinese,4.1,36,5,0,Friends,1
O001127,C0074,R0141,2026-07-24,Friday,21,639,Burgers,4.2,26,5,0,Movie Night,1
O001128,C0074,R0049,2025-12-26,Friday,23,352,Desserts,4.6,22,5,0,Friends,1
O001129,C0074,R0020,2026-06-05,Friday,20,1076,Biryani,4.2,28,4,0,Work Lunch,1
O001130,C0074,R0141,2025-12-14,Sunday,13,608,Burgers,4.2,26,5,1,Routine,1
O001131,C0074,R0043,2026-03-26,Thursday,13,329,Pizza,4.3,15,4,0,Work Lunch,1
O001132,C0074,R0025,2026-05-27,Wednesday,17,803,Cafe,4.1,35,2,1,Movie Night,1
O001133,C0074,R0049,2026-04-29,Wednesday,14,283,Desserts,4.6,22,4,0,Routine,1
O001134,C0074,R0090,2026-02-02,Monday,8,739,Maharashtrian,4.5,33,1,0,Routine,0
O001135,C0074,R0092,2026-08-30,Sunday,19,1311,South Indian,4.5,15,4,0,Friends,1
O001136,C0074,R0020,2025-12-17,Wednesday,22,773,Biryani,4.2,28,5,0,Family,1
O001137,C0074,R0147,2025-10-06,Monday,8,415,Biryani,3.9,17,3,0,Date Night,0
O001138,C0074,R0141,2025-11-12,Wednesday,10,669,Burgers,4.2,26,3,0,Work Lunch,1
O001139,C0074,R0079,2025-11-23,Sunday,23,468,Chinese,4.1,36,4,0,Late Night,1
O001140,C0074,R0079,2026-01-04,Sunday,17,439,Chinese,4.1,36,3,0,Date Night,1
O001141,C0074,R0092,2026-07-29,Wednesday,17,572,South Indian,4.5,15,5,0,Work Lunch,1
O001142,C0074,R0131,2025-12-10,Wednesday,12,610,South Indian,4.4,28,4,0,Movie Night,0
O001143,C0074,R0025,2025-10-08,Wednesday,12,789,Cafe,4.1,35,3,0,Late Night,1
O001144,C0074,R0043,2026-01-21,Wednesday,10,338,Pizza,4.3,15,5,0,Movie Night,1
O001145,C0075,R0110,2025-11-04,Tuesday,22,343,Italian,4.7,33,5,1,Friends,0
O001146,C0075,R0124,2026-08-12,Wednesday,10,472,Healthy,4.4,15,4,1,Routine,0
O001147,C0075,R0007,2025-11-13,Thursday,21,849,Chinese,4.2,23,5,1,Routine,1
O001148,C0075,R0107,2026-02-16,Monday,8,362,Healthy,4.0,48,3,0,Friends,0
O001149,C0075,R0032,2026-05-26,Tuesday,13,680,Italian,4.3,34,4,1,Family,0
O001150,C0075,R0077,2026-07-20,Monday,20,780,Maharashtrian,4.0,41,4,1,Work Lunch,1
O001151,C0075,R0077,2026-08-06,Thursday,18,940,Maharashtrian,4.0,41,5,1,Routine,1
O001152,C0075,R0104,2025-11-04,Tuesday,19,565,Cafe,4.3,38,3,1,Date Night,1
O001153,C0075,R0077,2026-04-22,Wednesday,10,748,Maharashtrian,4.0,41,3,1,Routine,1
O001154,C0075,R0030,2026-02-23,Monday,13,252,Thai,4.0,38,5,1,Late Night,0
O001155,C0075,R0031,2025-09-22,Monday,17,398,Italian,4.2,31,5,1,Movie Night,0
O001156,C0075,R0007,2026-01-10,Saturday,9,794,Chinese,4.2,23,2,1,Friends,1
O001157,C0075,R0104,2026-04-08,Wednesday,20,584,Cafe,4.3,38,3,1,Routine,1
O001158,C0075,R0136,2026-08-31,Monday,22,401,Chinese,3.6,45,5,1,Movie Night,0
O001159,C0076,R0135,2026-05-09,Saturday,23,761,Desserts,4.2,31,3,0,Routine,0
O001160,C0076,R0073,2026-05-27,Wednesday,9,781,Maharashtrian,4.4,18,4,1,Routine,0
O001161,C0076,R0023,2026-07-07,Tuesday,20,708,Cafe,4.1,21,4,0,Movie Night,1
O001162,C0076,R0134,2026-01-03,Saturday,21,671,Maharashtrian,4.3,28,4,0,Work Lunch,1
O001163,C0076,R0118,2026-08-27,Thursday,17,645,Chinese,4.6,37,4,1,Work Lunch,1
O001164,C0076,R0034,2026-07-25,Saturday,9,417,Burgers,4.8,40,1,1,Movie Night,0
O001165,C0076,R0145,2026-01-23,Friday,22,754,South Indian,4.5,28,3,0,Friends,0
O001166,C0076,R0010,2026-01-08,Thursday,21,360,Desserts,3.5,15,5,1,Family,1
O001167,C0076,R0150,2026-04-04,Saturday,21,575,Maharashtrian,4.0,36,3,1,Movie Night,0
O001168,C0076,R0142,2026-03-03,Tuesday,9,684,South Indian,4.4,36,3,1,Routine,0
O001169,C0076,R0118,2026-05-08,Friday,12,726,Chinese,4.6,37,4,1,Family,1
O001170,C0076,R0148,2025-12-24,Wednesday,20,479,Burgers,3.8,32,5,1,Work Lunch,0
O001171,C0076,R0120,2026-01-16,Friday,9,465,Biryani,4.0,39,3,1,Late Night,0
O001172,C0076,R0023,2026-08-30,Sunday,18,955,Cafe,4.1,21,3,1,Family,1
O001173,C0076,R0063,2026-06-18,Thursday,17,338,Pizza,4.2,32,3,0,Family,0
O001174,C0076,R0010,2026-08-09,Sunday,17,467,Desserts,3.5,15,4,1,Routine,1
O001175,C0076,R0057,2025-10-27,Monday,20,282,Maharashtrian,4.6,32,3,1,Movie Night,1
O001176,C0076,R0134,2026-07-28,Tuesday,9,502,Maharashtrian,4.3,28,4,1,Family,1
O001177,C0076,R0057,2025-11-01,Saturday,23,312,Maharashtrian,4.6,32,5,1,Routine,1
O001178,C0077,R0037,2026-06-26,Friday,21,386,Maharashtrian,4.6,45,5,1,Friends,1
O001179,C0077,R0089,2026-07-08,Wednesday,17,522,Chinese,3.9,30,5,1,Date Night,1
O001180,C0077,R0114,2025-09-22,Monday,14,158,Chinese,3.6,33,3,0,Friends,0
O001181,C0077,R0037,2026-04-15,Wednesday,18,371,Maharashtrian,4.6,45,4,1,Family,1
O001182,C0077,R0037,2026-05-27,Wednesday,8,343,Maharashtrian,4.6,45,3,0,Late Night,1
O001183,C0077,R0089,2026-07-20,Monday,22,393,Chinese,3.9,30,3,1,Date Night,1
O001184,C0077,R0037,2026-08-10,Monday,8,409,Maharashtrian,4.6,45,5,0,Routine,1
O001185,C0077,R0068,2025-12-03,Wednesday,8,648,Thai,4.3,20,5,1,Friends,0
O001186,C0077,R0018,2026-02-17,Tuesday,9,225,Pizza,3.5,47,4,1,Routine,0
O001187,C0077,R0086,2026-04-01,Wednesday,23,268,Italian,4.4,23,4,0,Routine,0
O001188,C0077,R0060,2026-04-23,Thursday,13,394,Italian,4.3,43,5,0,Work Lunch,0
O001189,C0078,R0057,2026-08-17,Monday,14,251,Maharashtrian,4.6,32,3,0,Work Lunch,1
O001190,C0078,R0113,2026-01-07,Wednesday,13,583,Healthy,4.2,42,3,0,Work Lunch,0
O001191,C0078,R0001,2025-09-26,Friday,14,276,South Indian,3.9,38,3,0,Work Lunch,0
O001192,C0078,R0003,2026-07-24,Friday,13,218,Chinese,4.0,24,5,1,Date Night,1
O001193,C0078,R0142,2025-11-23,Sunday,12,996,South Indian,4.4,36,4,0,Family,0
O001194,C0078,R0116,2026-06-09,Tuesday,21,360,Maharashtrian,4.2,35,4,1,Routine,1
O001195,C0078,R0053,2026-03-26,Thursday,23,253,Cafe,4.4,26,5,1,Routine,0
O001196,C0078,R0116,2025-11-29,Saturday,18,373,Maharashtrian,4.2,35,4,0,Movie Night,1
O001197,C0078,R0135,2026-02-19,Thursday,14,623,Desserts,4.2,31,4,1,Family,0
O001198,C0078,R0057,2025-12-27,Saturday,14,278,Maharashtrian,4.6,32,4,1,Movie Night,1
O001199,C0078,R0003,2025-10-23,Thursday,22,234,Chinese,4.0,24,4,1,Routine,1
O001200,C0078,R0148,2026-03-28,Saturday,14,595,Burgers,3.8,32,5,0,Friends,0
O001201,C0078,R0059,2026-07-26,Sunday,10,527,Cafe,4.4,33,5,0,Date Night,0
O001202,C0078,R0011,2025-12-14,Sunday,13,310,Chinese,4.0,36,5,1,Movie Night,0
O001203,C0078,R0075,2026-05-08,Friday,14,390,South Indian,4.2,43,5,0,Routine,0
O001204,C0078,R0134,2026-04-14,Tuesday,14,905,Maharashtrian,4.3,28,5,0,Date Night,0
O001205,C0078,R0034,2025-11-27,Thursday,14,328,Burgers,4.8,40,4,0,Routine,0
O001206,C0079,R0149,2025-12-08,Monday,20,406,North Indian,4.7,34,4,1,Routine,0
O001207,C0079,R0118,2026-05-19,Tuesday,22,746,Chinese,4.6,37,3,0,Friends,0
O001208,C0079,R0100,2026-01-31,Saturday,23,297,Chinese,4.4,29,3,1,Family,0
O001209,C0079,R0069,2025-12-02,Tuesday,17,660,South Indian,4.4,30,4,1,Family,0
O001210,C0079,R0057,2025-10-10,Friday,12,306,Maharashtrian,4.6,32,5,0,Routine,1
O001211,C0079,R0057,2026-09-01,Tuesday,20,358,Maharashtrian,4.6,32,4,1,Movie Night,1
O001212,C0079,R0113,2026-08-07,Friday,17,561,Healthy,4.2,42,3,1,Movie Night,1
O001213,C0079,R0134,2025-11-15,Saturday,22,828,Maharashtrian,4.3,28,4,1,Routine,0
O001214,C0079,R0116,2026-03-02,Monday,17,266,Maharashtrian,4.2,35,4,0,Routine,0
O001215,C0079,R0023,2026-03-18,Wednesday,9,721,Cafe,4.1,21,3,1,Movie Night,0
O001216,C0079,R0073,2026-01-30,Friday,20,680,Maharashtrian,4.4,18,3,0,Family,1
O001217,C0079,R0135,2025-10-14,Tuesday,14,816,Desserts,4.2,31,3,1,Late Night,1
O001218,C0079,R0073,2026-04-16,Thursday,8,1036,Maharashtrian,4.4,18,2,1,Routine,1
O001219,C0079,R0076,2025-11-20,Thursday,21,508,Healthy,3.8,19,4,0,Late Night,0
O001220,C0079,R0135,2025-09-15,Monday,18,582,Desserts,4.2,31,3,0,Routine,1
O001221,C0079,R0113,2026-08-23,Sunday,12,647,Healthy,4.2,42,5,1,Routine,1
O001222,C0080,R0115,2025-12-26,Friday,18,643,Biryani,3.6,38,4,1,Friends,1
O001223,C0080,R0004,2025-12-21,Sunday,10,263,South Indian,4.4,43,5,0,Routine,1
O001224,C0080,R0002,2026-01-04,Sunday,8,210,Maharashtrian,4.4,29,4,0,Movie Night,1
O001225,C0080,R0045,2026-05-07,Thursday,18,960,Maharashtrian,4.7,38,4,1,Work Lunch,0
O001226,C0080,R0026,2026-06-11,Thursday,20,486,Healthy,4.0,38,4,0,Routine,0
O001227,C0080,R0084,2025-12-06,Saturday,19,742,Desserts,4.1,32,4,0,Family,0
O001228,C0080,R0117,2026-07-20,Monday,20,451,Italian,3.9,43,3,1,Movie Night,1
O001229,C0080,R0054,2026-03-19,Thursday,22,559,Chinese,3.6,34,3,0,Routine,0
O001230,C0080,R0115,2026-03-07,Saturday,23,890,Biryani,3.6,38,4,0,Date Night,1
O001231,C0080,R0002,2026-04-10,Friday,14,219,Maharashtrian,4.4,29,4,1,Work Lunch,1
O001232,C0080,R0028,2025-12-31,Wednesday,14,520,South Indian,4.2,38,5,0,Family,0
O001233,C0080,R0004,2025-10-11,Saturday,22,272,South Indian,4.4,43,3,0,Routine,1
O001234,C0080,R0041,2026-08-27,Thursday,12,1516,Biryani,4.5,30,3,0,Date Night,0
O001235,C0080,R0117,2026-06-25,Thursday,10,719,Italian,3.9,43,5,1,Routine,1
O001236,C0080,R0015,2026-05-19,Tuesday,22,269,Healthy,4.3,15,4,1,Work Lunch,0
O001237,C0080,R0095,2026-02-09,Monday,9,541,North Indian,3.8,25,3,1,Date Night,0
O001238,C0080,R0064,2026-07-08,Wednesday,12,1231,North Indian,3.9,53,4,0,Friends,0
O001239,C0080,R0121,2026-08-27,Thursday,21,261,Italian,4.8,41,5,0,Late Night,0
O001240,C0080,R0017,2025-12-25,Thursday,18,332,Chinese,4.4,65,4,0,Routine,0
O001241,C0080,R0039,2025-09-29,Monday,18,428,Biryani,3.7,28,5,1,Family,0
O001242,C0081,R0114,2026-05-14,Thursday,20,306,Chinese,3.6,33,5,1,Work Lunch,0
O001243,C0081,R0060,2025-11-28,Friday,8,371,Italian,4.3,43,5,0,Family,1
O001244,C0081,R0035,2026-06-15,Monday,21,403,Desserts,4.6,27,2,1,Routine,0
O001245,C0081,R0037,2026-02-26,Thursday,18,333,Maharashtrian,4.6,45,4,1,Movie Night,1
O001246,C0081,R0037,2025-11-16,Sunday,9,369,Maharashtrian,4.6,45,5,1,Friends,1
O001247,C0081,R0018,2025-10-05,Sunday,22,193,Pizza,3.5,47,5,0,Routine,0
O001248,C0081,R0083,2026-01-09,Friday,22,711,Healthy,4.3,36,3,1,Routine,0
O001249,C0081,R0060,2026-07-05,Sunday,18,370,Italian,4.3,43,3,1,Work Lunch,1
O001250,C0081,R0094,2025-11-09,Sunday,17,266,Italian,4.4,42,5,1,Routine,0
O001251,C0081,R0012,2026-04-21,Tuesday,13,339,Pizza,3.3,27,5,0,Family,0
O001252,C0082,R0072,2026-08-13,Thursday,13,224,Cafe,4.4,19,5,0,Routine,0
O001253,C0082,R0033,2026-06-20,Saturday,23,380,Cafe,4.2,33,4,1,Movie Night,0
O001254,C0082,R0027,2026-03-29,Sunday,10,435,Maharashtrian,4.5,48,5,0,Date Night,0
O001255,C0082,R0074,2026-08-16,Sunday,20,227,Cafe,4.6,27,4,1,Routine,1
O001256,C0082,R0074,2025-09-05,Friday,20,222,Cafe,4.6,27,5,0,Routine,1
O001257,C0082,R0081,2026-03-04,Wednesday,20,305,Pizza,4.1,42,3,1,Routine,0
O001258,C0082,R0058,2025-10-08,Wednesday,20,652,North Indian,4.7,24,4,0,Routine,0
O001259,C0082,R0112,2026-04-01,Wednesday,22,310,Thai,4.2,34,3,0,Routine,0
O001260,C0082,R0122,2025-12-10,Wednesday,12,265,North Indian,4.0,35,4,0,Late Night,0
O001261,C0082,R0103,2025-12-02,Tuesday,10,310,Italian,4.9,32,4,1,Routine,0
O001262,C0083,R0038,2026-05-13,Wednesday,22,514,Chinese,4.0,29,4,0,Routine,1
O001263,C0083,R0052,2025-10-17,Friday,9,548,Thai,4.7,29,4,0,Late Night,1
O001264,C0083,R0042,2026-06-22,Monday,22,444,Chinese,4.4,21,3,0,Late Night,0
O001265,C0083,R0016,2026-03-19,Thursday,23,476,Burgers,4.5,33,3,0,Work Lunch,1
O001266,C0083,R0038,2026-08-24,Monday,18,502,Chinese,4.0,29,4,0,Routine,1
O001267,C0083,R0016,2026-02-24,Tuesday,10,436,Burgers,4.5,33,5,0,Routine,1
O001268,C0083,R0071,2026-03-02,Monday,10,281,South Indian,4.1,48,5,0,Friends,0
O001269,C0083,R0050,2026-01-09,Friday,18,613,Biryani,4.0,26,5,0,Routine,0
O001270,C0083,R0016,2026-01-13,Tuesday,17,385,Burgers,4.5,33,3,1,Routine,1
O001271,C0083,R0016,2026-02-28,Saturday,21,419,Burgers,4.5,33,5,1,Friends,1
O001272,C0083,R0016,2026-02-22,Sunday,18,475,Burgers,4.5,33,4,0,Date Night,1
O001273,C0083,R0052,2026-05-28,Thursday,13,622,Thai,4.7,29,5,0,Routine,1
O001274,C0083,R0016,2026-07-09,Thursday,8,511,Burgers,4.5,33,4,1,Late Night,1
O001275,C0083,R0088,2025-10-02,Thursday,21,236,Biryani,4.1,33,3,0,Work Lunch,0
O001276,C0083,R0016,2025-11-27,Thursday,8,552,Burgers,4.5,33,2,1,Late Night,1
O001277,C0083,R0038,2026-05-30,Saturday,8,389,Chinese,4.0,29,4,1,Routine,1
O001278,C0083,R0091,2026-03-17,Tuesday,13,404,Biryani,4.0,34,3,0,Routine,0
O001279,C0084,R0071,2026-06-19,Friday,20,226,South Indian,4.1,48,3,1,Work Lunch,0
O001280,C0084,R0042,2025-10-07,Tuesday,10,369,Chinese,4.4,21,4,1,Routine,1
O001281,C0084,R0016,2026-07-16,Thursday,18,468,Burgers,4.5,33,4,1,Routine,0
O001282,C0084,R0140,2025-12-22,Monday,14,465,Biryani,4.5,15,3,1,Routine,1
O001283,C0084,R0042,2026-08-17,Monday,10,440,Chinese,4.4,21,5,1,Family,1
O001284,C0084,R0140,2026-06-22,Monday,10,379,Biryani,4.5,15,4,1,Movie Night,1
O001285,C0084,R0088,2026-08-29,Saturday,23,464,Biryani,4.1,33,4,1,Routine,1
O001286,C0084,R0088,2025-11-17,Monday,18,311,Biryani,4.1,33,3,1,Routine,1
O001287,C0084,R0042,2025-09-21,Sunday,19,462,Chinese,4.4,21,4,1,Movie Night,1
O001288,C0084,R0042,2025-11-02,Sunday,23,426,Chinese,4.4,21,5,1,Late Night,1
O001289,C0084,R0052,2026-01-29,Thursday,9,529,Thai,4.7,29,4,1,Routine,0
O001290,C0085,R0102,2025-12-03,Wednesday,20,805,Cafe,3.7,34,4,1,Family,0
O001291,C0085,R0130,2025-10-23,Thursday,18,423,South Indian,4.1,26,5,1,Routine,0
O001292,C0085,R0002,2025-11-20,Thursday,20,248,Maharashtrian,4.4,29,4,1,Movie Night,0
O001293,C0085,R0097,2026-04-22,Wednesday,21,320,Chinese,4.9,24,2,1,Family,0
O001294,C0085,R0039,2026-03-20,Friday,23,692,Biryani,3.7,28,4,1,Work Lunch,0
O001295,C0085,R0004,2025-10-31,Friday,21,248,South Indian,4.4,43,5,1,Family,0
O001296,C0085,R0062,2026-02-22,Sunday,12,276,Maharashtrian,3.7,23,5,1,Work Lunch,0
O001297,C0085,R0121,2026-01-02,Friday,18,239,Italian,4.8,41,3,0,Routine,0
O001298,C0086,R0018,2026-03-27,Friday,8,290,Pizza,3.5,47,3,0,Work Lunch,1
O001299,C0086,R0037,2026-05-05,Tuesday,23,368,Maharashtrian,4.6,45,4,0,Movie Night,1
O001300,C0086,R0018,2026-08-05,Wednesday,22,263,Pizza,3.5,47,5,0,Date Night,1
O001301,C0086,R0083,2026-07-01,Wednesday,9,735,Healthy,4.3,36,3,1,Movie Night,1
O001302,C0086,R0018,2025-10-18,Saturday,21,177,Pizza,3.5,47,4,0,Friends,1
O001303,C0086,R0060,2026-05-29,Friday,20,319,Italian,4.3,43,3,1,Family,1
O001304,C0086,R0012,2026-06-01,Monday,19,418,Pizza,3.3,27,4,0,Work Lunch,1
O001305,C0086,R0037,2026-06-08,Monday,21,298,Maharashtrian,4.6,45,4,0,Routine,1
O001306,C0086,R0083,2026-02-13,Friday,10,705,Healthy,4.3,36,4,1,Work Lunch,1
O001307,C0086,R0060,2025-12-12,Friday,13,236,Italian,4.3,43,3,0,Late Night,1
O001308,C0086,R0114,2026-04-08,Wednesday,17,258,Chinese,3.6,33,3,1,Work Lunch,0
O001309,C0086,R0094,2025-10-14,Tuesday,18,385,Italian,4.4,42,4,0,Routine,1
O001310,C0086,R0037,2025-10-25,Saturday,14,400,Maharashtrian,4.6,45,4,0,Family,1
O001311,C0086,R0012,2026-07-11,Saturday,17,519,Pizza,3.3,27,4,0,Routine,1
O001312,C0086,R0089,2026-01-27,Tuesday,23,389,Chinese,3.9,30,4,0,Friends,1
O001313,C0086,R0094,2025-09-30,Tuesday,19,299,Italian,4.4,42,4,0,Movie Night,1
O001314,C0086,R0089,2025-12-07,Sunday,9,412,Chinese,3.9,30,5,0,Routine,1
O001315,C0087,R0031,2026-06-29,Monday,22,418,Italian,4.2,31,4,0,Movie Night,1
O001316,C0087,R0030,2026-06-06,Saturday,10,229,Thai,4.0,38,3,1,Friends,0
O001317,C0087,R0139,2025-09-26,Friday,19,322,North Indian,4.4,29,4,1,Routine,0
O001318,C0087,R0129,2026-02-04,Wednesday,17,263,Cafe,4.6,46,5,1,Routine,1
O001319,C0087,R0129,2026-06-04,Thursday,8,273,Cafe,4.6,46,4,1,Movie Night,1
O001320,C0087,R0129,2026-08-18,Tuesday,17,229,Cafe,4.6,46,4,1,Friends,1
O001321,C0087,R0099,2026-05-28,Thursday,10,176,North Indian,3.8,28,5,1,Family,0
O001322,C0087,R0107,2026-08-16,Sunday,22,274,Healthy,4.0,48,5,1,Routine,0
O001323,C0087,R0104,2025-12-20,Saturday,9,599,Cafe,4.3,38,5,0,Work Lunch,0
O001324,C0087,R0007,2025-12-06,Saturday,12,600,Chinese,4.2,23,3,1,Friends,0
O001325,C0087,R0119,2025-10-09,Thursday,22,253,Desserts,4.2,37,4,1,Routine,0
O001326,C0087,R0093,2025-12-16,Tuesday,20,276,Pizza,4.7,28,4,0,Friends,1
O001327,C0087,R0110,2025-09-09,Tuesday,8,349,Italian,4.7,33,3,1,Late Night,0
O001328,C0087,R0093,2025-12-16,Tuesday,22,238,Pizza,4.7,28,5,0,Routine,1
O001329,C0087,R0093,2026-01-28,Wednesday,8,242,Pizza,4.7,28,5,1,Movie Night,1
O001330,C0087,R0031,2026-08-05,Wednesday,14,438,Italian,4.2,31,4,1,Late Night,1
O001331,C0087,R0032,2026-03-20,Friday,12,884,Italian,4.3,34,5,0,Work Lunch,0
O001332,C0088,R0048,2026-03-26,Thursday,8,258,Cafe,4.6,29,5,1,Routine,0
O001333,C0088,R0056,2026-07-05,Sunday,12,497,Biryani,3.8,49,4,0,Friends,1
O001334,C0088,R0044,2026-01-12,Monday,17,357,Thai,4.2,17,3,0,Friends,1
O001335,C0088,R0108,2026-08-31,Monday,21,211,North Indian,4.5,36,5,0,Routine,1
O001336,C0088,R0066,2026-08-02,Sunday,22,726,Pizza,4.3,30,2,0,Movie Night,1
O001337,C0088,R0066,2026-03-30,Monday,22,819,Pizza,4.3,30,5,1,Routine,1
O001338,C0088,R0111,2026-04-01,Wednesday,17,262,Desserts,3.6,21,5,0,Routine,0
O001339,C0088,R0108,2025-12-08,Monday,23,246,North Indian,4.5,36,5,0,Work Lunch,1
O001340,C0088,R0019,2026-07-06,Monday,8,520,Biryani,4.1,34,4,0,Friends,0
O001341,C0088,R0081,2026-03-23,Monday,8,474,Pizza,4.1,42,4,0,Friends,1
O001342,C0088,R0056,2026-04-19,Sunday,10,358,Biryani,3.8,49,3,0,Friends,1
O001343,C0088,R0040,2025-12-25,Thursday,9,392,South Indian,4.6,27,4,0,Friends,0
O001344,C0088,R0005,2025-10-31,Friday,10,563,Pizza,4.0,36,4,0,Movie Night,0
O001345,C0088,R0066,2026-05-10,Sunday,9,885,Pizza,4.3,30,4,0,Routine,1
O001346,C0088,R0044,2026-02-16,Monday,10,289,Thai,4.2,17,4,0,Late Night,1
O001347,C0088,R0033,2026-01-11,Sunday,21,520,Cafe,4.2,33,5,0,Friends,0
O001348,C0088,R0081,2026-08-23,Sunday,17,385,Pizza,4.1,42,4,0,Routine,1
O001349,C0088,R0103,2026-01-26,Monday,13,255,Italian,4.9,32,4,0,Movie Night,0
O001350,C0089,R0100,2026-01-13,Tuesday,9,285,Chinese,4.4,29,5,1,Date Night,0
O001351,C0089,R0135,2026-03-23,Monday,12,668,Desserts,4.2,31,5,1,Late Night,0
O001352,C0089,R0075,2026-06-13,Saturday,18,320,South Indian,4.2,43,5,1,Routine,0
O001353,C0089,R0011,2026-05-25,Monday,8,359,Chinese,4.0,36,4,1,Work Lunch,1
O001354,C0089,R0145,2025-10-27,Monday,9,798,South Indian,4.5,28,4,1,Routine,0
O001355,C0089,R0053,2026-03-19,Thursday,10,225,Cafe,4.4,26,4,1,Routine,0
O001356,C0089,R0149,2026-08-23,Sunday,23,355,North Indian,4.7,34,4,1,Routine,1
O001357,C0089,R0011,2026-04-13,Monday,20,387,Chinese,4.0,36,5,1,Work Lunch,1
O001358,C0089,R0149,2025-11-14,Friday,18,389,North Indian,4.7,34,4,0,Family,1
O001359,C0089,R0010,2025-09-23,Tuesday,21,488,Desserts,3.5,15,5,1,Late Night,0
O001360,C0089,R0034,2025-12-07,Sunday,23,300,Burgers,4.8,40,4,1,Routine,0
O001361,C0089,R0003,2026-02-11,Wednesday,8,279,Chinese,4.0,24,4,1,Family,0
O001362,C0090,R0133,2025-11-19,Wednesday,14,412,Chinese,3.6,43,3,1,Movie Night,1
O001363,C0090,R0125,2026-01-08,Thursday,10,344,Pizza,3.8,29,4,0,Work Lunch,1
O001364,C0090,R0133,2025-12-13,Saturday,21,530,Chinese,3.6,43,5,1,Routine,1
O001365,C0090,R0104,2026-03-15,Sunday,10,664,Cafe,4.3,38,3,1,Late Night,1
O001366,C0090,R0125,2026-05-18,Monday,9,255,Pizza,3.8,29,5,1,Routine,1
O001367,C0090,R0024,2026-07-20,Monday,12,696,Burgers,4.1,43,4,1,Routine,1
O001368,C0090,R0070,2026-04-14,Tuesday,8,287,Cafe,3.6,24,5,1,Movie Night,0
O001369,C0090,R0093,2025-10-07,Tuesday,12,292,Pizza,4.7,28,4,1,Family,0
O001370,C0090,R0104,2026-01-27,Tuesday,19,702,Cafe,4.3,38,4,1,Routine,1
O001371,C0090,R0136,2026-06-09,Tuesday,14,469,Chinese,3.6,45,5,1,Routine,0
O001372,C0090,R0133,2026-08-18,Tuesday,9,441,Chinese,3.6,43,5,1,Work Lunch,1
O001373,C0090,R0024,2026-06-02,Tuesday,8,890,Burgers,4.1,43,3,1,Family,1
O001374,C0091,R0046,2025-11-27,Thursday,22,421,South Indian,4.4,45,5,1,Late Night,0
O001375,C0091,R0119,2026-03-10,Tuesday,8,385,Desserts,4.2,37,2,0,Routine,0
O001376,C0091,R0024,2025-10-25,Saturday,21,747,Burgers,4.1,43,3,1,Routine,0
O001377,C0091,R0133,2026-03-16,Monday,8,418,Chinese,3.6,43,2,1,Family,0
O001378,C0091,R0032,2026-03-19,Thursday,23,487,Italian,4.3,34,5,1,Family,1
O001379,C0091,R0032,2025-12-25,Thursday,23,571,Italian,4.3,34,4,0,Friends,1
O001380,C0091,R0031,2026-06-17,Wednesday,19,448,Italian,4.2,31,5,1,Routine,0
O001381,C0092,R0081,2026-07-31,Friday,18,281,Pizza,4.1,42,5,1,Late Night,0
O001382,C0092,R0008,2026-07-29,Wednesday,17,690,Biryani,3.9,25,5,1,Routine,0
O001383,C0092,R0066,2026-07-14,Tuesday,17,865,Pizza,4.3,30,2,1,Work Lunch,0
O001384,C0092,R0036,2026-01-01,Thursday,21,599,Biryani,3.9,40,5,0,Work Lunch,1
O001385,C0092,R0122,2026-01-08,Thursday,14,333,North Indian,4.0,35,5,1,Late Night,0
O001386,C0092,R0103,2026-07-24,Friday,18,335,Italian,4.9,32,3,1,Work Lunch,0
O001387,C0092,R0144,2025-11-19,Wednesday,18,220,Burgers,4.2,23,4,1,Family,0
O001388,C0092,R0005,2026-03-05,Thursday,12,480,Pizza,4.0,36,5,1,Routine,0
O001389,C0092,R0036,2026-07-25,Saturday,22,1119,Biryani,3.9,40,3,0,Routine,1
O001390,C0092,R0022,2026-03-19,Thursday,13,633,Biryani,3.7,38,5,1,Movie Night,0
O001391,C0093,R0076,2026-03-09,Monday,22,653,Healthy,3.8,19,4,1,Routine,0
O001392,C0093,R0113,2026-02-02,Monday,10,491,Healthy,4.2,42,5,1,Routine,1
O001393,C0093,R0013,2026-03-31,Tuesday,22,1189,South Indian,4.1,44,3,0,Movie Night,1
O001394,C0093,R0113,2025-12-27,Saturday,17,634,Healthy,4.2,42,4,0,Routine,1
O001395,C0093,R0013,2026-07-19,Sunday,14,922,South Indian,4.1,44,4,1,Routine,1
O001396,C0093,R0135,2026-03-28,Saturday,17,784,Desserts,4.2,31,4,1,Movie Night,0
O001397,C0093,R0057,2026-04-25,Saturday,22,287,Maharashtrian,4.6,32,4,1,Work Lunch,1
O001398,C0093,R0120,2026-03-19,Thursday,18,451,Biryani,4.0,39,3,1,Work Lunch,1
O001399,C0093,R0001,2026-02-15,Sunday,21,235,South Indian,3.9,38,4,1,Work Lunch,0
O001400,C0093,R0065,2026-05-31,Sunday,12,763,Healthy,4.8,37,4,1,Routine,0
O001401,C0093,R0120,2026-09-01,Tuesday,12,598,Biryani,4.0,39,5,0,Family,1
O001402,C0093,R0029,2026-08-05,Wednesday,23,915,Chinese,4.3,43,4,0,Family,0
O001403,C0093,R0142,2026-04-27,Monday,19,892,South Indian,4.4,36,5,0,Movie Night,0
O001404,C0093,R0101,2026-03-30,Monday,14,290,Chinese,4.2,27,5,1,Friends,0
O001405,C0093,R0087,2025-12-20,Saturday,17,570,Cafe,4.3,36,4,0,Routine,0
O001406,C0093,R0057,2025-10-27,Monday,19,321,Maharashtrian,4.6,32,3,0,Friends,1
O001407,C0094,R0038,2026-02-02,Monday,23,658,Chinese,4.0,29,4,1,Movie Night,0
O001408,C0094,R0050,2026-04-01,Wednesday,8,759,Biryani,4.0,26,4,0,Routine,1
O001409,C0094,R0140,2026-02-21,Saturday,19,450,Biryani,4.5,15,3,1,Movie Night,0
O001410,C0094,R0052,2026-08-05,Wednesday,17,550,Thai,4.7,29,5,1,Late Night,1
O001411,C0094,R0091,2026-04-11,Saturday,10,395,Biryani,4.0,34,5,1,Late Night,1
O001412,C0094,R0052,2025-09-14,Sunday,22,483,Thai,4.7,29,5,0,Routine,1
O001413,C0094,R0050,2026-06-19,Friday,21,562,Biryani,4.0,26,4,1,Routine,1
O001414,C0094,R0091,2026-08-16,Sunday,20,178,Biryani,4.0,34,4,1,Date Night,1
O001415,C0095,R0032,2026-07-27,Monday,17,634,Italian,4.3,34,4,1,Family,0
O001416,C0095,R0136,2025-12-12,Friday,10,415,Chinese,3.6,45,5,1,Work Lunch,1
O001417,C0095,R0046,2026-04-29,Wednesday,12,371,South Indian,4.4,45,4,1,Movie Night,0
O001418,C0095,R0099,2025-11-07,Friday,23,366,North Indian,3.8,28,4,0,Late Night,0
O001419,C0095,R0105,2026-02-10,Tuesday,20,421,North Indian,3.8,47,5,1,Late Night,0
O001420,C0095,R0007,2026-07-12,Sunday,19,439,Chinese,4.2,23,3,0,Friends,0
O001421,C0095,R0136,2025-09-20,Saturday,21,358,Chinese,3.6,45,5,0,Routine,1
O001422,C0095,R0070,2025-10-05,Sunday,9,249,Cafe,3.6,24,3,1,Routine,1
O001423,C0095,R0006,2025-09-29,Monday,14,644,Chinese,3.5,26,3,1,Movie Night,1
O001424,C0095,R0070,2026-02-09,Monday,14,214,Cafe,3.6,24,5,0,Routine,1
O001425,C0095,R0107,2025-11-18,Tuesday,12,392,Healthy,4.0,48,3,0,Routine,0
O001426,C0095,R0104,2025-10-05,Sunday,14,610,Cafe,4.3,38,5,1,Friends,0
O001427,C0095,R0124,2026-02-10,Tuesday,20,328,Healthy,4.4,15,5,1,Movie Night,0
O001428,C0095,R0006,2026-04-18,Saturday,18,700,Chinese,3.5,26,5,1,Routine,1
O001429,C0096,R0147,2025-11-30,Sunday,13,516,Biryani,3.9,17,3,1,Routine,0
O001430,C0096,R0043,2026-06-16,Tuesday,10,322,Pizza,4.3,15,5,1,Movie Night,0
O001431,C0096,R0138,2025-11-18,Tuesday,10,603,North Indian,4.6,22,4,0,Work Lunch,0
O001432,C0096,R0049,2026-06-01,Monday,20,334,Desserts,4.6,22,4,1,Work Lunch,0
O001433,C0096,R0021,2026-06-16,Tuesday,19,523,Thai,4.1,34,5,1,Friends,0
O001434,C0096,R0143,2026-08-26,Wednesday,13,365,Desserts,4.0,25,5,1,Friends,1
O001435,C0096,R0143,2026-01-07,Wednesday,9,304,Desserts,4.0,25,4,1,Friends,1
O001436,C0097,R0091,2025-11-16,Sunday,18,323,Biryani,4.0,34,3,0,Routine,1
O001437,C0097,R0088,2025-09-22,Monday,10,367,Biryani,4.1,33,3,1,Movie Night,1
O001438,C0097,R0088,2026-05-02,Saturday,17,405,Biryani,4.1,33,4,0,Work Lunch,1
O001439,C0097,R0071,2025-09-12,Friday,20,259,South Indian,4.1,48,2,0,Friends,0
O001440,C0097,R0091,2026-03-06,Friday,18,328,Biryani,4.0,34,4,1,Family,1
O001441,C0097,R0052,2025-12-04,Thursday,18,456,Thai,4.7,29,4,1,Movie Night,0
O001442,C0097,R0091,2026-05-11,Monday,21,298,Biryani,4.0,34,5,0,Family,1
O001443,C0097,R0050,2026-02-22,Sunday,9,516,Biryani,4.0,26,4,0,Movie Night,0
O001444,C0097,R0140,2025-10-07,Tuesday,10,579,Biryani,4.5,15,4,0,Routine,0
O001445,C0097,R0088,2026-02-02,Monday,21,359,Biryani,4.1,33,5,1,Work Lunch,1
O001446,C0098,R0072,2025-11-17,Monday,9,306,Cafe,4.4,19,2,1,Late Night,1
O001447,C0098,R0074,2026-08-10,Monday,12,269,Cafe,4.6,27,4,1,Late Night,1
O001448,C0098,R0122,2026-02-13,Friday,13,296,North Indian,4.0,35,4,1,Friends,1
O001449,C0098,R0074,2025-10-14,Tuesday,14,179,Cafe,4.6,27,4,1,Family,1
O001450,C0098,R0048,2026-05-13,Wednesday,8,202,Cafe,4.6,29,3,1,Friends,1
O001451,C0098,R0074,2026-07-01,Wednesday,17,216,Cafe,4.6,27,5,0,Late Night,1
O001452,C0098,R0008,2026-03-07,Saturday,13,447,Biryani,3.9,25,5,1,Routine,1
O001453,C0098,R0048,2026-01-23,Friday,19,246,Cafe,4.6,29,4,1,Movie Night,1
O001454,C0098,R0048,2025-09-14,Sunday,18,301,Cafe,4.6,29,3,0,Routine,1
O001455,C0098,R0027,2025-11-26,Wednesday,8,389,Maharashtrian,4.5,48,4,1,Friends,1
O001456,C0098,R0005,2026-08-26,Wednesday,13,683,Pizza,4.0,36,3,1,Routine,0
O001457,C0098,R0022,2026-04-11,Saturday,14,669,Biryani,3.7,38,5,1,Routine,0
O001458,C0098,R0074,2026-08-04,Tuesday,18,306,Cafe,4.6,27,5,1,Friends,1
O001459,C0098,R0103,2026-02-19,Thursday,19,297,Italian,4.9,32,4,1,Routine,0
O001460,C0098,R0144,2026-07-18,Saturday,8,323,Burgers,4.2,23,4,1,Friends,0
O001461,C0098,R0044,2025-09-11,Thursday,13,300,Thai,4.2,17,5,1,Work Lunch,0
O001462,C0098,R0072,2026-04-30,Thursday,17,342,Cafe,4.4,19,5,1,Work Lunch,1
O001463,C0098,R0122,2026-08-23,Sunday,21,362,North Indian,4.0,35,4,1,Routine,1
O001464,C0098,R0027,2026-03-13,Friday,14,288,Maharashtrian,4.5,48,3,1,Work Lunch,1
O001465,C0098,R0074,2026-05-22,Friday,23,196,Cafe,4.6,27,4,1,Work Lunch,1
O001466,C0098,R0081,2026-08-30,Sunday,14,369,Pizza,4.1,42,5,0,Routine,0
O001467,C0098,R0019,2026-02-26,Thursday,22,449,Biryani,4.1,34,3,1,Routine,1
O001468,C0098,R0111,2025-12-09,Tuesday,18,374,Desserts,3.6,21,5,1,Routine,0
O001469,C0098,R0108,2025-10-14,Tuesday,18,253,North Indian,4.5,36,4,1,Movie Night,0
O001470,C0098,R0008,2025-10-15,Wednesday,23,789,Biryani,3.9,25,4,1,Friends,1
O001471,C0098,R0019,2026-02-12,Thursday,19,490,Biryani,4.1,34,5,1,Movie Night,1
O001472,C0098,R0008,2025-09-13,Saturday,23,760,Biryani,3.9,25,4,1,Routine,1
O001473,C0099,R0009,2025-10-26,Sunday,12,527,Biryani,4.4,30,5,0,Routine,0
O001474,C0099,R0034,2026-03-12,Thursday,9,419,Burgers,4.8,40,4,1,Routine,0
O001475,C0099,R0075,2026-01-01,Thursday,23,428,South Indian,4.2,43,5,1,Routine,0
O001476,C0099,R0010,2025-10-10,Friday,8,383,Desserts,3.5,15,3,1,Friends,0
O001477,C0099,R0145,2026-02-23,Monday,20,906,South Indian,4.5,28,4,1,Routine,0
O001478,C0099,R0134,2026-06-27,Saturday,21,902,Maharashtrian,4.3,28,4,1,Late Night,1
O001479,C0099,R0149,2026-04-25,Saturday,21,445,North Indian,4.7,34,3,0,Movie Night,1
O001480,C0099,R0120,2026-08-08,Saturday,9,480,Biryani,4.0,39,5,1,Family,0
O001481,C0099,R0149,2025-09-30,Tuesday,22,286,North Indian,4.7,34,4,0,Routine,1
O001482,C0099,R0100,2025-10-13,Monday,10,235,Chinese,4.4,29,4,0,Routine,0
O001483,C0099,R0101,2025-10-18,Saturday,8,323,Chinese,4.2,27,3,0,Work Lunch,0
O001484,C0099,R0150,2026-08-19,Wednesday,12,455,Maharashtrian,4.0,36,2,1,Routine,0
O001485,C0099,R0116,2025-10-12,Sunday,17,439,Maharashtrian,4.2,35,4,0,Routine,0
O001486,C0099,R0003,2026-05-31,Sunday,12,178,Chinese,4.0,24,2,0,Work Lunch,0
O001487,C0099,R0134,2025-12-12,Friday,22,1000,Maharashtrian,4.3,28,4,0,Late Night,1
O001488,C0100,R0146,2026-07-08,Wednesday,22,330,Chinese,3.2,28,4,0,Routine,0
O001489,C0100,R0023,2026-01-27,Tuesday,22,849,Cafe,4.1,21,4,1,Friends,0
O001490,C0100,R0065,2025-10-03,Friday,18,919,Healthy,4.8,37,4,1,Routine,0
O001491,C0100,R0029,2025-09-05,Friday,9,832,Chinese,4.3,43,3,0,Routine,0
O001492,C0100,R0135,2025-12-12,Friday,13,846,Desserts,4.2,31,4,0,Routine,0
O001493,C0100,R0073,2026-06-06,Saturday,20,648,Maharashtrian,4.4,18,5,0,Late Night,0
O001494,C0100,R0057,2026-08-26,Wednesday,9,263,Maharashtrian,4.6,32,4,1,Friends,1
O001495,C0100,R0057,2025-10-10,Friday,12,247,Maharashtrian,4.6,32,4,1,Routine,1
O001496,C0100,R0145,2026-02-13,Friday,23,646,South Indian,4.5,28,3,0,Late Night,0
O001497,C0100,R0087,2025-11-24,Monday,17,716,Cafe,4.3,36,5,1,Friends,0
O001498,C0101,R0131,2026-07-02,Thursday,13,416,South Indian,4.4,28,4,1,Family,1
O001499,C0101,R0092,2026-05-19,Tuesday,21,1079,South Indian,4.5,15,3,1,Routine,1
O001500,C0101,R0080,2026-04-08,Wednesday,13,552,South Indian,4.7,27,3,1,Movie Night,0
O001501,C0101,R0092,2026-01-03,Saturday,19,1089,South Indian,4.5,15,5,1,Routine,1
O001502,C0101,R0131,2026-08-17,Monday,13,597,South Indian,4.4,28,4,1,Routine,1
O001503,C0101,R0020,2025-11-23,Sunday,9,589,Biryani,4.2,28,4,1,Routine,1
O001504,C0101,R0020,2026-05-12,Tuesday,14,779,Biryani,4.2,28,4,1,Movie Night,1
O001505,C0101,R0090,2025-10-02,Thursday,20,692,Maharashtrian,4.5,33,5,1,Date Night,0
O001506,C0101,R0025,2026-04-10,Friday,9,665,Cafe,4.1,35,4,0,Friends,0
O001507,C0101,R0126,2026-04-18,Saturday,8,388,Italian,4.1,21,3,1,Late Night,0
O001508,C0101,R0049,2026-08-13,Thursday,9,410,Desserts,4.6,22,4,1,Routine,0
O001509,C0102,R0040,2026-03-06,Friday,22,418,South Indian,4.6,27,5,1,Friends,0
O001510,C0102,R0074,2026-08-15,Saturday,9,190,Cafe,4.6,27,3,1,Family,0
O001511,C0102,R0108,2026-02-12,Thursday,18,264,North Indian,4.5,36,4,1,Work Lunch,1
O001512,C0102,R0022,2026-05-05,Tuesday,14,736,Biryani,3.7,38,4,1,Work Lunch,1
O001513,C0102,R0022,2026-05-10,Sunday,14,638,Biryani,3.7,38,5,1,Family,1
O001514,C0102,R0122,2025-12-08,Monday,12,217,North Indian,4.0,35,4,1,Family,0
O001515,C0102,R0108,2025-09-23,Tuesday,22,319,North Indian,4.5,36,4,1,Work Lunch,1
O001516,C0102,R0072,2026-04-28,Tuesday,18,239,Cafe,4.4,19,5,1,Routine,0
O001517,C0103,R0135,2026-03-27,Friday,18,529,Desserts,4.2,31,5,0,Movie Night,0
O001518,C0103,R0055,2026-04-27,Monday,18,1229,Biryani,3.6,31,4,1,Routine,0
O001519,C0103,R0134,2026-03-18,Wednesday,17,843,Maharashtrian,4.3,28,3,1,Late Night,1
O001520,C0103,R0120,2025-11-12,Wednesday,23,413,Biryani,4.0,39,4,0,Routine,0
O001521,C0103,R0059,2026-07-22,Wednesday,10,647,Cafe,4.4,33,4,0,Work Lunch,0
O001522,C0103,R0100,2025-09-09,Tuesday,17,165,Chinese,4.4,29,5,0,Date Night,1
O001523,C0103,R0023,2026-08-06,Thursday,10,831,Cafe,4.1,21,4,1,Routine,0
O001524,C0103,R0073,2025-12-05,Friday,12,583,Maharashtrian,4.4,18,4,1,Routine,1
O001525,C0103,R0146,2026-03-21,Saturday,18,369,Chinese,3.2,28,4,0,Routine,0
O001526,C0103,R0073,2026-02-21,Saturday,12,759,Maharashtrian,4.4,18,4,0,Routine,1
O001527,C0103,R0142,2026-03-21,Saturday,10,861,South Indian,4.4,36,3,1,Routine,0
O001528,C0103,R0113,2026-06-10,Wednesday,13,567,Healthy,4.2,42,4,1,Routine,1
O001529,C0103,R0034,2026-05-09,Saturday,20,274,Burgers,4.8,40,3,0,Friends,0
O001530,C0103,R0113,2026-04-11,Saturday,17,514,Healthy,4.2,42,5,1,Late Night,1
O001531,C0103,R0087,2025-11-22,Saturday,18,477,Cafe,4.3,36,5,0,Late Night,0
O001532,C0103,R0069,2025-10-02,Thursday,14,448,South Indian,4.4,30,5,0,Late Night,0
O001533,C0103,R0013,2025-10-06,Monday,14,839,South Indian,4.1,44,5,0,Friends,0
O001534,C0103,R0073,2026-07-10,Friday,13,666,Maharashtrian,4.4,18,5,0,Routine,1
O001535,C0103,R0010,2026-05-25,Monday,18,249,Desserts,3.5,15,5,0,Date Night,0
O001536,C0103,R0011,2026-04-03,Friday,18,275,Chinese,4.0,36,4,1,Routine,0
O001537,C0103,R0073,2026-02-06,Friday,21,647,Maharashtrian,4.4,18,3,0,Routine,1
O001538,C0103,R0057,2026-07-21,Tuesday,13,338,Maharashtrian,4.6,32,4,1,Friends,0
O001539,C0103,R0149,2026-04-09,Thursday,20,437,North Indian,4.7,34,4,0,Routine,0
O001540,C0103,R0065,2025-11-07,Friday,19,706,Healthy,4.8,37,4,1,Routine,0
O001541,C0103,R0134,2026-03-12,Thursday,23,900,Maharashtrian,4.3,28,4,0,Friends,1
O001542,C0103,R0100,2025-11-06,Thursday,14,275,Chinese,4.4,29,2,0,Family,1
O001543,C0104,R0059,2026-05-02,Saturday,9,866,Cafe,4.4,33,5,0,Routine,0
O001544,C0104,R0057,2026-03-10,Tuesday,17,285,Maharashtrian,4.6,32,3,0,Routine,0
O001545,C0104,R0003,2026-02-16,Monday,22,251,Chinese,4.0,24,5,0,Routine,0
O001546,C0104,R0101,2026-02-09,Monday,21,403,Chinese,4.2,27,5,1,Movie Night,0
O001547,C0104,R0142,2026-05-03,Sunday,23,788,South Indian,4.4,36,5,0,Routine,1
O001548,C0104,R0063,2026-02-23,Monday,20,318,Pizza,4.2,32,2,0,Date Night,1
O001549,C0104,R0134,2026-08-25,Tuesday,12,887,Maharashtrian,4.3,28,4,1,Movie Night,1
O001550,C0104,R0113,2026-02-13,Friday,23,632,Healthy,4.2,42,5,0,Friends,0
O001551,C0104,R0063,2025-12-28,Sunday,22,366,Pizza,4.2,32,5,0,Family,1
O001552,C0104,R0013,2026-01-01,Thursday,12,976,South Indian,4.1,44,4,0,Work Lunch,0
O001553,C0104,R0120,2026-04-30,Thursday,8,399,Biryani,4.0,39,4,0,Routine,0
O001554,C0104,R0142,2025-10-20,Monday,17,991,South Indian,4.4,36,4,1,Date Night,1
O001555,C0104,R0118,2026-07-18,Saturday,14,650,Chinese,4.6,37,4,1,Routine,0
O001556,C0104,R0001,2026-05-11,Monday,18,213,South Indian,3.9,38,5,0,Family,0
O001557,C0104,R0034,2026-01-16,Friday,9,382,Burgers,4.8,40,4,0,Work Lunch,0
O001558,C0104,R0010,2025-12-09,Tuesday,23,376,Desserts,3.5,15,3,0,Date Night,0
O001559,C0104,R0100,2026-09-01,Tuesday,10,295,Chinese,4.4,29,5,1,Work Lunch,0
O001560,C0104,R0134,2025-10-02,Thursday,18,864,Maharashtrian,4.3,28,4,0,Routine,1
O001561,C0105,R0077,2026-07-23,Thursday,8,916,Maharashtrian,4.0,41,4,1,Routine,0
O001562,C0105,R0024,2026-07-16,Thursday,18,630,Burgers,4.1,43,4,0,Family,0
O001563,C0105,R0032,2026-01-19,Monday,14,566,Italian,4.3,34,3,1,Work Lunch,0
O001564,C0105,R0105,2026-02-09,Monday,20,344,North Indian,3.8,47,5,1,Movie Night,0
O001565,C0105,R0067,2025-12-13,Saturday,23,452,Cafe,3.9,32,4,0,Friends,0
O001566,C0105,R0125,2026-07-04,Saturday,20,333,Pizza,3.8,29,4,1,Routine,0
O001567,C0105,R0136,2025-10-03,Friday,22,568,Chinese,3.6,45,3,0,Movie Night,0
O001568,C0105,R0124,2026-05-28,Thursday,23,193,Healthy,4.4,15,4,0,Family,1
O001569,C0105,R0061,2026-01-07,Wednesday,23,620,Burgers,4.5,34,5,0,Work Lunch,1
O001570,C0105,R0124,2026-08-26,Wednesday,8,319,Healthy,4.4,15,4,1,Routine,1
O001571,C0105,R0061,2025-12-15,Monday,10,623,Burgers,4.5,34,4,0,Routine,1
O001572,C0105,R0030,2025-09-16,Tuesday,21,297,Thai,4.0,38,2,1,Friends,0
O001573,C0105,R0007,2026-04-05,Sunday,9,877,Chinese,4.2,23,4,0,Work Lunch,0
O001574,C0106,R0115,2025-11-16,Sunday,18,760,Biryani,3.6,38,3,0,Friends,1
O001575,C0106,R0130,2026-06-13,Saturday,10,315,South Indian,4.1,26,4,1,Family,0
O001576,C0106,R0095,2026-02-09,Monday,9,375,North Indian,3.8,25,4,0,Late Night,0
O001577,C0106,R0109,2026-04-23,Thursday,13,875,Desserts,4.3,29,4,0,Routine,0
O001578,C0106,R0106,2026-07-09,Thursday,18,364,Healthy,4.3,46,3,1,Routine,0
O001579,C0106,R0041,2026-06-29,Monday,10,1264,Biryani,4.5,30,4,0,Routine,1
O001580,C0106,R0084,2025-09-10,Wednesday,9,552,Desserts,4.1,32,3,1,Routine,0
O001581,C0106,R0115,2026-02-16,Monday,19,535,Biryani,3.6,38,4,1,Work Lunch,1
O001582,C0106,R0097,2025-11-13,Thursday,14,374,Chinese,4.9,24,3,0,Movie Night,0
O001583,C0106,R0002,2026-03-13,Friday,19,298,Maharashtrian,4.4,29,4,1,Routine,0
O001584,C0106,R0041,2026-04-12,Sunday,21,855,Biryani,4.5,30,5,1,Routine,1
O001585,C0106,R0017,2025-12-02,Tuesday,14,261,Chinese,4.4,65,4,0,Family,0
O001586,C0106,R0039,2025-09-19,Friday,21,552,Biryani,3.7,28,3,1,Routine,0
O001587,C0106,R0117,2026-06-18,Thursday,23,548,Italian,3.9,43,5,0,Family,0
O001588,C0106,R0004,2026-05-21,Thursday,8,163,South Indian,4.4,43,5,1,Friends,0
O001589,C0106,R0028,2025-11-08,Saturday,18,404,South Indian,4.2,38,4,1,Routine,0
O001590,C0107,R0042,2025-10-06,Monday,10,482,Chinese,4.4,21,4,0,Routine,1
O001591,C0107,R0050,2026-05-27,Wednesday,10,594,Biryani,4.0,26,3,1,Late Night,1
O001592,C0107,R0050,2025-12-31,Wednesday,9,700,Biryani,4.0,26,4,0,Date Night,1
O001593,C0107,R0088,2026-03-03,Tuesday,14,472,Biryani,4.1,33,4,1,Routine,1
O001594,C0107,R0071,2026-02-24,Tuesday,23,179,South Indian,4.1,48,4,1,Routine,1
O001595,C0107,R0071,2026-03-26,Thursday,19,190,South Indian,4.1,48,5,1,Routine,1
O001596,C0107,R0088,2026-04-03,Friday,21,302,Biryani,4.1,33,3,0,Date Night,1
O001597,C0107,R0042,2026-08-23,Sunday,10,347,Chinese,4.4,21,4,0,Family,1
O001598,C0107,R0042,2025-10-17,Friday,12,430,Chinese,4.4,21,5,1,Work Lunch,1
O001599,C0107,R0050,2025-10-31,Friday,23,852,Biryani,4.0,26,5,0,Movie Night,1
O001600,C0107,R0042,2026-01-13,Tuesday,12,460,Chinese,4.4,21,4,0,Routine,1
O001601,C0107,R0140,2026-07-29,Wednesday,21,316,Biryani,4.5,15,5,0,Family,0
O001602,C0107,R0091,2025-09-28,Sunday,21,358,Biryani,4.0,34,4,1,Movie Night,0
O001603,C0107,R0038,2025-12-26,Friday,18,441,Chinese,4.0,29,4,1,Routine,1
O001604,C0107,R0016,2025-12-23,Tuesday,23,412,Burgers,4.5,33,3,1,Routine,1
O001605,C0107,R0016,2025-11-19,Wednesday,10,478,Burgers,4.5,33,4,1,Family,1
O001606,C0107,R0042,2026-02-14,Saturday,17,368,Chinese,4.4,21,4,1,Date Night,1
O001607,C0107,R0038,2026-08-11,Tuesday,17,820,Chinese,4.0,29,5,1,Routine,1
O001608,C0108,R0139,2026-01-28,Wednesday,18,359,North Indian,4.4,29,5,0,Routine,1
O001609,C0108,R0110,2026-08-24,Monday,17,333,Italian,4.7,33,4,0,Family,1
O001610,C0108,R0099,2025-09-22,Monday,12,267,North Indian,3.8,28,5,1,Family,1
O001611,C0108,R0124,2025-12-17,Wednesday,12,214,Healthy,4.4,15,5,0,Family,1
O001612,C0108,R0125,2025-09-05,Friday,14,316,Pizza,3.8,29,4,1,Friends,1
O001613,C0108,R0067,2026-06-26,Friday,14,372,Cafe,3.9,32,4,1,Family,0
O001614,C0108,R0070,2025-11-25,Tuesday,17,252,Cafe,3.6,24,4,0,Routine,0
O001615,C0108,R0139,2026-06-03,Wednesday,8,398,North Indian,4.4,29,4,1,Movie Night,1
O001616,C0108,R0032,2026-07-17,Friday,13,661,Italian,4.3,34,4,0,Routine,1
O001617,C0108,R0007,2026-03-12,Thursday,19,753,Chinese,4.2,23,5,0,Work Lunch,0
O001618,C0108,R0099,2025-12-14,Sunday,23,249,North Indian,3.8,28,5,1,Family,1
O001619,C0108,R0125,2026-02-20,Friday,12,268,Pizza,3.8,29,4,1,Routine,1
O001620,C0108,R0124,2026-01-13,Tuesday,17,384,Healthy,4.4,15,2,1,Routine,1
O001621,C0108,R0139,2026-01-26,Monday,18,371,North Indian,4.4,29,4,1,Routine,1
O001622,C0108,R0105,2026-07-07,Tuesday,21,217,North Indian,3.8,47,4,1,Friends,1
O001623,C0108,R0030,2026-03-28,Saturday,12,217,Thai,4.0,38,4,1,Routine,1
O001624,C0108,R0105,2025-09-23,Tuesday,17,456,North Indian,3.8,47,3,0,Date Night,1
O001625,C0108,R0124,2025-12-16,Tuesday,12,342,Healthy,4.4,15,5,0,Date Night,1
O001626,C0108,R0030,2026-02-01,Sunday,22,192,Thai,4.0,38,5,0,Friends,1
O001627,C0108,R0032,2026-07-02,Thursday,13,613,Italian,4.3,34,4,0,Work Lunch,1
O001628,C0108,R0006,2025-09-29,Monday,21,520,Chinese,3.5,26,4,0,Friends,0
O001629,C0108,R0105,2026-06-19,Friday,13,395,North Indian,3.8,47,4,1,Routine,1
O001630,C0108,R0136,2025-09-14,Sunday,13,448,Chinese,3.6,45,4,1,Routine,0
O001631,C0108,R0110,2025-12-03,Wednesday,14,334,Italian,4.7,33,5,1,Routine,1
O001632,C0108,R0139,2026-03-19,Thursday,22,374,North Indian,4.4,29,3,1,Routine,1
O001633,C0109,R0018,2026-03-21,Saturday,20,229,Pizza,3.5,47,5,1,Date Night,1
O001634,C0109,R0060,2026-05-11,Monday,18,225,Italian,4.3,43,5,0,Family,0
O001635,C0109,R0018,2026-01-26,Monday,23,238,Pizza,3.5,47,4,0,Late Night,1
O001636,C0109,R0018,2026-01-07,Wednesday,9,237,Pizza,3.5,47,4,1,Family,1
O001637,C0109,R0037,2025-09-02,Tuesday,8,283,Maharashtrian,4.6,45,4,0,Family,1
O001638,C0109,R0094,2025-09-07,Sunday,13,402,Italian,4.4,42,4,1,Late Night,1
O001639,C0109,R0094,2026-02-04,Wednesday,18,306,Italian,4.4,42,4,1,Work Lunch,1
O001640,C0109,R0089,2026-06-19,Friday,10,371,Chinese,3.9,30,4,1,Routine,1
O001641,C0109,R0037,2026-03-09,Monday,12,250,Maharashtrian,4.6,45,5,1,Friends,1
O001642,C0109,R0037,2026-04-06,Monday,22,326,Maharashtrian,4.6,45,5,0,Movie Night,1
O001643,C0109,R0068,2025-10-10,Friday,13,660,Thai,4.3,20,3,1,Work Lunch,1
O001644,C0109,R0086,2025-09-13,Saturday,13,285,Italian,4.4,23,3,1,Date Night,0
O001645,C0109,R0114,2025-11-02,Sunday,13,244,Chinese,3.6,33,5,0,Routine,1
O001646,C0109,R0018,2026-04-23,Thursday,23,267,Pizza,3.5,47,4,0,Movie Night,1
O001647,C0109,R0012,2025-11-02,Sunday,21,397,Pizza,3.3,27,4,0,Date Night,0
O001648,C0109,R0083,2026-08-17,Monday,23,713,Healthy,4.3,36,3,1,Routine,1
O001649,C0109,R0089,2026-05-03,Sunday,10,421,Chinese,3.9,30,4,1,Routine,1
O001650,C0109,R0089,2025-10-16,Thursday,22,566,Chinese,3.9,30,2,0,Routine,1
O001651,C0109,R0083,2026-06-25,Thursday,22,644,Healthy,4.3,36,4,1,Family,1
O001652,C0109,R0114,2026-01-18,Sunday,8,269,Chinese,3.6,33,5,1,Friends,1
O001653,C0109,R0068,2026-05-05,Tuesday,9,552,Thai,4.3,20,2,1,Friends,1
O001654,C0110,R0146,2025-11-19,Wednesday,12,367,Chinese,3.2,28,5,0,Routine,0
O001655,C0110,R0087,2026-08-15,Saturday,17,811,Cafe,4.3,36,4,1,Routine,0
O001656,C0110,R0053,2026-05-14,Thursday,17,361,Cafe,4.4,26,3,0,Movie Night,0
O001657,C0110,R0142,2026-04-01,Wednesday,10,853,South Indian,4.4,36,5,1,Late Night,1
O001658,C0110,R0100,2026-06-24,Wednesday,8,245,Chinese,4.4,29,5,1,Friends,0
O001659,C0110,R0051,2026-01-23,Friday,22,510,Desserts,4.1,22,2,1,Routine,0
O001660,C0110,R0116,2026-05-05,Tuesday,12,412,Maharashtrian,4.2,35,4,1,Date Night,0
O001661,C0110,R0063,2025-09-14,Sunday,21,277,Pizza,4.2,32,4,0,Routine,0
O001662,C0110,R0142,2025-12-07,Sunday,12,1066,South Indian,4.4,36,5,1,Friends,1
O001663,C0110,R0073,2025-09-02,Tuesday,21,925,Maharashtrian,4.4,18,3,1,Routine,0
O001664,C0110,R0134,2026-06-17,Wednesday,17,937,Maharashtrian,4.3,28,5,1,Family,0
O001665,C0110,R0011,2026-08-27,Thursday,18,314,Chinese,4.0,36,4,0,Date Night,0
O001666,C0110,R0065,2025-09-26,Friday,13,629,Healthy,4.8,37,4,1,Work Lunch,0
O001667,C0110,R0150,2026-07-05,Sunday,14,694,Maharashtrian,4.0,36,5,1,Work Lunch,0
O001668,C0110,R0135,2026-05-01,Friday,19,471,Desserts,4.2,31,4,0,Routine,0
O001669,C0110,R0029,2026-08-05,Wednesday,14,884,Chinese,4.3,43,5,0,Friends,0
O001670,C0110,R0057,2026-06-05,Friday,10,257,Maharashtrian,4.6,32,5,1,Routine,0
O001671,C0110,R0059,2026-07-26,Sunday,14,647,Cafe,4.4,33,4,0,Work Lunch,0
O001672,C0111,R0144,2026-06-26,Friday,17,231,Burgers,4.2,23,5,0,Work Lunch,1
O001673,C0111,R0008,2026-02-26,Thursday,23,540,Biryani,3.9,25,3,1,Routine,0
O001674,C0111,R0058,2026-08-12,Wednesday,23,519,North Indian,4.7,24,3,0,Movie Night,0
O001675,C0111,R0108,2026-08-13,Thursday,19,212,North Indian,4.5,36,4,0,Work Lunch,1
O001676,C0111,R0108,2026-04-11,Saturday,9,271,North Indian,4.5,36,4,0,Family,1
O001677,C0111,R0108,2025-11-11,Tuesday,14,245,North Indian,4.5,36,3,0,Late Night,1
O001678,C0111,R0044,2026-07-29,Wednesday,18,326,Thai,4.2,17,4,0,Work Lunch,0
O001679,C0111,R0056,2026-06-05,Friday,21,438,Biryani,3.8,49,4,0,Routine,0
O001680,C0111,R0072,2025-09-23,Tuesday,14,213,Cafe,4.4,19,5,1,Family,0
O001681,C0111,R0144,2026-07-19,Sunday,10,242,Burgers,4.2,23,3,1,Family,1
O001682,C0111,R0040,2026-06-05,Friday,21,569,South Indian,4.6,27,3,0,Movie Night,0
O001683,C0111,R0122,2025-11-22,Saturday,23,263,North Indian,4.0,35,3,0,Family,0
O001684,C0111,R0036,2025-12-16,Tuesday,22,859,Biryani,3.9,40,5,0,Work Lunch,0
O001685,C0111,R0144,2026-04-04,Saturday,9,189,Burgers,4.2,23,3,0,Late Night,1
O001686,C0112,R0008,2026-06-07,Sunday,8,452,Biryani,3.9,25,5,0,Family,1
O001687,C0112,R0056,2026-06-23,Tuesday,8,505,Biryani,3.8,49,4,0,Routine,1
O001688,C0112,R0044,2026-06-10,Wednesday,21,276,Thai,4.2,17,5,0,Late Night,0
O001689,C0112,R0008,2025-12-27,Saturday,21,692,Biryani,3.9,25,4,1,Friends,1
O001690,C0112,R0022,2026-02-20,Friday,18,436,Biryani,3.7,38,5,0,Routine,1
O001691,C0112,R0111,2026-03-12,Thursday,19,413,Desserts,3.6,21,5,0,Late Night,0
O001692,C0112,R0056,2026-05-27,Wednesday,21,505,Biryani,3.8,49,1,0,Date Night,1
O001693,C0112,R0036,2025-12-23,Tuesday,20,757,Biryani,3.9,40,3,1,Work Lunch,0
O001694,C0112,R0008,2026-03-29,Sunday,22,825,Biryani,3.9,25,4,0,Date Night,1
O001695,C0112,R0072,2025-10-26,Sunday,12,267,Cafe,4.4,19,4,0,Friends,1
O001696,C0112,R0072,2026-04-22,Wednesday,10,340,Cafe,4.4,19,3,0,Movie Night,1
O001697,C0112,R0056,2025-12-07,Sunday,22,529,Biryani,3.8,49,4,0,Routine,1
O001698,C0112,R0048,2026-05-18,Monday,23,237,Cafe,4.6,29,5,0,Routine,0
O001699,C0112,R0040,2025-11-14,Friday,9,541,South Indian,4.6,27,5,0,Friends,0
O001700,C0112,R0056,2026-02-05,Thursday,12,691,Biryani,3.8,49,4,0,Date Night,1
O001701,C0112,R0022,2026-02-04,Wednesday,12,721,Biryani,3.7,38,2,0,Family,1
O001702,C0112,R0122,2025-10-21,Tuesday,12,378,North Indian,4.0,35,4,1,Routine,0
O001703,C0113,R0008,2025-09-17,Wednesday,13,603,Biryani,3.9,25,3,1,Routine,0
O001704,C0113,R0040,2025-12-06,Saturday,23,512,South Indian,4.6,27,5,1,Friends,1
O001705,C0113,R0072,2025-10-06,Monday,13,198,Cafe,4.4,19,3,0,Work Lunch,0
O001706,C0113,R0019,2025-11-01,Saturday,17,279,Biryani,4.1,34,4,0,Late Night,1
O001707,C0113,R0122,2026-08-06,Thursday,17,437,North Indian,4.0,35,4,1,Routine,1
O001708,C0113,R0019,2026-07-04,Saturday,13,441,Biryani,4.1,34,4,0,Routine,1
O001709,C0113,R0122,2026-03-12,Thursday,12,365,North Indian,4.0,35,3,0,Routine,1
O001710,C0113,R0081,2026-07-16,Thursday,20,353,Pizza,4.1,42,2,0,Movie Night,1
O001711,C0113,R0040,2026-07-24,Friday,20,494,South Indian,4.6,27,3,0,Family,1
O001712,C0113,R0044,2026-08-15,Saturday,18,280,Thai,4.2,17,5,1,Late Night,1
O001713,C0113,R0081,2026-05-15,Friday,14,284,Pizza,4.1,42,5,0,Work Lunch,1
O001714,C0113,R0066,2026-01-10,Saturday,22,988,Pizza,4.3,30,5,0,Work Lunch,0
O001715,C0113,R0074,2026-03-17,Tuesday,23,262,Cafe,4.6,27,3,1,Family,0
O001716,C0113,R0044,2025-10-22,Wednesday,17,390,Thai,4.2,17,5,1,Friends,1
O001717,C0113,R0056,2026-07-16,Thursday,14,560,Biryani,3.8,49,4,0,Late Night,0
O001718,C0113,R0144,2026-08-18,Tuesday,18,245,Burgers,4.2,23,4,1,Late Night,0
O001719,C0114,R0135,2026-03-15,Sunday,8,589,Desserts,4.2,31,4,0,Late Night,1
O001720,C0114,R0011,2025-10-16,Thursday,18,307,Chinese,4.0,36,5,0,Routine,0
O001721,C0114,R0101,2025-10-19,Sunday,9,358,Chinese,4.2,27,4,1,Routine,1
O001722,C0114,R0053,2026-07-22,Wednesday,9,321,Cafe,4.4,26,5,0,Work Lunch,1
O001723,C0114,R0053,2026-02-21,Saturday,12,246,Cafe,4.4,26,3,0,Family,1
O001724,C0114,R0113,2026-04-30,Thursday,8,570,Healthy,4.2,42,4,1,Routine,0
O001725,C0114,R0065,2026-06-11,Thursday,23,833,Healthy,4.8,37,5,0,Friends,0
O001726,C0114,R0135,2026-04-21,Tuesday,12,732,Desserts,4.2,31,3,0,Family,1
O001727,C0114,R0013,2025-10-20,Monday,8,457,South Indian,4.1,44,3,1,Friends,0
O001728,C0114,R0135,2026-07-02,Thursday,21,615,Desserts,4.2,31,5,0,Date Night,1
O001729,C0114,R0010,2026-05-19,Tuesday,18,404,Desserts,3.5,15,3,0,Routine,0
O001730,C0114,R0023,2025-12-03,Wednesday,18,921,Cafe,4.1,21,4,0,Routine,1
O001731,C0114,R0101,2026-06-18,Thursday,17,426,Chinese,4.2,27,3,1,Date Night,1
O001732,C0114,R0137,2026-06-03,Wednesday,21,253,Chinese,4.3,35,4,0,Friends,0
O001733,C0114,R0034,2026-01-09,Friday,20,222,Burgers,4.8,40,5,0,Routine,0
O001734,C0114,R0053,2026-05-24,Sunday,18,402,Cafe,4.4,26,4,1,Routine,1
O001735,C0114,R0075,2026-04-21,Tuesday,13,440,South Indian,4.2,43,4,0,Movie Night,0
O001736,C0114,R0023,2025-09-22,Monday,13,793,Cafe,4.1,21,4,1,Family,1
O001737,C0114,R0135,2026-04-08,Wednesday,9,881,Desserts,4.2,31,4,0,Friends,1
O001738,C0115,R0060,2025-10-11,Saturday,12,322,Italian,4.3,43,4,1,Work Lunch,1
O001739,C0115,R0089,2026-01-07,Wednesday,8,459,Chinese,3.9,30,4,1,Work Lunch,1
O001740,C0115,R0114,2026-08-02,Sunday,10,283,Chinese,3.6,33,4,1,Date Night,1
O001741,C0115,R0012,2025-09-24,Wednesday,13,299,Pizza,3.3,27,4,1,Routine,0
O001742,C0115,R0114,2026-02-23,Monday,21,138,Chinese,3.6,33,3,1,Family,1
O001743,C0115,R0089,2026-05-12,Tuesday,12,492,Chinese,3.9,30,4,0,Friends,1
O001744,C0115,R0060,2026-08-26,Wednesday,9,305,Italian,4.3,43,5,1,Routine,1
O001745,C0115,R0114,2025-11-12,Wednesday,10,230,Chinese,3.6,33,4,1,Date Night,1
O001746,C0115,R0086,2026-07-08,Wednesday,20,320,Italian,4.4,23,5,1,Routine,0
O001747,C0115,R0060,2026-05-14,Thursday,14,287,Italian,4.3,43,3,1,Date Night,1
O001748,C0115,R0037,2026-04-10,Friday,8,277,Maharashtrian,4.6,45,4,1,Friends,0
O001749,C0115,R0060,2026-08-23,Sunday,14,323,Italian,4.3,43,4,1,Friends,1
O001750,C0115,R0114,2025-10-26,Sunday,17,232,Chinese,3.6,33,5,1,Work Lunch,1
O001751,C0115,R0089,2026-01-22,Thursday,17,383,Chinese,3.9,30,5,1,Family,1
O001752,C0115,R0114,2026-04-06,Monday,9,277,Chinese,3.6,33,5,1,Routine,1
O001753,C0116,R0019,2026-01-14,Wednesday,21,371,Biryani,4.1,34,5,0,Work Lunch,0
O001754,C0116,R0144,2026-03-26,Thursday,19,253,Burgers,4.2,23,3,0,Movie Night,1
O001755,C0116,R0074,2025-11-11,Tuesday,9,197,Cafe,4.6,27,2,0,Routine,1
O001756,C0116,R0066,2025-10-16,Thursday,20,1341,Pizza,4.3,30,3,1,Routine,0
O001757,C0116,R0108,2025-12-11,Thursday,18,269,North Indian,4.5,36,5,1,Friends,0
O001758,C0116,R0112,2026-06-08,Monday,14,252,Thai,4.2,34,4,1,Family,0
O001759,C0116,R0111,2026-05-04,Monday,9,363,Desserts,3.6,21,4,0,Late Night,0
O001760,C0116,R0005,2026-08-04,Tuesday,10,536,Pizza,4.0,36,4,1,Family,0
O001761,C0116,R0027,2025-10-31,Friday,19,464,Maharashtrian,4.5,48,5,0,Routine,0
O001762,C0116,R0074,2025-12-14,Sunday,10,234,Cafe,4.6,27,4,1,Routine,1
O001763,C0116,R0044,2026-08-27,Thursday,17,390,Thai,4.2,17,4,1,Routine,0
O001764,C0116,R0144,2025-10-02,Thursday,19,230,Burgers,4.2,23,4,0,Date Night,1
O001765,C0116,R0074,2025-10-29,Wednesday,19,299,Cafe,4.6,27,5,0,Friends,1
O001766,C0117,R0067,2026-06-28,Sunday,19,462,Cafe,3.9,32,4,1,Routine,0
O001767,C0117,R0119,2025-11-11,Tuesday,14,348,Desserts,4.2,37,5,1,Late Night,1
O001768,C0117,R0110,2026-05-05,Tuesday,23,288,Italian,4.7,33,5,0,Routine,0
O001769,C0117,R0104,2026-08-07,Friday,18,628,Cafe,4.3,38,4,1,Work Lunch,0
O001770,C0117,R0119,2025-12-20,Saturday,9,396,Desserts,4.2,37,4,1,Routine,1
O001771,C0118,R0003,2026-06-12,Friday,21,224,Chinese,4.0,24,5,0,Friends,0
O001772,C0118,R0100,2025-10-08,Wednesday,10,173,Chinese,4.4,29,4,0,Friends,0
O001773,C0118,R0065,2026-05-21,Thursday,10,463,Healthy,4.8,37,4,0,Movie Night,1
O001774,C0118,R0011,2025-10-06,Monday,18,488,Chinese,4.0,36,3,0,Family,0
O001775,C0118,R0135,2025-10-09,Thursday,20,546,Desserts,4.2,31,3,0,Routine,0
O001776,C0118,R0148,2026-07-19,Sunday,23,353,Burgers,3.8,32,4,1,Work Lunch,0
O001777,C0118,R0134,2026-07-19,Sunday,14,856,Maharashtrian,4.3,28,3,0,Late Night,1
O001778,C0118,R0137,2026-01-14,Wednesday,17,310,Chinese,4.3,35,3,1,Routine,0
O001779,C0118,R0051,2026-04-11,Saturday,8,618,Desserts,4.1,22,4,0,Movie Night,0
O001780,C0118,R0055,2026-03-23,Monday,8,987,Biryani,3.6,31,5,1,Routine,0
O001781,C0118,R0034,2026-03-12,Thursday,17,405,Burgers,4.8,40,3,0,Work Lunch,0
O001782,C0118,R0134,2025-12-26,Friday,22,901,Maharashtrian,4.3,28,3,0,Movie Night,1
O001783,C0118,R0150,2026-05-05,Tuesday,20,827,Maharashtrian,4.0,36,4,0,Late Night,0
O001784,C0118,R0134,2026-05-20,Wednesday,17,960,Maharashtrian,4.3,28,5,0,Friends,1
O001785,C0118,R0146,2026-07-24,Friday,10,245,Chinese,3.2,28,3,1,Routine,0
O001786,C0118,R0116,2026-05-26,Tuesday,13,391,Maharashtrian,4.2,35,3,0,Work Lunch,0
O001787,C0118,R0065,2025-10-10,Friday,17,628,Healthy,4.8,37,4,1,Family,1
O001788,C0118,R0073,2026-04-03,Friday,9,541,Maharashtrian,4.4,18,4,1,Family,0
O001789,C0119,R0057,2026-08-28,Friday,23,256,Maharashtrian,4.6,32,5,1,Routine,1
O001790,C0119,R0142,2026-07-27,Monday,8,678,South Indian,4.4,36,5,1,Work Lunch,0
O001791,C0119,R0134,2026-03-22,Sunday,13,713,Maharashtrian,4.3,28,5,1,Work Lunch,0
O001792,C0119,R0055,2026-02-23,Monday,13,1148,Biryani,3.6,31,4,1,Movie Night,0
O001793,C0119,R0010,2026-07-08,Wednesday,14,383,Desserts,3.5,15,3,1,Movie Night,1
O001794,C0119,R0009,2026-04-30,Thursday,19,511,Biryani,4.4,30,5,1,Work Lunch,0
O001795,C0119,R0010,2026-08-20,Thursday,20,387,Desserts,3.5,15,5,1,Friends,1
O001796,C0119,R0100,2026-08-17,Monday,20,261,Chinese,4.4,29,4,0,Family,0
O001797,C0119,R0003,2026-06-22,Monday,10,248,Chinese,4.0,24,3,1,Work Lunch,0
O001798,C0119,R0057,2025-10-18,Saturday,22,344,Maharashtrian,4.6,32,5,1,Work Lunch,1
O001799,C0120,R0108,2026-02-24,Tuesday,19,262,North Indian,4.5,36,5,1,Family,1
O001800,C0120,R0048,2026-07-22,Wednesday,9,220,Cafe,4.6,29,3,1,Routine,0
O001801,C0120,R0040,2026-01-17,Saturday,13,406,South Indian,4.6,27,3,1,Movie Night,0
O001802,C0120,R0022,2026-07-03,Friday,19,706,Biryani,3.7,38,3,0,Routine,1
O001803,C0120,R0027,2026-02-14,Saturday,12,400,Maharashtrian,4.5,48,5,1,Family,0
O001804,C0120,R0072,2026-02-27,Friday,13,226,Cafe,4.4,19,4,0,Routine,0
O001805,C0120,R0058,2026-02-20,Friday,19,516,North Indian,4.7,24,4,0,Friends,1
O001806,C0120,R0022,2026-01-22,Thursday,13,598,Biryani,3.7,38,3,1,Family,1
O001807,C0120,R0019,2026-08-10,Monday,21,385,Biryani,4.1,34,4,1,Routine,1
O001808,C0120,R0008,2026-07-12,Sunday,23,766,Biryani,3.9,25,5,1,Routine,1
O001809,C0120,R0081,2026-08-20,Thursday,13,332,Pizza,4.1,42,4,1,Routine,1
O001810,C0120,R0081,2026-08-19,Wednesday,14,373,Pizza,4.1,42,3,1,Friends,1
O001811,C0120,R0008,2026-06-12,Friday,14,811,Biryani,3.9,25,5,1,Routine,1
O001812,C0120,R0058,2026-04-26,Sunday,20,609,North Indian,4.7,24,4,1,Family,1
O001813,C0120,R0019,2025-11-01,Saturday,22,498,Biryani,4.1,34,3,1,Friends,1
O001814,C0120,R0112,2026-01-29,Thursday,21,230,Thai,4.2,34,3,1,Routine,1
O001815,C0120,R0112,2026-07-05,Sunday,23,194,Thai,4.2,34,4,0,Friends,1
O001816,C0120,R0074,2026-02-21,Saturday,10,245,Cafe,4.6,27,5,1,Movie Night,0
O001817,C0120,R0122,2026-05-14,Thursday,14,315,North Indian,4.0,35,3,0,Routine,0
O001818,C0120,R0108,2026-05-07,Thursday,22,155,North Indian,4.5,36,3,1,Routine,1
O001819,C0121,R0004,2026-06-19,Friday,18,271,South Indian,4.4,43,2,1,Family,1
O001820,C0121,R0115,2025-11-15,Saturday,13,517,Biryani,3.6,38,4,0,Family,0
O001821,C0121,R0117,2026-01-09,Friday,9,465,Italian,3.9,43,4,1,Late Night,0
O001822,C0121,R0039,2026-06-10,Wednesday,17,599,Biryani,3.7,28,3,1,Routine,0
O001823,C0121,R0054,2025-12-07,Sunday,23,651,Chinese,3.6,34,3,0,Late Night,0
O001824,C0121,R0084,2026-05-13,Wednesday,18,503,Desserts,4.1,32,4,1,Late Night,0
O001825,C0121,R0097,2026-06-10,Wednesday,20,364,Chinese,4.9,24,5,0,Movie Night,0
O001826,C0121,R0041,2026-05-21,Thursday,20,970,Biryani,4.5,30,3,1,Work Lunch,0
O001827,C0121,R0096,2026-01-16,Friday,8,453,Chinese,4.1,24,3,1,Late Night,0
O001828,C0121,R0045,2026-07-20,Monday,18,1177,Maharashtrian,4.7,38,4,0,Family,0
O001829,C0121,R0004,2026-05-03,Sunday,17,201,South Indian,4.4,43,4,0,Work Lunch,1
O001830,C0121,R0002,2025-11-02,Sunday,10,224,Maharashtrian,4.4,29,5,1,Routine,0
O001831,C0121,R0015,2026-03-06,Friday,23,315,Healthy,4.3,15,4,0,Date Night,0
O001832,C0122,R0081,2025-09-29,Monday,8,391,Pizza,4.1,42,3,0,Movie Night,1
O001833,C0122,R0044,2026-01-22,Thursday,9,310,Thai,4.2,17,5,1,Family,1
O001834,C0122,R0022,2026-01-17,Saturday,10,622,Biryani,3.7,38,4,1,Date Night,0
O001835,C0122,R0066,2026-08-19,Wednesday,17,1042,Pizza,4.3,30,5,1,Routine,1
O001836,C0122,R0074,2026-08-06,Thursday,20,248,Cafe,4.6,27,4,1,Routine,1
O001837,C0122,R0081,2025-10-29,Wednesday,14,418,Pizza,4.1,42,4,0,Late Night,1
O001838,C0122,R0111,2026-01-21,Wednesday,13,505,Desserts,3.6,21,5,0,Work Lunch,0
O001839,C0122,R0044,2025-12-29,Monday,12,368,Thai,4.2,17,4,1,Family,1
O001840,C0122,R0005,2026-06-21,Sunday,23,308,Pizza,4.0,36,4,1,Routine,0
O001841,C0122,R0122,2026-06-11,Thursday,14,301,North Indian,4.0,35,3,0,Movie Night,0
O001842,C0122,R0056,2025-11-18,Tuesday,8,514,Biryani,3.8,49,3,0,Family,0
O001843,C0122,R0072,2026-02-11,Wednesday,23,197,Cafe,4.4,19,3,1,Routine,0
O001844,C0122,R0074,2026-03-17,Tuesday,12,352,Cafe,4.6,27,4,0,Family,1
O001845,C0122,R0066,2025-09-10,Wednesday,10,1237,Pizza,4.3,30,4,1,Routine,1
O001846,C0123,R0044,2026-07-13,Monday,13,256,Thai,4.2,17,4,0,Date Night,0
O001847,C0123,R0043,2025-11-04,Tuesday,9,343,Pizza,4.3,15,3,0,Routine,0
O001848,C0123,R0102,2026-03-29,Sunday,12,583,Cafe,3.7,34,5,0,Routine,0
O001849,C0123,R0004,2026-07-11,Saturday,10,236,South Indian,4.4,43,5,0,Movie Night,0
O001850,C0123,R0113,2025-12-23,Tuesday,13,503,Healthy,4.2,42,5,1,Routine,0
O001851,C0123,R0041,2026-01-02,Friday,21,924,Biryani,4.5,30,3,0,Routine,0
O001852,C0123,R0048,2026-06-25,Thursday,20,190,Cafe,4.6,29,5,0,Movie Night,0
O001853,C0124,R0016,2026-04-18,Saturday,12,463,Burgers,4.5,33,4,0,Routine,1
O001854,C0124,R0038,2025-10-13,Monday,17,508,Chinese,4.0,29,4,0,Friends,1
O001855,C0124,R0088,2026-04-16,Thursday,10,367,Biryani,4.1,33,3,0,Friends,0
O001856,C0124,R0038,2026-03-17,Tuesday,20,475,Chinese,4.0,29,5,0,Date Night,1
O001857,C0124,R0052,2025-09-13,Saturday,19,531,Thai,4.7,29,4,0,Date Night,1
O001858,C0124,R0016,2025-12-16,Tuesday,21,478,Burgers,4.5,33,4,0,Work Lunch,1
O001859,C0124,R0140,2026-05-28,Thursday,14,494,Biryani,4.5,15,5,1,Routine,1
O001860,C0124,R0050,2026-05-15,Friday,19,581,Biryani,4.0,26,3,0,Family,1
O001861,C0124,R0140,2026-04-16,Thursday,20,365,Biryani,4.5,15,2,1,Routine,1
O001862,C0124,R0140,2025-11-14,Friday,22,458,Biryani,4.5,15,4,0,Routine,1
O001863,C0124,R0016,2026-08-25,Tuesday,21,616,Burgers,4.5,33,3,0,Work Lunch,1
O001864,C0124,R0052,2026-03-27,Friday,12,605,Thai,4.7,29,3,0,Routine,1
O001865,C0124,R0016,2026-03-01,Sunday,17,429,Burgers,4.5,33,5,0,Routine,1
O001866,C0124,R0140,2026-01-28,Wednesday,12,469,Biryani,4.5,15,3,0,Work Lunch,1
O001867,C0124,R0052,2026-04-30,Thursday,8,514,Thai,4.7,29,4,0,Friends,1
O001868,C0124,R0016,2026-06-17,Wednesday,12,458,Burgers,4.5,33,4,0,Friends,1
O001869,C0124,R0038,2025-10-05,Sunday,18,636,Chinese,4.0,29,4,0,Friends,1
O001870,C0124,R0050,2025-09-13,Saturday,17,793,Biryani,4.0,26,3,0,Family,1
O001871,C0125,R0125,2026-03-05,Thursday,17,256,Pizza,3.8,29,5,1,Routine,1
O001872,C0125,R0031,2026-04-13,Monday,22,365,Italian,4.2,31,4,1,Work Lunch,1
O001873,C0125,R0104,2026-04-07,Tuesday,9,597,Cafe,4.3,38,2,1,Work Lunch,0
O001874,C0125,R0136,2026-02-27,Friday,12,372,Chinese,3.6,45,4,0,Routine,1
O001875,C0125,R0107,2026-01-13,Tuesday,18,348,Healthy,4.0,48,5,1,Routine,0
O001876,C0125,R0124,2025-12-23,Tuesday,20,318,Healthy,4.4,15,4,1,Friends,0
O001877,C0125,R0110,2026-07-05,Sunday,19,293,Italian,4.7,33,3,1,Date Night,0
O001878,C0125,R0125,2025-09-20,Saturday,17,189,Pizza,3.8,29,4,1,Work Lunch,1
O001879,C0125,R0136,2025-12-28,Sunday,9,421,Chinese,3.6,45,4,1,Friends,1
O001880,C0125,R0046,2025-11-22,Saturday,9,332,South Indian,4.4,45,4,1,Family,1
O001881,C0125,R0031,2026-06-12,Friday,8,470,Italian,4.2,31,3,0,Routine,1
O001882,C0125,R0093,2026-05-28,Thursday,13,277,Pizza,4.7,28,3,1,Work Lunch,0
O001883,C0125,R0119,2026-01-30,Friday,10,301,Desserts,4.2,37,5,0,Movie Night,0
O001884,C0125,R0046,2026-01-22,Thursday,10,343,South Indian,4.4,45,3,1,Routine,1
O001885,C0125,R0006,2026-02-08,Sunday,10,583,Chinese,3.5,26,4,0,Family,0
O001886,C0125,R0061,2025-12-29,Monday,9,827,Burgers,4.5,34,5,0,Friends,0
O001887,C0125,R0136,2026-06-22,Monday,21,436,Chinese,3.6,45,4,0,Date Night,1
O001888,C0126,R0006,2025-12-01,Monday,13,658,Chinese,3.5,26,4,1,Family,0
O001889,C0126,R0067,2026-04-06,Monday,10,464,Cafe,3.9,32,5,1,Routine,0
O001890,C0126,R0024,2025-12-11,Thursday,20,618,Burgers,4.1,43,2,1,Friends,0
O001891,C0126,R0105,2025-10-06,Monday,23,351,North Indian,3.8,47,3,0,Routine,0
O001892,C0126,R0123,2025-12-02,Tuesday,19,739,South Indian,3.8,37,5,1,Routine,0
O001893,C0126,R0104,2026-04-26,Sunday,19,849,Cafe,4.3,38,5,0,Date Night,0
O001894,C0126,R0070,2025-12-02,Tuesday,10,250,Cafe,3.6,24,4,1,Family,0
O001895,C0127,R0058,2025-12-06,Saturday,12,655,North Indian,4.7,24,4,1,Date Night,1
O001896,C0127,R0066,2026-02-15,Sunday,10,1077,Pizza,4.3,30,5,1,Date Night,0
O001897,C0127,R0111,2026-05-22,Friday,8,397,Desserts,3.6,21,4,1,Family,0
O001898,C0127,R0058,2025-10-01,Wednesday,17,644,North Indian,4.7,24,5,1,Routine,1
O001899,C0127,R0112,2025-09-26,Friday,18,264,Thai,4.2,34,4,1,Routine,0
O001900,C0128,R0009,2025-11-08,Saturday,12,375,Biryani,4.4,30,4,1,Movie Night,0
O001901,C0128,R0065,2026-03-09,Monday,20,952,Healthy,4.8,37,5,0,Date Night,0
O001902,C0128,R0123,2026-04-26,Sunday,12,658,South Indian,3.8,37,4,0,Work Lunch,0
O001903,C0128,R0005,2026-08-31,Monday,9,724,Pizza,4.0,36,4,0,Friends,0
O001904,C0128,R0100,2025-11-23,Sunday,21,193,Chinese,4.4,29,3,1,Family,0
O001905,C0128,R0140,2025-09-23,Tuesday,9,414,Biryani,4.5,15,4,0,Late Night,0
O001906,C0128,R0037,2025-11-10,Monday,8,298,Maharashtrian,4.6,45,5,0,Routine,0
O001907,C0128,R0102,2026-05-30,Saturday,23,889,Cafe,3.7,34,5,0,Work Lunch,0
O001908,C0129,R0095,2026-03-23,Monday,19,567,North Indian,3.8,25,4,1,Family,0
O001909,C0129,R0102,2026-03-27,Friday,19,882,Cafe,3.7,34,4,0,Work Lunch,0
O001910,C0129,R0028,2026-07-30,Thursday,19,320,South Indian,4.2,38,3,1,Work Lunch,0
O001911,C0129,R0084,2026-07-09,Thursday,20,532,Desserts,4.1,32,4,1,Friends,0
O001912,C0129,R0098,2026-03-28,Saturday,23,549,Burgers,4.1,33,5,1,Routine,0
O001913,C0129,R0054,2026-03-29,Sunday,10,403,Chinese,3.6,34,4,1,Family,0
O001914,C0129,R0117,2026-05-15,Friday,10,588,Italian,3.9,43,5,1,Date Night,0
O001915,C0129,R0106,2025-12-16,Tuesday,9,342,Healthy,4.3,46,4,0,Family,0
O001916,C0130,R0073,2026-03-09,Monday,13,815,Maharashtrian,4.4,18,2,0,Routine,0
O001917,C0130,R0029,2026-04-01,Wednesday,17,1277,Chinese,4.3,43,4,0,Work Lunch,1
O001918,C0130,R0113,2026-03-12,Thursday,8,461,Healthy,4.2,42,3,1,Routine,0
O001919,C0130,R0076,2025-12-12,Friday,23,539,Healthy,3.8,19,3,1,Routine,1
O001920,C0130,R0011,2026-04-12,Sunday,23,442,Chinese,4.0,36,2,1,Friends,0
O001921,C0130,R0029,2025-11-16,Sunday,18,1012,Chinese,4.3,43,2,0,Movie Night,1
O001922,C0130,R0075,2025-11-12,Wednesday,21,388,South Indian,4.2,43,4,0,Date Night,0
O001923,C0130,R0146,2026-03-23,Monday,12,279,Chinese,3.2,28,5,1,Routine,0
O001924,C0130,R0100,2025-12-27,Saturday,18,181,Chinese,4.4,29,3,1,Routine,1
O001925,C0130,R0118,2026-03-25,Wednesday,18,768,Chinese,4.6,37,3,1,Friends,0
O001926,C0130,R0055,2026-03-11,Wednesday,12,1064,Biryani,3.6,31,4,1,Work Lunch,1
O001927,C0130,R0100,2026-04-02,Thursday,8,230,Chinese,4.4,29,5,1,Routine,1
O001928,C0130,R0069,2025-11-15,Saturday,21,473,South Indian,4.4,30,5,1,Late Night,0
O001929,C0130,R0116,2026-01-31,Saturday,14,431,Maharashtrian,4.2,35,5,1,Routine,0
O001930,C0130,R0003,2026-04-28,Tuesday,17,272,Chinese,4.0,24,3,1,Movie Night,0
O001931,C0130,R0076,2026-04-11,Saturday,9,300,Healthy,3.8,19,4,0,Family,1
O001932,C0130,R0051,2026-03-02,Monday,19,596,Desserts,4.1,22,3,1,Family,0
O001933,C0130,R0055,2025-09-22,Monday,18,966,Biryani,3.6,31,4,1,Routine,1
O001934,C0130,R0149,2026-02-18,Wednesday,12,362,North Indian,4.7,34,3,1,Routine,0
O001935,C0130,R0023,2026-05-19,Tuesday,10,730,Cafe,4.1,21,2,1,Routine,0
O001936,C0131,R0129,2025-10-23,Thursday,10,327,Cafe,4.6,46,5,0,Date Night,1
O001937,C0131,R0032,2026-06-16,Tuesday,13,492,Italian,4.3,34,5,0,Routine,1
O001938,C0131,R0125,2026-05-20,Wednesday,12,254,Pizza,3.8,29,3,1,Friends,0
O001939,C0131,R0030,2026-03-11,Wednesday,8,243,Thai,4.0,38,4,0,Work Lunch,0
O001940,C0131,R0032,2026-02-20,Friday,23,596,Italian,4.3,34,4,1,Family,1
O001941,C0131,R0007,2026-02-26,Thursday,20,872,Chinese,4.2,23,4,1,Routine,0
O001942,C0131,R0031,2026-03-09,Monday,8,562,Italian,4.2,31,3,0,Date Night,0
O001943,C0131,R0133,2026-06-28,Sunday,9,386,Chinese,3.6,43,5,0,Movie Night,1
O001944,C0131,R0104,2026-05-09,Saturday,17,800,Cafe,4.3,38,2,0,Date Night,0
O001945,C0131,R0024,2025-09-20,Saturday,21,715,Burgers,4.1,43,4,0,Date Night,0
O001946,C0131,R0136,2026-06-18,Thursday,19,547,Chinese,3.6,45,4,1,Routine,0
O001947,C0131,R0129,2025-11-19,Wednesday,17,274,Cafe,4.6,46,3,0,Routine,1
O001948,C0131,R0124,2026-04-15,Wednesday,22,409,Healthy,4.4,15,5,0,Friends,0
O001949,C0131,R0133,2026-01-16,Friday,10,413,Chinese,3.6,43,5,1,Routine,1
O001950,C0131,R0032,2025-12-11,Thursday,9,581,Italian,4.3,34,3,1,Family,1
O001951,C0132,R0003,2026-01-21,Wednesday,17,233,Chinese,4.0,24,3,1,Routine,0
O001952,C0132,R0010,2025-09-24,Wednesday,13,391,Desserts,3.5,15,4,1,Routine,1
O001953,C0132,R0118,2025-11-09,Sunday,12,818,Chinese,4.6,37,3,1,Work Lunch,1
O001954,C0132,R0065,2025-12-10,Wednesday,17,657,Healthy,4.8,37,5,1,Date Night,1
O001955,C0132,R0145,2025-11-18,Tuesday,17,1002,South Indian,4.5,28,4,1,Family,1
O001956,C0132,R0118,2026-01-10,Saturday,12,633,Chinese,4.6,37,5,0,Routine,1
O001957,C0132,R0001,2025-10-05,Sunday,10,288,South Indian,3.9,38,5,1,Movie Night,0
O001958,C0132,R0101,2026-01-15,Thursday,22,248,Chinese,4.2,27,5,0,Work Lunch,0
O001959,C0132,R0010,2025-10-05,Sunday,12,295,Desserts,3.5,15,3,1,Work Lunch,1
O001960,C0132,R0135,2025-11-25,Tuesday,21,588,Desserts,4.2,31,4,1,Work Lunch,0
O001961,C0132,R0150,2025-10-12,Sunday,21,779,Maharashtrian,4.0,36,4,1,Work Lunch,0
O001962,C0132,R0076,2026-02-24,Tuesday,20,481,Healthy,3.8,19,3,1,Friends,0
O001963,C0132,R0118,2026-03-11,Wednesday,18,629,Chinese,4.6,37,5,1,Late Night,1
O001964,C0132,R0034,2026-01-12,Monday,20,373,Burgers,4.8,40,2,1,Family,0
O001965,C0132,R0065,2026-02-18,Wednesday,21,974,Healthy,4.8,37,4,1,Friends,1
O001966,C0132,R0145,2026-05-29,Friday,10,757,South Indian,4.5,28,2,1,Friends,1
O001967,C0132,R0023,2026-06-30,Tuesday,19,899,Cafe,4.1,21,3,1,Friends,0
O001968,C0133,R0021,2026-07-03,Friday,23,787,Thai,4.1,34,5,1,Movie Night,1
O001969,C0133,R0049,2025-12-26,Friday,8,258,Desserts,4.6,22,4,1,Work Lunch,1
O001970,C0133,R0092,2026-01-19,Monday,14,1008,South Indian,4.5,15,5,1,Late Night,0
O001971,C0133,R0138,2026-02-02,Monday,18,875,North Indian,4.6,22,5,1,Late Night,1
O001972,C0133,R0025,2026-03-28,Saturday,8,804,Cafe,4.1,35,4,1,Late Night,0
O001973,C0133,R0138,2026-02-02,Monday,23,945,North Indian,4.6,22,4,1,Movie Night,1
O001974,C0133,R0079,2025-10-26,Sunday,10,415,Chinese,4.1,36,3,0,Family,0
O001975,C0133,R0021,2025-12-23,Tuesday,12,636,Thai,4.1,34,5,1,Work Lunch,1
O001976,C0133,R0138,2025-11-19,Wednesday,9,717,North Indian,4.6,22,4,1,Friends,1
O001977,C0133,R0021,2026-05-18,Monday,14,635,Thai,4.1,34,3,1,Work Lunch,1
O001978,C0133,R0090,2026-03-25,Wednesday,17,1017,Maharashtrian,4.5,33,3,1,Family,0
O001979,C0133,R0021,2026-02-02,Monday,9,830,Thai,4.1,34,2,0,Routine,1
O001980,C0133,R0049,2026-07-18,Saturday,18,298,Desserts,4.6,22,4,1,Late Night,1
O001981,C0134,R0065,2026-08-07,Friday,9,1111,Healthy,4.8,37,3,0,Date Night,1
O001982,C0134,R0003,2025-10-01,Wednesday,17,120,Chinese,4.0,24,5,0,Work Lunch,1
O001983,C0134,R0003,2026-04-11,Saturday,10,340,Chinese,4.0,24,5,0,Work Lunch,1
O001984,C0134,R0075,2025-09-17,Wednesday,14,405,South Indian,4.2,43,5,0,Late Night,0
O001985,C0134,R0057,2025-11-01,Saturday,13,271,Maharashtrian,4.6,32,5,1,Routine,0
O001986,C0134,R0137,2026-05-11,Monday,17,375,Chinese,4.3,35,4,1,Family,1
O001987,C0134,R0101,2026-03-28,Saturday,17,270,Chinese,4.2,27,4,1,Movie Night,0
O001988,C0134,R0073,2026-01-26,Monday,12,693,Maharashtrian,4.4,18,5,0,Family,0
O001989,C0134,R0065,2025-11-25,Tuesday,14,757,Healthy,4.8,37,5,0,Routine,1
O001990,C0134,R0076,2026-02-16,Monday,20,309,Healthy,3.8,19,4,0,Work Lunch,0
O001991,C0134,R0003,2025-10-14,Tuesday,9,243,Chinese,4.0,24,4,1,Routine,1
O001992,C0134,R0145,2025-09-06,Saturday,10,763,South Indian,4.5,28,4,0,Family,0
O001993,C0134,R0150,2026-05-12,Tuesday,9,410,Maharashtrian,4.0,36,5,0,Late Night,0
O001994,C0134,R0029,2026-08-25,Tuesday,21,657,Chinese,4.3,43,4,0,Routine,0
O001995,C0134,R0013,2025-09-28,Sunday,8,1036,South Indian,4.1,44,4,0,Work Lunch,1
O001996,C0134,R0013,2025-09-18,Thursday,10,898,South Indian,4.1,44,5,0,Routine,1
O001997,C0134,R0113,2026-03-08,Sunday,21,545,Healthy,4.2,42,5,1,Friends,1
O001998,C0134,R0113,2026-08-26,Wednesday,14,487,Healthy,4.2,42,5,0,Friends,1
O001999,C0134,R0137,2025-10-16,Thursday,8,289,Chinese,4.3,35,3,1,Routine,1
O002000,C0134,R0120,2026-02-07,Saturday,14,560,Biryani,4.0,39,4,0,Routine,0
O002001,C0135,R0023,2026-06-27,Saturday,9,1037,Cafe,4.1,21,4,0,Late Night,0
O002002,C0135,R0135,2026-07-13,Monday,8,589,Desserts,4.2,31,5,0,Movie Night,1
O002003,C0135,R0013,2025-12-09,Tuesday,23,770,South Indian,4.1,44,3,0,Routine,0
O002004,C0135,R0034,2026-03-21,Saturday,18,449,Burgers,4.8,40,5,1,Routine,0
O002005,C0135,R0051,2026-07-02,Thursday,13,512,Desserts,4.1,22,4,0,Family,0
O002006,C0135,R0101,2026-05-29,Friday,9,305,Chinese,4.2,27,4,0,Movie Night,0
O002007,C0135,R0135,2026-01-25,Sunday,10,549,Desserts,4.2,31,5,1,Routine,1
O002008,C0135,R0057,2026-07-09,Thursday,13,249,Maharashtrian,4.6,32,3,0,Routine,0
O002009,C0135,R0010,2026-08-26,Wednesday,19,370,Desserts,3.5,15,3,0,Routine,0
O002010,C0136,R0084,2026-07-09,Thursday,12,536,Desserts,4.1,32,3,1,Friends,1
O002011,C0136,R0002,2025-09-18,Thursday,17,228,Maharashtrian,4.4,29,4,0,Movie Night,0
O002012,C0136,R0084,2026-08-08,Saturday,10,525,Desserts,4.1,32,5,1,Friends,1
O002013,C0136,R0004,2026-04-21,Tuesday,14,309,South Indian,4.4,43,5,0,Late Night,0
O002014,C0136,R0130,2026-02-05,Thursday,13,403,South Indian,4.1,26,4,0,Friends,1
O002015,C0136,R0109,2026-03-26,Thursday,17,995,Desserts,4.3,29,5,0,Date Night,1
O002016,C0136,R0084,2025-12-31,Wednesday,23,618,Desserts,4.1,32,3,1,Late Night,1
O002017,C0136,R0014,2026-02-07,Saturday,21,571,Maharashtrian,4.1,35,4,0,Routine,0
O002018,C0136,R0095,2026-01-03,Saturday,18,583,North Indian,3.8,25,3,1,Routine,0
O002019,C0136,R0106,2025-11-20,Thursday,8,296,Healthy,4.3,46,3,0,Routine,1
O002020,C0136,R0028,2026-06-29,Monday,9,445,South Indian,4.2,38,4,1,Routine,0
O002021,C0136,R0085,2026-04-19,Sunday,10,296,Desserts,3.4,26,4,0,Routine,1
O002022,C0136,R0109,2025-10-09,Thursday,13,989,Desserts,4.3,29,3,1,Date Night,1
O002023,C0136,R0106,2026-08-20,Thursday,14,298,Healthy,4.3,46,4,1,Family,1
O002024,C0136,R0109,2026-05-06,Wednesday,17,1074,Desserts,4.3,29,3,0,Work Lunch,1
O002025,C0136,R0115,2026-07-28,Tuesday,21,840,Biryani,3.6,38,3,0,Late Night,0
O002026,C0136,R0121,2026-06-11,Thursday,22,341,Italian,4.8,41,5,0,Family,0
O002027,C0136,R0078,2026-08-31,Monday,12,352,Biryani,3.7,15,3,1,Movie Night,0
O002028,C0136,R0085,2026-08-03,Monday,8,286,Desserts,3.4,26,3,1,Work Lunch,1
O002029,C0136,R0109,2026-03-21,Saturday,12,927,Desserts,4.3,29,5,1,Routine,1
O002030,C0136,R0098,2025-09-27,Saturday,8,679,Burgers,4.1,33,4,1,Movie Night,0
O002031,C0136,R0130,2026-01-09,Friday,17,393,South Indian,4.1,26,4,1,Routine,1
O002032,C0137,R0080,2026-05-14,Thursday,18,476,South Indian,4.7,27,4,1,Friends,1
O002033,C0137,R0049,2026-03-24,Tuesday,23,365,Desserts,4.6,22,5,1,Friends,1
O002034,C0137,R0049,2026-02-14,Saturday,18,390,Desserts,4.6,22,3,0,Routine,1
O002035,C0137,R0049,2026-02-16,Monday,22,319,Desserts,4.6,22,5,0,Late Night,1
O002036,C0137,R0141,2026-04-06,Monday,21,864,Burgers,4.2,26,5,0,Routine,1
O002037,C0137,R0138,2026-06-19,Friday,22,936,North Indian,4.6,22,4,0,Routine,1
O002038,C0137,R0131,2025-11-25,Tuesday,13,658,South Indian,4.4,28,4,0,Work Lunch,1
O002039,C0137,R0141,2026-05-09,Saturday,14,731,Burgers,4.2,26,4,1,Routine,1
O002040,C0137,R0043,2025-11-12,Wednesday,12,324,Pizza,4.3,15,5,0,Family,0
O002041,C0137,R0131,2026-05-13,Wednesday,13,574,South Indian,4.4,28,3,0,Movie Night,1
O002042,C0137,R0090,2025-12-03,Wednesday,17,1040,Maharashtrian,4.5,33,4,0,Routine,1
O002043,C0137,R0141,2025-09-06,Saturday,21,684,Burgers,4.2,26,4,1,Work Lunch,1
O002044,C0137,R0049,2026-02-24,Tuesday,23,313,Desserts,4.6,22,4,0,Family,1
O002045,C0137,R0131,2026-02-21,Saturday,8,377,South Indian,4.4,28,5,0,Routine,1
O002046,C0137,R0141,2026-05-16,Saturday,12,512,Burgers,4.2,26,4,0,Routine,1
O002047,C0137,R0080,2026-02-19,Thursday,21,510,South Indian,4.7,27,5,0,Friends,1
O002048,C0137,R0021,2026-05-18,Monday,13,595,Thai,4.1,34,3,1,Family,0
O002049,C0137,R0092,2026-05-30,Saturday,20,879,South Indian,4.5,15,3,0,Family,1
O002050,C0137,R0079,2026-07-12,Sunday,12,439,Chinese,4.1,36,3,0,Work Lunch,0
O002051,C0137,R0138,2025-09-22,Monday,18,918,North Indian,4.6,22,4,1,Late Night,1
O002052,C0137,R0147,2026-07-01,Wednesday,19,304,Biryani,3.9,17,5,1,Routine,0
O002053,C0137,R0092,2026-04-23,Thursday,8,1126,South Indian,4.5,15,4,1,Routine,1
O002054,C0137,R0090,2025-09-11,Thursday,17,910,Maharashtrian,4.5,33,5,0,Family,1
O002055,C0138,R0006,2025-10-04,Saturday,18,566,Chinese,3.5,26,3,1,Movie Night,1
O002056,C0138,R0030,2026-04-03,Friday,18,292,Thai,4.0,38,4,0,Movie Night,0
O002057,C0138,R0024,2026-07-10,Friday,20,650,Burgers,4.1,43,5,0,Routine,1
O002058,C0138,R0125,2026-02-10,Tuesday,20,291,Pizza,3.8,29,4,1,Routine,0
O002059,C0138,R0032,2026-01-15,Thursday,13,532,Italian,4.3,34,5,0,Movie Night,0
O002060,C0138,R0046,2025-09-21,Sunday,12,386,South Indian,4.4,45,5,0,Friends,1
O002061,C0138,R0136,2026-06-25,Thursday,13,481,Chinese,3.6,45,4,0,Work Lunch,0
O002062,C0138,R0067,2025-09-04,Thursday,19,385,Cafe,3.9,32,4,0,Routine,0
O002063,C0138,R0006,2025-12-24,Wednesday,18,467,Chinese,3.5,26,3,0,Routine,1
O002064,C0138,R0046,2025-09-03,Wednesday,17,422,South Indian,4.4,45,4,1,Routine,1
O002065,C0138,R0024,2025-10-10,Friday,23,512,Burgers,4.1,43,4,0,Date Night,1
O002066,C0138,R0024,2026-06-03,Wednesday,19,803,Burgers,4.1,43,3,1,Late Night,1
O002067,C0139,R0062,2025-09-10,Wednesday,19,240,Maharashtrian,3.7,23,4,1,Movie Night,1
O002068,C0139,R0109,2026-07-26,Sunday,23,1068,Desserts,4.3,29,3,1,Routine,0
O002069,C0139,R0117,2026-07-06,Monday,21,495,Italian,3.9,43,3,1,Routine,0
O002070,C0139,R0039,2026-06-26,Friday,12,832,Biryani,3.7,28,3,1,Family,0
O002071,C0139,R0096,2026-06-11,Thursday,13,494,Chinese,4.1,24,4,1,Date Night,0
O002072,C0139,R0102,2025-12-31,Wednesday,17,749,Cafe,3.7,34,5,0,Family,0
O002073,C0139,R0041,2026-02-17,Tuesday,10,470,Biryani,4.5,30,5,0,Family,0
O002074,C0139,R0062,2025-12-13,Saturday,8,356,Maharashtrian,3.7,23,4,1,Friends,1
O002075,C0140,R0055,2025-10-12,Sunday,14,979,Biryani,3.6,31,5,1,Friends,0
O002076,C0140,R0146,2026-05-05,Tuesday,8,326,Chinese,3.2,28,5,0,Routine,0
O002077,C0140,R0013,2026-01-12,Monday,10,1118,South Indian,4.1,44,4,1,Friends,0
O002078,C0140,R0087,2026-08-11,Tuesday,13,544,Cafe,4.3,36,5,1,Work Lunch,1
O002079,C0140,R0087,2026-04-08,Wednesday,12,568,Cafe,4.3,36,5,1,Friends,1
O002080,C0140,R0011,2026-03-06,Friday,9,396,Chinese,4.0,36,4,1,Date Night,0
O002081,C0140,R0053,2026-01-27,Tuesday,13,373,Cafe,4.4,26,5,1,Late Night,1
O002082,C0140,R0076,2026-08-22,Saturday,19,306,Healthy,3.8,19,4,1,Friends,0
O002083,C0140,R0023,2025-10-11,Saturday,10,723,Cafe,4.1,21,4,0,Movie Night,1
O002084,C0140,R0134,2025-09-03,Wednesday,12,809,Maharashtrian,4.3,28,4,1,Routine,0
O002085,C0140,R0149,2026-01-18,Sunday,10,267,North Indian,4.7,34,5,1,Routine,0
O002086,C0140,R0029,2026-04-21,Tuesday,14,1165,Chinese,4.3,43,5,1,Routine,0
O002087,C0140,R0023,2026-06-02,Tuesday,18,616,Cafe,4.1,21,5,1,Family,1
O002088,C0140,R0059,2026-05-06,Wednesday,21,472,Cafe,4.4,33,2,1,Family,0
O002089,C0140,R0118,2025-10-14,Tuesday,14,528,Chinese,4.6,37,5,1,Date Night,0
O002090,C0140,R0053,2026-03-01,Sunday,10,361,Cafe,4.4,26,4,1,Work Lunch,1
O002091,C0140,R0003,2025-12-07,Sunday,19,310,Chinese,4.0,24,3,1,Late Night,0
O002092,C0140,R0075,2025-09-11,Thursday,20,422,South Indian,4.2,43,1,1,Date Night,0
O002093,C0141,R0142,2025-10-16,Thursday,9,521,South Indian,4.4,36,4,0,Routine,0
O002094,C0141,R0146,2026-02-24,Tuesday,10,275,Chinese,3.2,28,3,0,Family,1
O002095,C0141,R0101,2026-08-21,Friday,19,327,Chinese,4.2,27,5,1,Routine,0
O002096,C0141,R0146,2026-07-22,Wednesday,14,291,Chinese,3.2,28,4,1,Routine,1
O002097,C0141,R0001,2026-03-20,Friday,23,284,South Indian,3.9,38,4,1,Date Night,0
O002098,C0141,R0011,2025-10-25,Saturday,23,229,Chinese,4.0,36,5,1,Family,0
O002099,C0141,R0010,2026-03-27,Friday,12,277,Desserts,3.5,15,5,1,Routine,0
O002100,C0141,R0120,2026-07-16,Thursday,21,685,Biryani,4.0,39,4,1,Work Lunch,0
O002101,C0141,R0009,2026-06-29,Monday,22,456,Biryani,4.4,30,5,1,Friends,0
O002102,C0141,R0075,2025-12-27,Saturday,21,413,South Indian,4.2,43,4,0,Late Night,0
O002103,C0142,R0127,2026-05-13,Wednesday,19,404,Pizza,4.4,34,2,1,Date Night,0
O002104,C0142,R0041,2026-03-19,Thursday,14,1231,Biryani,4.5,30,5,1,Friends,0
O002105,C0142,R0121,2025-12-12,Friday,8,369,Italian,4.8,41,4,1,Routine,0
O002106,C0142,R0062,2025-12-07,Sunday,8,304,Maharashtrian,3.7,23,3,1,Family,0
O002107,C0142,R0014,2025-09-10,Wednesday,21,669,Maharashtrian,4.1,35,4,0,Late Night,1
O002108,C0142,R0014,2026-07-31,Friday,14,829,Maharashtrian,4.1,35,4,1,Work Lunch,1
O002109,C0142,R0017,2025-09-05,Friday,14,370,Chinese,4.4,65,4,0,Movie Night,0
O002110,C0142,R0039,2025-10-15,Wednesday,10,621,Biryani,3.7,28,5,0,Movie Night,0
O002111,C0142,R0084,2026-07-03,Friday,19,795,Desserts,4.1,32,4,1,Family,0
O002112,C0143,R0035,2025-10-31,Friday,20,457,Desserts,4.6,27,3,1,Routine,1
O002113,C0143,R0114,2026-05-13,Wednesday,19,282,Chinese,3.6,33,5,1,Late Night,0
O002114,C0143,R0012,2026-02-23,Monday,9,350,Pizza,3.3,27,4,1,Friends,1
O002115,C0143,R0094,2025-09-18,Thursday,23,377,Italian,4.4,42,3,1,Movie Night,1
O002116,C0143,R0037,2026-02-11,Wednesday,12,344,Maharashtrian,4.6,45,3,1,Routine,0
O002117,C0143,R0083,2026-04-07,Tuesday,13,614,Healthy,4.3,36,4,1,Routine,1
O002118,C0143,R0068,2025-10-26,Sunday,8,474,Thai,4.3,20,3,1,Late Night,1
O002119,C0143,R0035,2026-08-08,Saturday,10,343,Desserts,4.6,27,5,1,Friends,1
O002120,C0143,R0060,2026-03-15,Sunday,10,309,Italian,4.3,43,4,1,Routine,0
O002121,C0143,R0035,2026-03-31,Tuesday,9,485,Desserts,4.6,27,5,0,Late Night,1
O002122,C0143,R0035,2026-03-07,Saturday,9,384,Desserts,4.6,27,5,1,Work Lunch,1
O002123,C0143,R0035,2026-02-02,Monday,17,342,Desserts,4.6,27,4,1,Routine,1
O002124,C0143,R0068,2026-01-25,Sunday,14,472,Thai,4.3,20,3,0,Routine,1
O002125,C0143,R0089,2025-10-19,Sunday,10,468,Chinese,3.9,30,4,1,Late Night,1
O002126,C0143,R0083,2026-07-07,Tuesday,20,420,Healthy,4.3,36,4,1,Movie Night,1
O002127,C0143,R0094,2026-03-06,Friday,9,334,Italian,4.4,42,3,1,Routine,1
O002128,C0143,R0083,2026-01-15,Thursday,23,543,Healthy,4.3,36,4,1,Routine,1
O002129,C0143,R0086,2025-11-04,Tuesday,10,212,Italian,4.4,23,3,1,Family,1
O002130,C0143,R0083,2026-06-27,Saturday,23,685,Healthy,4.3,36,4,1,Routine,1
O002131,C0143,R0068,2025-09-27,Saturday,13,640,Thai,4.3,20,4,1,Routine,1
O002132,C0143,R0086,2026-06-10,Wednesday,23,262,Italian,4.4,23,4,1,Family,1
O002133,C0143,R0012,2025-10-12,Sunday,23,374,Pizza,3.3,27,5,1,Friends,1
O002134,C0143,R0094,2026-06-24,Wednesday,22,401,Italian,4.4,42,4,1,Family,1
O002135,C0143,R0089,2026-06-11,Thursday,21,487,Chinese,3.9,30,5,1,Routine,1
O002136,C0144,R0061,2026-03-27,Friday,23,641,Burgers,4.5,34,4,1,Late Night,0
O002137,C0144,R0006,2026-02-08,Sunday,17,565,Chinese,3.5,26,5,1,Routine,0
O002138,C0144,R0125,2026-02-19,Thursday,13,306,Pizza,3.8,29,4,0,Date Night,0
O002139,C0144,R0024,2025-11-11,Tuesday,9,857,Burgers,4.1,43,2,0,Routine,0
O002140,C0144,R0105,2026-06-30,Tuesday,8,266,North Indian,3.8,47,5,1,Routine,0
O002141,C0144,R0099,2026-05-04,Monday,8,313,North Indian,3.8,28,5,1,Work Lunch,1
O002142,C0144,R0099,2026-03-05,Thursday,17,252,North Indian,3.8,28,5,1,Family,1
O002143,C0144,R0136,2026-01-15,Thursday,10,430,Chinese,3.6,45,3,0,Family,0
O002144,C0144,R0007,2026-06-16,Tuesday,23,676,Chinese,4.2,23,4,0,Routine,1
O002145,C0144,R0124,2026-02-20,Friday,10,434,Healthy,4.4,15,3,1,Routine,0
O002146,C0144,R0007,2026-06-20,Saturday,22,614,Chinese,4.2,23,5,1,Movie Night,1
O002147,C0145,R0109,2026-07-21,Tuesday,23,1109,Desserts,4.3,29,4,0,Routine,1
O002148,C0145,R0062,2025-12-22,Monday,22,316,Maharashtrian,3.7,23,4,0,Friends,0
O002149,C0145,R0078,2025-11-27,Thursday,22,383,Biryani,3.7,15,2,0,Late Night,0
O002150,C0145,R0117,2026-08-17,Monday,19,523,Italian,3.9,43,4,0,Routine,1
O002151,C0145,R0084,2026-03-29,Sunday,8,631,Desserts,4.1,32,3,1,Friends,1
O002152,C0145,R0085,2026-01-19,Monday,20,276,Desserts,3.4,26,5,0,Date Night,0
O002153,C0145,R0127,2025-12-07,Sunday,18,374,Pizza,4.4,34,5,1,Family,1
O002154,C0145,R0117,2025-10-02,Thursday,17,568,Italian,3.9,43,4,0,Routine,1
O002155,C0145,R0026,2026-08-09,Sunday,17,519,Healthy,4.0,38,5,0,Routine,0
O002156,C0145,R0084,2026-05-30,Saturday,13,839,Desserts,4.1,32,4,0,Routine,1
O002157,C0145,R0127,2026-03-28,Saturday,20,352,Pizza,4.4,34,4,1,Work Lunch,1
O002158,C0145,R0064,2026-06-25,Thursday,13,1182,North Indian,3.9,53,4,0,Routine,1
O002159,C0145,R0064,2026-07-14,Tuesday,9,1033,North Indian,3.9,53,5,0,Friends,1
O002160,C0145,R0028,2026-01-10,Saturday,21,418,South Indian,4.2,38,4,0,Family,0
O002161,C0145,R0015,2025-09-02,Tuesday,9,238,Healthy,4.3,15,4,0,Work Lunch,0
O002162,C0145,R0106,2025-12-08,Monday,22,332,Healthy,4.3,46,4,0,Routine,0
O002163,C0145,R0109,2025-11-06,Thursday,20,952,Desserts,4.3,29,4,0,Routine,1
O002164,C0145,R0127,2026-07-27,Monday,20,280,Pizza,4.4,34,3,0,Routine,1
O002165,C0145,R0109,2026-08-11,Tuesday,12,966,Desserts,4.3,29,5,0,Routine,1
O002166,C0145,R0041,2025-09-22,Monday,12,1279,Biryani,4.5,30,4,1,Late Night,0
O002167,C0145,R0004,2025-09-25,Thursday,22,188,South Indian,4.4,43,5,0,Routine,0
O002168,C0146,R0066,2026-03-23,Monday,10,1106,Pizza,4.3,30,4,1,Late Night,1
O002169,C0146,R0022,2026-01-21,Wednesday,9,645,Biryani,3.7,38,2,1,Family,0
O002170,C0146,R0033,2026-08-01,Saturday,12,424,Cafe,4.2,33,4,1,Friends,0
O002171,C0146,R0048,2026-08-24,Monday,8,248,Cafe,4.6,29,3,1,Work Lunch,0
O002172,C0146,R0036,2026-02-23,Monday,12,633,Biryani,3.9,40,4,0,Work Lunch,1
O002173,C0146,R0056,2025-11-16,Sunday,22,576,Biryani,3.8,49,4,1,Friends,0
O002174,C0146,R0066,2025-11-04,Tuesday,14,1211,Pizza,4.3,30,4,1,Routine,1
O002175,C0146,R0058,2026-03-31,Tuesday,17,437,North Indian,4.7,24,4,1,Friends,0
O002176,C0146,R0072,2026-08-16,Sunday,13,268,Cafe,4.4,19,4,1,Work Lunch,0
O002177,C0146,R0036,2025-12-14,Sunday,21,1004,Biryani,3.9,40,4,1,Routine,1
O002178,C0146,R0019,2026-03-20,Friday,14,341,Biryani,4.1,34,4,1,Routine,0
O002179,C0147,R0123,2026-08-08,Saturday,21,794,South Indian,3.8,37,5,1,Routine,0
O002180,C0147,R0129,2026-05-10,Sunday,13,233,Cafe,4.6,46,3,1,Work Lunch,1
O002181,C0147,R0124,2026-01-09,Friday,8,433,Healthy,4.4,15,1,1,Work Lunch,0
O002182,C0147,R0110,2025-11-22,Saturday,8,348,Italian,4.7,33,3,1,Date Night,0
O002183,C0147,R0104,2025-10-02,Thursday,22,684,Cafe,4.3,38,4,1,Work Lunch,1
O002184,C0147,R0119,2026-01-28,Wednesday,12,461,Desserts,4.2,37,5,1,Work Lunch,1
O002185,C0147,R0070,2026-01-27,Tuesday,10,222,Cafe,3.6,24,3,1,Routine,1
O002186,C0147,R0125,2025-12-01,Monday,17,327,Pizza,3.8,29,5,1,Date Night,0
O002187,C0147,R0119,2026-05-02,Saturday,23,445,Desserts,4.2,37,5,1,Date Night,1
O002188,C0147,R0119,2025-10-05,Sunday,20,457,Desserts,4.2,37,4,1,Work Lunch,1
O002189,C0147,R0104,2026-02-04,Wednesday,21,672,Cafe,4.3,38,5,1,Routine,1
O002190,C0147,R0129,2025-12-13,Saturday,22,183,Cafe,4.6,46,5,1,Movie Night,1
O002191,C0147,R0046,2026-05-04,Monday,17,490,South Indian,4.4,45,4,1,Routine,0
O002192,C0147,R0070,2026-05-05,Tuesday,12,203,Cafe,3.6,24,5,0,Work Lunch,1
O002193,C0148,R0014,2025-11-09,Sunday,8,635,Maharashtrian,4.1,35,5,0,Date Night,1
O002194,C0148,R0084,2026-07-29,Wednesday,18,711,Desserts,4.1,32,4,1,Work Lunch,1
O002195,C0148,R0014,2026-06-11,Thursday,19,579,Maharashtrian,4.1,35,3,1,Friends,1
O002196,C0148,R0084,2025-11-15,Saturday,9,504,Desserts,4.1,32,4,1,Routine,1
O002197,C0148,R0097,2026-03-10,Tuesday,19,497,Chinese,4.9,24,5,0,Routine,0
O002198,C0148,R0045,2025-10-22,Wednesday,13,1556,Maharashtrian,4.7,38,4,1,Movie Night,1
O002199,C0148,R0078,2026-05-24,Sunday,23,313,Biryani,3.7,15,4,1,Routine,1
O002200,C0148,R0121,2026-03-27,Friday,8,371,Italian,4.8,41,2,1,Routine,1
O002201,C0148,R0004,2025-10-26,Sunday,12,226,South Indian,4.4,43,3,1,Movie Night,1
O002202,C0148,R0109,2026-01-09,Friday,23,953,Desserts,4.3,29,3,1,Routine,1
O002203,C0148,R0015,2026-08-10,Monday,19,336,Healthy,4.3,15,5,0,Movie Night,1
O002204,C0148,R0004,2026-06-23,Tuesday,23,271,South Indian,4.4,43,5,1,Late Night,1
O002205,C0148,R0017,2025-12-04,Thursday,21,281,Chinese,4.4,65,5,0,Work Lunch,0
O002206,C0148,R0109,2026-05-30,Saturday,8,1230,Desserts,4.3,29,4,1,Routine,1
O002207,C0148,R0045,2025-09-12,Friday,14,970,Maharashtrian,4.7,38,3,1,Date Night,1
O002208,C0148,R0121,2026-06-12,Friday,17,290,Italian,4.8,41,4,0,Family,1
O002209,C0148,R0078,2025-09-02,Tuesday,18,303,Biryani,3.7,15,4,1,Routine,1
O002210,C0148,R0002,2025-10-27,Monday,22,143,Maharashtrian,4.4,29,5,0,Routine,0
O002211,C0148,R0102,2026-04-07,Tuesday,13,1149,Cafe,3.7,34,4,1,Friends,0
O002212,C0148,R0004,2026-01-19,Monday,20,253,South Indian,4.4,43,4,0,Routine,1
O002213,C0148,R0109,2026-03-26,Thursday,21,991,Desserts,4.3,29,4,0,Movie Night,1
O002214,C0148,R0015,2026-07-07,Tuesday,20,268,Healthy,4.3,15,2,0,Family,1
O002215,C0148,R0039,2025-10-21,Tuesday,17,827,Biryani,3.7,28,1,0,Work Lunch,0
O002216,C0148,R0106,2025-12-11,Thursday,12,252,Healthy,4.3,46,5,1,Routine,0
O002217,C0149,R0044,2026-02-21,Saturday,14,239,Thai,4.2,17,5,1,Work Lunch,0
O002218,C0149,R0072,2026-01-03,Saturday,19,295,Cafe,4.4,19,3,1,Routine,0
O002219,C0149,R0074,2025-12-27,Saturday,17,273,Cafe,4.6,27,3,1,Late Night,1
O002220,C0149,R0033,2025-09-10,Wednesday,22,283,Cafe,4.2,33,3,1,Routine,1
O002221,C0149,R0103,2026-06-18,Thursday,10,188,Italian,4.9,32,4,1,Routine,1
O002222,C0149,R0040,2025-09-24,Wednesday,12,361,South Indian,4.6,27,3,1,Work Lunch,0
O002223,C0149,R0033,2026-06-02,Tuesday,22,452,Cafe,4.2,33,3,1,Routine,1
O002224,C0149,R0048,2026-08-16,Sunday,19,303,Cafe,4.6,29,5,1,Work Lunch,0
O002225,C0149,R0074,2025-11-10,Monday,12,312,Cafe,4.6,27,4,1,Friends,1
O002226,C0149,R0144,2025-12-22,Monday,14,224,Burgers,4.2,23,5,1,Routine,0
O002227,C0149,R0103,2026-01-11,Sunday,8,264,Italian,4.9,32,5,1,Movie Night,1
O002228,C0149,R0122,2026-03-30,Monday,9,266,North Indian,4.0,35,3,1,Late Night,0
O002229,C0149,R0027,2026-07-28,Tuesday,20,435,Maharashtrian,4.5,48,4,1,Movie Night,0
O002230,C0149,R0019,2025-12-18,Thursday,9,280,Biryani,4.1,34,5,1,Routine,0
O002231,C0150,R0103,2026-01-01,Thursday,20,273,Italian,4.9,32,5,0,Routine,1
O002232,C0150,R0103,2026-01-08,Thursday,23,168,Italian,4.9,32,3,0,Family,1
O002233,C0150,R0008,2026-07-21,Tuesday,23,560,Biryani,3.9,25,4,0,Routine,0
O002234,C0150,R0081,2026-05-03,Sunday,22,365,Pizza,4.1,42,5,1,Routine,0
O002235,C0150,R0056,2025-11-26,Wednesday,21,429,Biryani,3.8,49,4,1,Date Night,1
O002236,C0150,R0022,2025-09-05,Friday,18,525,Biryani,3.7,38,4,1,Date Night,0
O002237,C0150,R0056,2025-12-21,Sunday,23,636,Biryani,3.8,49,5,1,Work Lunch,1
O002238,C0150,R0027,2026-02-18,Wednesday,9,317,Maharashtrian,4.5,48,4,1,Routine,0
O002239,C0150,R0056,2026-06-27,Saturday,12,580,Biryani,3.8,49,3,0,Late Night,1
O002240,C0150,R0048,2026-01-22,Thursday,8,179,Cafe,4.6,29,5,1,Work Lunch,0
O002241,C0150,R0103,2026-02-27,Friday,14,268,Italian,4.9,32,5,0,Date Night,1
O002242,C0150,R0103,2026-06-13,Saturday,22,393,Italian,4.9,32,4,0,Routine,1
O002243,C0150,R0074,2025-10-21,Tuesday,21,253,Cafe,4.6,27,5,0,Family,0
O002244,C0151,R0065,2026-08-09,Sunday,13,789,Healthy,4.8,37,4,0,Routine,0
O002245,C0151,R0010,2025-11-21,Friday,12,389,Desserts,3.5,15,3,1,Friends,1
O002246,C0151,R0073,2025-12-02,Tuesday,12,706,Maharashtrian,4.4,18,5,0,Movie Night,0
O002247,C0151,R0076,2025-12-12,Friday,10,498,Healthy,3.8,19,4,0,Routine,0
O002248,C0151,R0053,2025-10-03,Friday,21,252,Cafe,4.4,26,5,0,Work Lunch,1
O002249,C0151,R0009,2026-07-15,Wednesday,10,432,Biryani,4.4,30,4,1,Routine,0
O002250,C0151,R0148,2025-12-15,Monday,14,495,Burgers,3.8,32,4,0,Friends,0
O002251,C0151,R0135,2026-02-02,Monday,21,542,Desserts,4.2,31,3,0,Work Lunch,1
O002252,C0151,R0142,2026-08-20,Thursday,9,800,South Indian,4.4,36,4,1,Movie Night,0
O002253,C0151,R0055,2025-11-22,Saturday,18,1301,Biryani,3.6,31,5,1,Work Lunch,0
O002254,C0151,R0135,2025-11-28,Friday,14,776,Desserts,4.2,31,5,0,Routine,1
O002255,C0151,R0069,2025-11-30,Sunday,21,682,South Indian,4.4,30,4,0,Movie Night,0
O002256,C0151,R0013,2026-04-05,Sunday,9,1116,South Indian,4.1,44,5,0,Routine,0
O002257,C0151,R0010,2025-11-21,Friday,12,257,Desserts,3.5,15,5,0,Routine,1
O002258,C0151,R0053,2026-04-02,Thursday,9,396,Cafe,4.4,26,5,1,Work Lunch,1
O002259,C0152,R0089,2026-08-26,Wednesday,10,539,Chinese,3.9,30,4,0,Routine,0
O002260,C0152,R0083,2026-05-26,Tuesday,22,869,Healthy,4.3,36,4,1,Family,1
O002261,C0152,R0012,2026-08-14,Friday,19,280,Pizza,3.3,27,5,0,Late Night,1
O002262,C0152,R0018,2026-07-01,Wednesday,20,253,Pizza,3.5,47,4,1,Late Night,1
O002263,C0152,R0035,2026-04-21,Tuesday,10,374,Desserts,4.6,27,5,1,Movie Night,1
O002264,C0152,R0035,2026-07-03,Friday,19,236,Desserts,4.6,27,4,1,Friends,1
O002265,C0152,R0083,2025-12-21,Sunday,18,672,Healthy,4.3,36,5,0,Work Lunch,1
O002266,C0152,R0068,2026-07-11,Saturday,23,494,Thai,4.3,20,2,0,Work Lunch,0
O002267,C0152,R0035,2026-02-10,Tuesday,13,471,Desserts,4.6,27,2,1,Family,1
O002268,C0152,R0012,2025-09-12,Friday,12,377,Pizza,3.3,27,3,1,Work Lunch,1
O002269,C0152,R0018,2026-03-13,Friday,23,201,Pizza,3.5,47,4,1,Family,1
O002270,C0152,R0114,2025-10-18,Saturday,20,247,Chinese,3.6,33,2,0,Routine,0
O002271,C0153,R0121,2026-08-23,Sunday,10,452,Italian,4.8,41,3,0,Movie Night,0
O002272,C0153,R0064,2025-12-28,Sunday,22,836,North Indian,3.9,53,4,1,Friends,0
O002273,C0153,R0102,2025-10-29,Wednesday,19,839,Cafe,3.7,34,3,0,Work Lunch,0
O002274,C0153,R0015,2026-07-31,Friday,20,334,Healthy,4.3,15,3,0,Friends,1
O002275,C0153,R0097,2025-11-10,Monday,8,448,Chinese,4.9,24,3,0,Family,0
O002276,C0153,R0028,2026-06-04,Thursday,12,494,South Indian,4.2,38,2,0,Date Night,1
O002277,C0153,R0062,2026-01-03,Saturday,8,298,Maharashtrian,3.7,23,4,1,Family,0
O002278,C0153,R0002,2026-07-09,Thursday,19,261,Maharashtrian,4.4,29,3,0,Movie Night,1
O002279,C0153,R0015,2026-01-03,Saturday,19,394,Healthy,4.3,15,3,1,Family,1
O002280,C0153,R0014,2026-02-22,Sunday,19,741,Maharashtrian,4.1,35,5,0,Family,1
O002281,C0153,R0028,2026-01-12,Monday,13,491,South Indian,4.2,38,5,0,Routine,1
O002282,C0153,R0014,2025-11-10,Monday,10,666,Maharashtrian,4.1,35,4,0,Routine,1
O002283,C0153,R0098,2026-05-11,Monday,12,652,Burgers,4.1,33,4,0,Routine,0
O002284,C0153,R0002,2025-12-23,Tuesday,22,222,Maharashtrian,4.4,29,3,0,Friends,1
O002285,C0153,R0096,2026-05-25,Monday,10,543,Chinese,4.1,24,4,0,Friends,0
O002286,C0153,R0015,2025-10-08,Wednesday,17,280,Healthy,4.3,15,4,1,Friends,1
O002287,C0153,R0127,2026-06-08,Monday,9,291,Pizza,4.4,34,3,0,Friends,1
O002288,C0153,R0127,2026-02-13,Friday,18,310,Pizza,4.4,34,5,0,Routine,1
O002289,C0153,R0028,2026-01-21,Wednesday,14,478,South Indian,4.2,38,4,0,Routine,1
O002290,C0153,R0095,2025-09-07,Sunday,23,750,North Indian,3.8,25,4,1,Routine,0
O002291,C0153,R0002,2026-08-08,Saturday,22,183,Maharashtrian,4.4,29,5,0,Routine,1
O002292,C0153,R0127,2025-09-17,Wednesday,9,430,Pizza,4.4,34,2,0,Routine,1
O002293,C0153,R0084,2026-07-25,Saturday,20,427,Desserts,4.1,32,4,1,Routine,0
O002294,C0153,R0004,2026-08-20,Thursday,12,312,South Indian,4.4,43,4,1,Work Lunch,1
O002295,C0153,R0041,2025-10-22,Wednesday,18,1053,Biryani,4.5,30,4,0,Date Night,0
O002296,C0153,R0004,2026-06-04,Thursday,21,251,South Indian,4.4,43,4,0,Work Lunch,1
O002297,C0154,R0016,2026-07-21,Tuesday,22,372,Burgers,4.5,33,3,1,Late Night,1
O002298,C0154,R0088,2025-09-15,Monday,22,423,Biryani,4.1,33,4,0,Routine,0
O002299,C0154,R0050,2026-03-01,Sunday,14,674,Biryani,4.0,26,3,0,Work Lunch,0
O002300,C0154,R0052,2025-10-30,Thursday,23,234,Thai,4.7,29,5,1,Movie Night,0
O002301,C0154,R0042,2026-07-29,Wednesday,13,218,Chinese,4.4,21,4,0,Date Night,0
O002302,C0154,R0071,2026-01-13,Tuesday,10,227,South Indian,4.1,48,4,1,Routine,0
O002303,C0154,R0140,2025-11-16,Sunday,20,456,Biryani,4.5,15,5,0,Friends,0
O002304,C0154,R0016,2026-06-05,Friday,18,453,Burgers,4.5,33,3,0,Routine,1
O002305,C0155,R0039,2026-05-27,Wednesday,23,612,Biryani,3.7,28,4,0,Routine,0
O002306,C0155,R0054,2025-11-30,Sunday,23,395,Chinese,3.6,34,5,0,Routine,0
O002307,C0155,R0115,2026-07-17,Friday,23,607,Biryani,3.6,38,4,0,Routine,1
O002308,C0155,R0121,2026-03-15,Sunday,18,401,Italian,4.8,41,4,1,Routine,0
O002309,C0155,R0130,2026-04-12,Sunday,18,351,South Indian,4.1,26,4,1,Routine,0
O002310,C0155,R0127,2026-07-05,Sunday,8,394,Pizza,4.4,34,5,0,Routine,0
O002311,C0155,R0002,2026-01-13,Tuesday,12,223,Maharashtrian,4.4,29,5,0,Work Lunch,0
O002312,C0155,R0004,2026-07-24,Friday,14,312,South Indian,4.4,43,5,0,Routine,0
O002313,C0155,R0026,2026-05-24,Sunday,13,438,Healthy,4.0,38,5,0,Family,1
O002314,C0155,R0041,2026-03-28,Saturday,17,838,Biryani,4.5,30,4,0,Family,1
O002315,C0155,R0115,2025-12-31,Wednesday,17,635,Biryani,3.6,38,4,1,Routine,1
O002316,C0155,R0115,2026-01-17,Saturday,19,462,Biryani,3.6,38,5,0,Routine,1
O002317,C0155,R0026,2026-02-13,Friday,14,524,Healthy,4.0,38,2,0,Friends,1
O002318,C0155,R0095,2026-03-08,Sunday,13,422,North Indian,3.8,25,5,0,Movie Night,0
O002319,C0155,R0117,2026-06-24,Wednesday,17,540,Italian,3.9,43,5,0,Friends,0
O002320,C0155,R0064,2026-06-11,Thursday,22,1156,North Indian,3.9,53,5,0,Routine,1
O002321,C0155,R0015,2026-04-30,Thursday,8,355,Healthy,4.3,15,4,0,Work Lunch,0
O002322,C0155,R0064,2026-01-03,Saturday,17,803,North Indian,3.9,53,5,0,Family,1
O002323,C0155,R0041,2026-07-13,Monday,19,970,Biryani,4.5,30,4,0,Work Lunch,1
O002324,C0155,R0084,2026-03-02,Monday,23,468,Desserts,4.1,32,4,0,Late Night,0
O002325,C0156,R0056,2026-07-18,Saturday,23,716,Biryani,3.8,49,5,1,Friends,1
O002326,C0156,R0112,2026-05-29,Friday,10,240,Thai,4.2,34,3,1,Routine,0
O002327,C0156,R0108,2025-10-03,Friday,13,214,North Indian,4.5,36,5,1,Date Night,1
O002328,C0156,R0008,2025-11-03,Monday,17,608,Biryani,3.9,25,5,1,Routine,1
O002329,C0156,R0144,2026-05-30,Saturday,9,276,Burgers,4.2,23,3,1,Movie Night,1
O002330,C0156,R0072,2026-05-30,Saturday,22,420,Cafe,4.4,19,4,0,Routine,0
O002331,C0156,R0019,2026-07-19,Sunday,22,497,Biryani,4.1,34,4,0,Routine,1
O002332,C0156,R0005,2026-07-28,Tuesday,10,533,Pizza,4.0,36,5,1,Family,1
O002333,C0156,R0019,2026-05-02,Saturday,18,389,Biryani,4.1,34,5,1,Movie Night,1
O002334,C0156,R0108,2026-01-07,Wednesday,19,194,North Indian,4.5,36,4,0,Routine,1
O002335,C0156,R0005,2025-12-07,Sunday,19,536,Pizza,4.0,36,5,1,Friends,1
O002336,C0156,R0022,2026-03-25,Wednesday,13,764,Biryani,3.7,38,4,0,Routine,1
O002337,C0156,R0074,2026-08-12,Wednesday,9,229,Cafe,4.6,27,5,0,Routine,1
O002338,C0156,R0056,2026-03-25,Wednesday,20,432,Biryani,3.8,49,5,1,Friends,1
O002339,C0156,R0081,2025-11-28,Friday,19,410,Pizza,4.1,42,4,1,Family,0
O002340,C0156,R0074,2026-08-10,Monday,21,225,Cafe,4.6,27,5,0,Friends,1
O002341,C0156,R0008,2026-03-29,Sunday,13,634,Biryani,3.9,25,5,1,Routine,1
O002342,C0156,R0111,2026-01-04,Sunday,17,410,Desserts,3.6,21,5,0,Date Night,0
O002343,C0156,R0022,2025-11-07,Friday,14,528,Biryani,3.7,38,4,0,Friends,1
O002344,C0156,R0056,2026-05-30,Saturday,17,633,Biryani,3.8,49,3,1,Routine,1
O002345,C0156,R0058,2026-02-07,Saturday,23,436,North Indian,4.7,24,3,0,Routine,0
O002346,C0156,R0019,2026-04-26,Sunday,8,472,Biryani,4.1,34,4,1,Movie Night,1
O002347,C0156,R0144,2026-01-29,Thursday,21,298,Burgers,4.2,23,5,1,Work Lunch,1
O002348,C0156,R0044,2026-03-02,Monday,23,323,Thai,4.2,17,2,1,Work Lunch,0
O002349,C0157,R0147,2026-01-28,Wednesday,8,328,Biryani,3.9,17,5,0,Routine,0
O002350,C0157,R0126,2025-12-28,Sunday,22,359,Italian,4.1,21,4,0,Friends,0
O002351,C0157,R0138,2026-02-23,Monday,19,1165,North Indian,4.6,22,2,0,Friends,1
O002352,C0157,R0080,2026-01-30,Friday,12,550,South Indian,4.7,27,4,1,Late Night,0
O002353,C0157,R0020,2025-09-13,Saturday,21,960,Biryani,4.2,28,4,1,Routine,1
O002354,C0157,R0141,2026-03-14,Saturday,13,710,Burgers,4.2,26,5,1,Work Lunch,0
O002355,C0157,R0020,2026-01-23,Friday,13,733,Biryani,4.2,28,5,0,Family,1
O002356,C0157,R0138,2026-05-31,Sunday,19,1082,North Indian,4.6,22,5,0,Movie Night,1
O002357,C0157,R0020,2025-09-13,Saturday,23,997,Biryani,4.2,28,5,0,Routine,1
O002358,C0157,R0143,2025-10-27,Monday,14,264,Desserts,4.0,25,4,0,Routine,0
O002359,C0157,R0021,2026-08-25,Tuesday,19,673,Thai,4.1,34,4,0,Family,0
O002360,C0157,R0092,2026-01-21,Wednesday,14,764,South Indian,4.5,15,5,0,Friends,0
O002361,C0158,R0089,2025-11-09,Sunday,18,417,Chinese,3.9,30,2,1,Family,1
O002362,C0158,R0089,2026-08-24,Monday,8,528,Chinese,3.9,30,3,0,Friends,1
O002363,C0158,R0018,2026-02-23,Monday,8,238,Pizza,3.5,47,5,1,Routine,0
O002364,C0158,R0037,2026-07-26,Sunday,8,340,Maharashtrian,4.6,45,4,0,Late Night,0
O002365,C0158,R0083,2026-01-29,Thursday,12,664,Healthy,4.3,36,5,1,Routine,1
O002366,C0158,R0068,2025-12-21,Sunday,12,614,Thai,4.3,20,5,0,Late Night,0
O002367,C0158,R0035,2026-03-02,Monday,12,337,Desserts,4.6,27,4,0,Movie Night,0
O002368,C0158,R0083,2026-01-11,Sunday,20,703,Healthy,4.3,36,4,1,Routine,1
O002369,C0158,R0060,2026-08-30,Sunday,9,380,Italian,4.3,43,5,0,Work Lunch,1
O002370,C0158,R0060,2025-12-24,Wednesday,23,244,Italian,4.3,43,3,1,Routine,1
O002371,C0158,R0089,2025-10-24,Friday,9,520,Chinese,3.9,30,5,0,Routine,1
O002372,C0158,R0060,2026-07-06,Monday,18,270,Italian,4.3,43,5,1,Family,1
O002373,C0158,R0012,2025-11-04,Tuesday,19,347,Pizza,3.3,27,5,1,Routine,1
O002374,C0158,R0012,2025-12-12,Friday,12,420,Pizza,3.3,27,4,0,Family,1
O002375,C0158,R0089,2026-07-22,Wednesday,21,455,Chinese,3.9,30,5,1,Routine,1
O002376,C0158,R0114,2025-12-21,Sunday,10,223,Chinese,3.6,33,5,1,Work Lunch,1
O002377,C0158,R0083,2026-02-14,Saturday,12,660,Healthy,4.3,36,3,1,Routine,1
O002378,C0158,R0060,2026-03-29,Sunday,8,340,Italian,4.3,43,3,0,Friends,1
O002379,C0158,R0114,2025-10-14,Tuesday,23,295,Chinese,3.6,33,4,1,Family,1
O002380,C0158,R0083,2026-05-18,Monday,18,682,Healthy,4.3,36,3,0,Date Night,1
O002381,C0158,R0089,2026-02-16,Monday,17,540,Chinese,3.9,30,5,0,Routine,1
O002382,C0158,R0086,2026-05-16,Saturday,17,244,Italian,4.4,23,5,1,Date Night,0
O002383,C0159,R0033,2026-05-28,Thursday,8,387,Cafe,4.2,33,5,1,Routine,1
O002384,C0159,R0022,2025-12-05,Friday,12,660,Biryani,3.7,38,4,0,Movie Night,0
O002385,C0159,R0044,2025-09-17,Wednesday,20,297,Thai,4.2,17,3,0,Routine,0
O002386,C0159,R0008,2026-04-02,Thursday,9,782,Biryani,3.9,25,5,1,Family,1
O002387,C0159,R0005,2026-07-04,Saturday,19,712,Pizza,4.0,36,4,1,Late Night,0
O002388,C0159,R0072,2026-01-05,Monday,22,347,Cafe,4.4,19,4,1,Work Lunch,1
O002389,C0159,R0066,2026-05-01,Friday,21,1329,Pizza,4.3,30,4,0,Friends,0
O002390,C0159,R0074,2026-01-15,Thursday,22,164,Cafe,4.6,27,3,0,Routine,0
O002391,C0159,R0072,2026-07-04,Saturday,9,334,Cafe,4.4,19,5,1,Late Night,1
O002392,C0159,R0008,2026-04-02,Thursday,8,765,Biryani,3.9,25,3,0,Movie Night,1
O002393,C0159,R0033,2026-08-16,Sunday,12,353,Cafe,4.2,33,2,0,Work Lunch,1
O002394,C0159,R0008,2026-07-11,Saturday,23,547,Biryani,3.9,25,5,1,Routine,1
O002395,C0159,R0108,2025-10-01,Wednesday,9,210,North Indian,4.5,36,4,0,Routine,0
O002396,C0160,R0069,2025-10-08,Wednesday,23,404,South Indian,4.4,30,3,1,Routine,0
O002397,C0160,R0146,2026-05-29,Friday,21,172,Chinese,3.2,28,4,0,Date Night,1
O002398,C0160,R0034,2026-01-26,Monday,9,413,Burgers,4.8,40,5,1,Family,0
O002399,C0160,R0029,2025-12-26,Friday,12,900,Chinese,4.3,43,4,0,Work Lunch,1
O002400,C0160,R0146,2026-05-04,Monday,14,246,Chinese,3.2,28,5,0,Movie Night,1
O002401,C0160,R0137,2026-06-29,Monday,10,397,Chinese,4.3,35,3,0,Date Night,1
O002402,C0160,R0137,2026-03-29,Sunday,12,411,Chinese,4.3,35,4,1,Routine,1
O002403,C0160,R0013,2025-11-21,Friday,12,1133,South Indian,4.1,44,5,0,Family,0
O002404,C0160,R0011,2026-05-18,Monday,10,331,Chinese,4.0,36,4,0,Routine,0
O002405,C0160,R0001,2026-04-21,Tuesday,13,274,South Indian,3.9,38,3,0,Routine,0
O002406,C0160,R0029,2026-04-04,Saturday,9,958,Chinese,4.3,43,4,0,Routine,1
O002407,C0160,R0135,2025-09-20,Saturday,22,703,Desserts,4.2,31,5,0,Date Night,0
O002408,C0160,R0029,2026-01-30,Friday,10,657,Chinese,4.3,43,4,1,Family,1
O002409,C0160,R0120,2026-03-29,Sunday,22,511,Biryani,4.0,39,4,1,Routine,0
O002410,C0160,R0029,2026-03-08,Sunday,21,655,Chinese,4.3,43,3,1,Routine,1
O002411,C0160,R0065,2026-02-21,Saturday,12,977,Healthy,4.8,37,5,1,Work Lunch,0
O002412,C0160,R0149,2026-03-23,Monday,17,306,North Indian,4.7,34,5,0,Work Lunch,0
O002413,C0160,R0029,2025-09-25,Thursday,19,875,Chinese,4.3,43,4,0,Friends,1
O002414,C0161,R0120,2025-10-31,Friday,22,562,Biryani,4.0,39,2,0,Routine,0
O002415,C0161,R0065,2025-09-11,Thursday,8,924,Healthy,4.8,37,3,0,Late Night,0
O002416,C0161,R0029,2025-09-30,Tuesday,19,655,Chinese,4.3,43,3,0,Movie Night,0
O002417,C0161,R0135,2026-03-05,Thursday,17,678,Desserts,4.2,31,5,0,Work Lunch,0
O002418,C0161,R0137,2026-07-10,Friday,9,389,Chinese,4.3,35,5,1,Date Night,0
O002419,C0161,R0146,2025-09-15,Monday,17,369,Chinese,3.2,28,4,0,Routine,0
O002420,C0162,R0015,2026-04-23,Thursday,9,213,Healthy,4.3,15,4,1,Routine,0
O002421,C0162,R0054,2025-12-19,Friday,9,532,Chinese,3.6,34,4,0,Late Night,0
O002422,C0162,R0085,2025-12-22,Monday,13,312,Desserts,3.4,26,5,1,Movie Night,0
O002423,C0162,R0014,2026-03-03,Tuesday,8,519,Maharashtrian,4.1,35,5,1,Date Night,0
O002424,C0162,R0017,2026-05-20,Wednesday,19,254,Chinese,4.4,65,5,1,Routine,0
O002425,C0162,R0028,2026-06-21,Sunday,9,351,South Indian,4.2,38,3,0,Work Lunch,0
O002426,C0162,R0096,2026-05-08,Friday,17,434,Chinese,4.1,24,5,1,Date Night,0
O002427,C0162,R0095,2026-07-28,Tuesday,10,509,North Indian,3.8,25,4,1,Friends,0
O002428,C0163,R0020,2026-05-28,Thursday,13,851,Biryani,4.2,28,5,1,Routine,0
O002429,C0163,R0019,2025-09-22,Monday,9,332,Biryani,4.1,34,3,0,Routine,0
O002430,C0163,R0073,2026-06-12,Friday,8,766,Maharashtrian,4.4,18,4,0,Date Night,0
O002431,C0163,R0040,2026-04-19,Sunday,23,415,South Indian,4.6,27,2,1,Routine,0
O002432,C0163,R0086,2026-02-01,Sunday,12,263,Italian,4.4,23,5,0,Work Lunch,0
O002433,C0163,R0066,2026-08-09,Sunday,19,1127,Pizza,4.3,30,4,0,Friends,0
O002434,C0163,R0063,2026-05-30,Saturday,10,338,Pizza,4.2,32,4,1,Work Lunch,0
O002435,C0163,R0018,2025-12-19,Friday,12,230,Pizza,3.5,47,4,0,Friends,1
O002436,C0163,R0021,2026-07-13,Monday,22,758,Thai,4.1,34,5,1,Routine,0
O002437,C0163,R0126,2025-10-24,Friday,21,423,Italian,4.1,21,4,0,Work Lunch,0
O002438,C0163,R0138,2026-08-21,Friday,22,863,North Indian,4.6,22,3,0,Routine,0
O002439,C0163,R0034,2025-09-26,Friday,19,369,Burgers,4.8,40,4,1,Work Lunch,0
O002440,C0163,R0018,2026-06-18,Thursday,20,181,Pizza,3.5,47,5,0,Friends,1
O002441,C0163,R0009,2026-01-28,Wednesday,13,307,Biryani,4.4,30,3,1,Family,0
O002442,C0163,R0091,2025-09-10,Wednesday,22,326,Biryani,4.0,34,5,1,Late Night,0
O002443,C0163,R0109,2026-01-10,Saturday,20,642,Desserts,4.3,29,4,1,Date Night,0
O002444,C0163,R0055,2026-03-27,Friday,23,861,Biryani,3.6,31,5,0,Family,0
O002445,C0163,R0102,2026-06-22,Monday,20,825,Cafe,3.7,34,2,0,Late Night,0
O002446,C0163,R0108,2026-04-05,Sunday,23,250,North Indian,4.5,36,4,0,Friends,0
O002447,C0163,R0144,2026-03-13,Friday,23,178,Burgers,4.2,23,5,1,Friends,0
O002448,C0164,R0020,2026-06-11,Thursday,21,906,Biryani,4.2,28,4,1,Family,1
O002449,C0164,R0021,2026-07-06,Monday,22,601,Thai,4.1,34,4,1,Friends,1
O002450,C0164,R0079,2026-08-15,Saturday,23,407,Chinese,4.1,36,3,0,Late Night,1
O002451,C0164,R0049,2026-04-23,Thursday,9,245,Desserts,4.6,22,4,0,Movie Night,1
O002452,C0164,R0049,2026-01-31,Saturday,10,323,Desserts,4.6,22,4,0,Family,1
O002453,C0164,R0049,2026-03-08,Sunday,20,398,Desserts,4.6,22,3,0,Work Lunch,1
O002454,C0164,R0043,2026-06-20,Saturday,12,329,Pizza,4.3,15,3,1,Routine,1
O002455,C0164,R0025,2026-06-18,Thursday,9,850,Cafe,4.1,35,4,0,Routine,1
O002456,C0164,R0143,2026-05-16,Saturday,13,458,Desserts,4.0,25,3,1,Family,1
O002457,C0164,R0025,2025-12-10,Wednesday,10,1004,Cafe,4.1,35,4,0,Movie Night,1
O002458,C0164,R0043,2025-10-27,Monday,10,404,Pizza,4.3,15,3,1,Movie Night,1
O002459,C0164,R0049,2025-12-25,Thursday,13,298,Desserts,4.6,22,5,1,Date Night,1
O002460,C0164,R0143,2026-04-10,Friday,17,333,Desserts,4.0,25,4,1,Family,1
O002461,C0164,R0131,2025-09-30,Tuesday,17,552,South Indian,4.4,28,5,0,Friends,0
O002462,C0164,R0138,2025-09-13,Saturday,19,981,North Indian,4.6,22,5,0,Work Lunch,1
O002463,C0164,R0021,2026-03-24,Tuesday,21,607,Thai,4.1,34,4,0,Routine,1
O002464,C0164,R0141,2026-04-03,Friday,8,695,Burgers,4.2,26,5,1,Friends,1
O002465,C0164,R0080,2025-11-30,Sunday,22,572,South Indian,4.7,27,5,0,Routine,1
O002466,C0164,R0049,2026-06-16,Tuesday,22,377,Desserts,4.6,22,4,0,Routine,1
O002467,C0164,R0092,2026-07-09,Thursday,12,1302,South Indian,4.5,15,5,0,Routine,0
O002468,C0164,R0138,2026-08-07,Friday,20,973,North Indian,4.6,22,3,1,Movie Night,1
O002469,C0164,R0138,2026-07-31,Friday,12,580,North Indian,4.6,22,4,1,Movie Night,1
O002470,C0164,R0141,2026-05-26,Tuesday,10,526,Burgers,4.2,26,3,0,Friends,1
O002471,C0164,R0143,2026-06-16,Tuesday,23,312,Desserts,4.0,25,3,0,Routine,1
O002472,C0164,R0049,2026-01-25,Sunday,8,349,Desserts,4.6,22,5,0,Movie Night,1
O002473,C0164,R0080,2026-03-29,Sunday,21,536,South Indian,4.7,27,3,0,Routine,1
O002474,C0164,R0020,2025-11-13,Thursday,22,1074,Biryani,4.2,28,4,0,Family,1
O002475,C0164,R0141,2026-04-12,Sunday,14,714,Burgers,4.2,26,4,0,Routine,1
O002476,C0164,R0025,2025-11-16,Sunday,17,860,Cafe,4.1,35,4,0,Family,1
O002477,C0164,R0141,2026-03-04,Wednesday,19,686,Burgers,4.2,26,5,1,Friends,1
O002478,C0164,R0079,2026-04-12,Sunday,21,478,Chinese,4.1,36,5,0,Routine,1
O002479,C0164,R0079,2026-06-10,Wednesday,17,560,Chinese,4.1,36,3,0,Family,1
O002480,C0164,R0020,2026-02-25,Wednesday,17,832,Biryani,4.2,28,3,0,Friends,1
O002481,C0165,R0110,2025-12-21,Sunday,8,270,Italian,4.7,33,3,1,Family,0
O002482,C0165,R0123,2026-04-08,Wednesday,9,572,South Indian,3.8,37,4,1,Friends,1
O002483,C0165,R0125,2026-08-19,Wednesday,10,314,Pizza,3.8,29,5,0,Date Night,0
O002484,C0165,R0123,2026-05-30,Saturday,14,869,South Indian,3.8,37,4,1,Family,1
O002485,C0165,R0067,2025-11-02,Sunday,13,519,Cafe,3.9,32,5,0,Movie Night,0
O002486,C0165,R0139,2026-01-16,Friday,17,223,North Indian,4.4,29,4,0,Family,0
O002487,C0165,R0093,2026-01-03,Saturday,20,268,Pizza,4.7,28,5,1,Date Night,0
O002488,C0165,R0006,2026-02-08,Sunday,19,515,Chinese,3.5,26,4,0,Routine,0
O002489,C0165,R0070,2025-09-22,Monday,8,235,Cafe,3.6,24,2,0,Movie Night,0
O002490,C0165,R0030,2025-11-25,Tuesday,18,188,Thai,4.0,38,4,0,Date Night,1
O002491,C0165,R0030,2025-09-02,Tuesday,8,192,Thai,4.0,38,3,1,Friends,1
O002492,C0165,R0061,2026-05-23,Saturday,17,710,Burgers,4.5,34,5,1,Family,0
O002493,C0165,R0007,2026-03-20,Friday,9,819,Chinese,4.2,23,2,0,Late Night,1
O002494,C0165,R0119,2025-10-31,Friday,23,381,Desserts,4.2,37,5,0,Work Lunch,0
O002495,C0165,R0024,2025-12-14,Sunday,9,838,Burgers,4.1,43,4,0,Routine,1
O002496,C0165,R0032,2025-12-09,Tuesday,20,539,Italian,4.3,34,3,0,Routine,0
O002497,C0165,R0024,2025-09-15,Monday,8,709,Burgers,4.1,43,4,1,Late Night,1
O002498,C0165,R0007,2026-03-13,Friday,19,604,Chinese,4.2,23,4,0,Routine,1
O002499,C0165,R0046,2026-07-30,Thursday,13,398,South Indian,4.4,45,5,1,Routine,0
O002500,C0165,R0107,2026-07-21,Tuesday,20,337,Healthy,4.0,48,5,0,Routine,0
O002501,C0165,R0136,2026-02-13,Friday,8,611,Chinese,3.6,45,5,1,Work Lunch,0
O002502,C0166,R0044,2025-12-01,Monday,21,360,Thai,4.2,17,4,0,Family,0
O002503,C0166,R0019,2026-06-27,Saturday,18,275,Biryani,4.1,34,4,1,Friends,0
O002504,C0166,R0036,2026-07-20,Monday,10,635,Biryani,3.9,40,5,0,Routine,0
O002505,C0166,R0033,2026-03-09,Monday,12,544,Cafe,4.2,33,5,0,Friends,0
O002506,C0166,R0066,2026-01-18,Sunday,8,1327,Pizza,4.3,30,4,1,Movie Night,1
O002507,C0166,R0072,2026-04-15,Wednesday,18,370,Cafe,4.4,19,5,0,Family,1
O002508,C0166,R0072,2026-03-21,Saturday,10,261,Cafe,4.4,19,5,0,Routine,1
O002509,C0166,R0048,2026-04-19,Sunday,10,243,Cafe,4.6,29,4,0,Friends,1
O002510,C0166,R0048,2026-03-31,Tuesday,21,259,Cafe,4.6,29,4,1,Routine,1
O002511,C0166,R0111,2025-11-11,Tuesday,14,200,Desserts,3.6,21,4,0,Routine,0
O002512,C0166,R0056,2025-10-19,Sunday,22,461,Biryani,3.8,49,4,0,Movie Night,1
O002513,C0166,R0144,2026-07-19,Sunday,18,233,Burgers,4.2,23,5,0,Late Night,1
O002514,C0166,R0056,2025-09-26,Friday,10,489,Biryani,3.8,49,4,0,Family,1
O002515,C0166,R0074,2026-07-07,Tuesday,9,206,Cafe,4.6,27,5,0,Date Night,1
O002516,C0166,R0008,2026-01-14,Wednesday,8,538,Biryani,3.9,25,4,0,Work Lunch,0
O002517,C0166,R0074,2026-05-28,Thursday,21,326,Cafe,4.6,27,4,0,Family,1
O002518,C0166,R0112,2025-10-06,Monday,12,179,Thai,4.2,34,5,1,Routine,0
O002519,C0166,R0122,2026-04-22,Wednesday,12,178,North Indian,4.0,35,5,0,Routine,0
O002520,C0166,R0144,2025-11-08,Saturday,14,304,Burgers,4.2,23,5,1,Work Lunch,1
O002521,C0166,R0040,2025-11-28,Friday,12,372,South Indian,4.6,27,3,1,Routine,0
O002522,C0166,R0072,2026-03-26,Thursday,9,274,Cafe,4.4,19,5,0,Work Lunch,1
O002523,C0166,R0056,2025-10-12,Sunday,18,567,Biryani,3.8,49,5,1,Routine,1
O002524,C0166,R0066,2025-11-25,Tuesday,21,1316,Pizza,4.3,30,5,0,Routine,1
O002525,C0167,R0143,2026-07-07,Tuesday,10,245,Desserts,4.0,25,4,0,Routine,0
O002526,C0167,R0092,2025-10-29,Wednesday,12,914,South Indian,4.5,15,5,1,Date Night,1
O002527,C0167,R0138,2026-01-01,Thursday,19,1051,North Indian,4.6,22,4,0,Late Night,1
O002528,C0167,R0043,2026-02-11,Wednesday,10,289,Pizza,4.3,15,5,0,Work Lunch,1
O002529,C0167,R0043,2026-06-08,Monday,20,251,Pizza,4.3,15,3,0,Late Night,1
O002530,C0167,R0090,2026-03-13,Friday,9,565,Maharashtrian,4.5,33,5,1,Routine,0
O002531,C0167,R0043,2026-04-19,Sunday,9,276,Pizza,4.3,15,2,0,Movie Night,1
O002532,C0167,R0126,2026-06-08,Monday,13,478,Italian,4.1,21,4,0,Routine,1
O002533,C0167,R0049,2026-07-02,Thursday,8,453,Desserts,4.6,22,4,1,Friends,0
O002534,C0167,R0138,2025-11-27,Thursday,20,1169,North Indian,4.6,22,4,0,Routine,1
O002535,C0167,R0141,2025-11-13,Thursday,17,628,Burgers,4.2,26,4,1,Routine,0
O002536,C0167,R0079,2025-09-24,Wednesday,9,557,Chinese,4.1,36,5,0,Work Lunch,0
O002537,C0167,R0043,2026-01-25,Sunday,8,365,Pizza,4.3,15,4,1,Routine,1
O002538,C0167,R0126,2025-12-15,Monday,21,609,Italian,4.1,21,2,1,Routine,1
O002539,C0167,R0147,2025-10-24,Friday,17,460,Biryani,3.9,17,5,1,Work Lunch,0
O002540,C0167,R0092,2025-10-27,Monday,10,601,South Indian,4.5,15,4,1,Movie Night,1
O002541,C0167,R0020,2026-05-15,Friday,21,652,Biryani,4.2,28,4,1,Family,1
O002542,C0167,R0020,2025-12-06,Saturday,9,803,Biryani,4.2,28,5,0,Routine,1
O002543,C0168,R0054,2025-11-23,Sunday,21,500,Chinese,3.6,34,5,0,Routine,1
O002544,C0168,R0039,2026-05-11,Monday,20,642,Biryani,3.7,28,3,0,Family,1
O002545,C0168,R0115,2025-12-04,Thursday,9,725,Biryani,3.6,38,5,0,Friends,0
O002546,C0168,R0054,2026-01-13,Tuesday,19,522,Chinese,3.6,34,4,1,Late Night,1
O002547,C0168,R0002,2026-04-04,Saturday,10,197,Maharashtrian,4.4,29,5,1,Family,0
O002548,C0168,R0062,2026-02-23,Monday,22,255,Maharashtrian,3.7,23,3,0,Movie Night,0
O002549,C0168,R0097,2026-08-19,Wednesday,20,330,Chinese,4.9,24,3,0,Work Lunch,0
O002550,C0168,R0039,2026-04-08,Wednesday,12,702,Biryani,3.7,28,4,1,Movie Night,1
O002551,C0168,R0064,2026-06-05,Friday,12,1019,North Indian,3.9,53,5,0,Movie Night,0
O002552,C0168,R0004,2026-05-23,Saturday,10,183,South Indian,4.4,43,2,0,Family,0
O002553,C0168,R0096,2026-02-12,Thursday,17,430,Chinese,4.1,24,4,1,Routine,0
O002554,C0169,R0061,2025-12-28,Sunday,20,509,Burgers,4.5,34,5,0,Date Night,0
O002555,C0169,R0107,2025-09-13,Saturday,18,355,Healthy,4.0,48,3,0,Date Night,1
O002556,C0169,R0110,2026-06-30,Tuesday,19,253,Italian,4.7,33,3,0,Friends,1
O002557,C0169,R0123,2026-04-09,Thursday,17,957,South Indian,3.8,37,5,0,Friends,0
O002558,C0169,R0099,2025-11-01,Saturday,18,181,North Indian,3.8,28,3,1,Work Lunch,0
O002559,C0169,R0070,2025-10-03,Friday,17,272,Cafe,3.6,24,3,1,Movie Night,0
O002560,C0169,R0136,2026-05-14,Thursday,12,540,Chinese,3.6,45,4,1,Movie Night,0
O002561,C0169,R0105,2026-05-25,Monday,23,422,North Indian,3.8,47,5,1,Date Night,0
O002562,C0169,R0119,2025-09-09,Tuesday,14,380,Desserts,4.2,37,4,0,Date Night,0
O002563,C0169,R0067,2026-03-13,Friday,19,438,Cafe,3.9,32,3,1,Routine,0
O002564,C0169,R0107,2026-08-05,Wednesday,10,298,Healthy,4.0,48,3,1,Routine,1
O002565,C0169,R0046,2026-07-21,Tuesday,14,335,South Indian,4.4,45,5,1,Routine,1
O002566,C0169,R0046,2025-11-22,Saturday,9,277,South Indian,4.4,45,5,1,Late Night,1
O002567,C0169,R0110,2026-08-15,Saturday,21,275,Italian,4.7,33,5,1,Work Lunch,1
O002568,C0169,R0093,2026-02-20,Friday,19,214,Pizza,4.7,28,2,0,Late Night,0
O002569,C0169,R0110,2025-10-25,Saturday,21,367,Italian,4.7,33,4,1,Routine,1
O002570,C0169,R0046,2026-06-20,Saturday,10,258,South Indian,4.4,45,3,0,Friends,1
O002571,C0170,R0063,2026-05-27,Wednesday,21,282,Pizza,4.2,32,5,1,Date Night,1
O002572,C0170,R0055,2025-11-30,Sunday,9,775,Biryani,3.6,31,5,1,Late Night,0
O002573,C0170,R0011,2025-11-12,Wednesday,14,427,Chinese,4.0,36,3,1,Family,0
O002574,C0170,R0063,2026-04-23,Thursday,23,282,Pizza,4.2,32,4,0,Family,1
O002575,C0170,R0057,2025-09-22,Monday,19,410,Maharashtrian,4.6,32,3,1,Family,0
O002576,C0170,R0013,2026-08-17,Monday,13,1024,South Indian,4.1,44,5,1,Routine,0
O002577,C0170,R0053,2026-07-18,Saturday,20,362,Cafe,4.4,26,4,1,Family,0
O002578,C0171,R0092,2026-06-08,Monday,8,1369,South Indian,4.5,15,5,1,Late Night,0
O002579,C0171,R0126,2025-11-05,Wednesday,8,461,Italian,4.1,21,4,1,Movie Night,1
O002580,C0171,R0080,2025-09-19,Friday,20,444,South Indian,4.7,27,4,0,Friends,1
O002581,C0171,R0126,2025-12-28,Sunday,21,535,Italian,4.1,21,4,1,Movie Night,1
O002582,C0171,R0021,2026-04-11,Saturday,22,807,Thai,4.1,34,4,1,Family,0
O002583,C0171,R0147,2026-08-22,Saturday,13,405,Biryani,3.9,17,5,0,Family,0
O002584,C0171,R0131,2026-01-29,Thursday,21,555,South Indian,4.4,28,5,1,Routine,1
O002585,C0171,R0126,2026-07-09,Thursday,14,452,Italian,4.1,21,4,0,Movie Night,1
O002586,C0171,R0079,2026-07-11,Saturday,19,412,Chinese,4.1,36,4,0,Family,1
O002587,C0171,R0025,2025-10-05,Sunday,21,901,Cafe,4.1,35,5,1,Routine,0
O002588,C0171,R0079,2026-02-26,Thursday,18,606,Chinese,4.1,36,4,1,Friends,1
O002589,C0171,R0126,2026-05-19,Tuesday,18,651,Italian,4.1,21,5,1,Late Night,1
O002590,C0171,R0126,2025-09-20,Saturday,22,526,Italian,4.1,21,4,1,Friends,1
O002591,C0171,R0079,2025-10-18,Saturday,14,440,Chinese,4.1,36,4,1,Late Night,1
O002592,C0171,R0126,2025-12-31,Wednesday,19,605,Italian,4.1,21,5,1,Work Lunch,1
O002593,C0171,R0138,2026-03-20,Friday,18,919,North Indian,4.6,22,4,1,Routine,0
O002594,C0171,R0020,2026-08-04,Tuesday,10,1011,Biryani,4.2,28,5,1,Routine,0
O002595,C0171,R0080,2026-07-14,Tuesday,18,704,South Indian,4.7,27,3,1,Routine,1
O002596,C0171,R0131,2025-10-11,Saturday,20,765,South Indian,4.4,28,5,0,Routine,1
O002597,C0172,R0049,2026-07-20,Monday,21,405,Desserts,4.6,22,4,0,Late Night,1
O002598,C0172,R0090,2026-05-13,Wednesday,20,756,Maharashtrian,4.5,33,5,0,Family,0
O002599,C0172,R0025,2026-03-17,Tuesday,19,562,Cafe,4.1,35,5,1,Routine,0
O002600,C0172,R0020,2026-07-18,Saturday,20,764,Biryani,4.2,28,5,1,Movie Night,1
O002601,C0172,R0092,2026-05-18,Monday,18,1063,South Indian,4.5,15,2,0,Friends,1
O002602,C0172,R0049,2025-11-19,Wednesday,10,336,Desserts,4.6,22,4,0,Routine,1
O002603,C0172,R0021,2026-06-24,Wednesday,12,494,Thai,4.1,34,5,0,Work Lunch,0
O002604,C0172,R0043,2025-09-21,Sunday,23,288,Pizza,4.3,15,1,0,Friends,0
O002605,C0172,R0020,2026-02-11,Wednesday,21,778,Biryani,4.2,28,5,1,Family,1
O002606,C0172,R0147,2026-03-25,Wednesday,21,396,Biryani,3.9,17,4,0,Routine,0
O002607,C0172,R0092,2026-07-19,Sunday,23,1006,South Indian,4.5,15,5,0,Routine,1
O002608,C0172,R0141,2025-09-28,Sunday,22,505,Burgers,4.2,26,5,1,Routine,0
O002609,C0173,R0120,2025-09-17,Wednesday,21,654,Biryani,4.0,39,3,0,Movie Night,1
O002610,C0173,R0059,2026-03-05,Thursday,23,727,Cafe,4.4,33,5,0,Late Night,0
O002611,C0173,R0101,2026-03-16,Monday,22,481,Chinese,4.2,27,4,1,Family,0
O002612,C0173,R0055,2026-08-19,Wednesday,18,1044,Biryani,3.6,31,3,0,Family,1
O002613,C0173,R0150,2025-09-17,Wednesday,21,659,Maharashtrian,4.0,36,4,0,Routine,0
O002614,C0173,R0134,2026-01-23,Friday,19,679,Maharashtrian,4.3,28,5,0,Routine,0
O002615,C0173,R0113,2026-02-24,Tuesday,14,535,Healthy,4.2,42,4,0,Routine,1
O002616,C0173,R0065,2025-12-04,Thursday,19,725,Healthy,4.8,37,2,0,Work Lunch,0
O002617,C0173,R0113,2026-07-02,Thursday,17,691,Healthy,4.2,42,3,0,Routine,1
O002618,C0173,R0057,2026-03-01,Sunday,20,342,Maharashtrian,4.6,32,5,1,Routine,0
O002619,C0173,R0003,2026-07-25,Saturday,12,360,Chinese,4.0,24,5,1,Friends,0
O002620,C0173,R0063,2025-11-09,Sunday,21,340,Pizza,4.2,32,3,0,Family,0
O002621,C0173,R0149,2026-06-23,Tuesday,13,350,North Indian,4.7,34,5,0,Date Night,0
O002622,C0173,R0113,2025-12-24,Wednesday,12,564,Healthy,4.2,42,5,0,Family,1
O002623,C0173,R0010,2026-06-22,Monday,9,354,Desserts,3.5,15,4,0,Routine,0
O002624,C0173,R0146,2025-11-25,Tuesday,13,307,Chinese,3.2,28,3,0,Routine,0
O002625,C0173,R0053,2026-08-16,Sunday,14,362,Cafe,4.4,26,4,0,Routine,0
O002626,C0173,R0034,2026-02-21,Saturday,22,432,Burgers,4.8,40,5,0,Late Night,0
O002627,C0173,R0055,2026-05-07,Thursday,10,1356,Biryani,3.6,31,4,0,Movie Night,1
O002628,C0173,R0100,2026-02-24,Tuesday,17,290,Chinese,4.4,29,4,0,Routine,0
O002629,C0173,R0087,2026-06-23,Tuesday,10,565,Cafe,4.3,36,4,0,Work Lunch,0
O002630,C0173,R0075,2026-06-30,Tuesday,12,357,South Indian,4.2,43,3,0,Movie Night,0
O002631,C0173,R0120,2025-12-24,Wednesday,14,564,Biryani,4.0,39,3,0,Family,1
O002632,C0174,R0054,2026-08-19,Wednesday,14,451,Chinese,3.6,34,5,1,Routine,0
O002633,C0174,R0064,2026-05-18,Monday,9,961,North Indian,3.9,53,4,1,Family,0
O002634,C0174,R0078,2026-03-21,Saturday,14,356,Biryani,3.7,15,5,0,Work Lunch,0
O002635,C0174,R0014,2026-07-29,Wednesday,18,706,Maharashtrian,4.1,35,5,0,Family,0
O002636,C0174,R0085,2026-03-18,Wednesday,19,297,Desserts,3.4,26,5,0,Routine,1
O002637,C0174,R0085,2026-07-11,Saturday,14,283,Desserts,3.4,26,4,0,Date Night,1
O002638,C0174,R0097,2026-08-16,Sunday,13,388,Chinese,4.9,24,4,1,Movie Night,1
O002639,C0174,R0062,2025-12-25,Thursday,8,289,Maharashtrian,3.7,23,4,1,Routine,0
O002640,C0174,R0097,2026-07-20,Monday,20,352,Chinese,4.9,24,3,0,Routine,1
O002641,C0174,R0115,2026-08-13,Thursday,19,666,Biryani,3.6,38,3,1,Movie Night,0
O002642,C0174,R0127,2025-10-10,Friday,9,352,Pizza,4.4,34,3,1,Movie Night,0
O002643,C0174,R0096,2026-07-05,Sunday,18,415,Chinese,4.1,24,4,1,Routine,0
O002644,C0175,R0003,2025-12-12,Friday,19,226,Chinese,4.0,24,5,1,Movie Night,1
O002645,C0175,R0087,2026-02-19,Thursday,20,519,Cafe,4.3,36,3,1,Routine,0
O002646,C0175,R0137,2025-09-21,Sunday,9,444,Chinese,4.3,35,3,1,Movie Night,1
O002647,C0175,R0120,2025-12-18,Thursday,17,454,Biryani,4.0,39,3,1,Routine,0
O002648,C0175,R0010,2026-02-15,Sunday,13,393,Desserts,3.5,15,4,1,Work Lunch,0
O002649,C0175,R0100,2026-02-16,Monday,14,253,Chinese,4.4,29,5,1,Routine,0
O002650,C0175,R0116,2025-12-21,Sunday,22,341,Maharashtrian,4.2,35,3,1,Routine,1
O002651,C0175,R0003,2026-07-16,Thursday,12,251,Chinese,4.0,24,3,1,Date Night,1
O002652,C0175,R0137,2026-05-03,Sunday,22,386,Chinese,4.3,35,5,1,Movie Night,1
O002653,C0175,R0145,2026-05-28,Thursday,9,860,South Indian,4.5,28,4,1,Routine,1
O002654,C0175,R0137,2026-04-08,Wednesday,18,298,Chinese,4.3,35,3,1,Movie Night,1
O002655,C0175,R0135,2025-09-25,Thursday,8,622,Desserts,4.2,31,4,1,Late Night,1
O002656,C0175,R0134,2026-01-16,Friday,10,944,Maharashtrian,4.3,28,5,1,Friends,0
O002657,C0175,R0101,2026-07-28,Tuesday,23,386,Chinese,4.2,27,4,1,Routine,0
O002658,C0175,R0116,2025-10-16,Thursday,8,301,Maharashtrian,4.2,35,4,1,Date Night,1
O002659,C0175,R0135,2025-12-01,Monday,18,811,Desserts,4.2,31,3,0,Work Lunch,1
O002660,C0175,R0113,2026-05-30,Saturday,9,495,Healthy,4.2,42,4,1,Friends,0
O002661,C0175,R0051,2026-05-28,Thursday,18,595,Desserts,4.1,22,4,1,Family,0
O002662,C0175,R0055,2026-07-08,Wednesday,22,997,Biryani,3.6,31,4,1,Movie Night,0
O002663,C0175,R0145,2026-05-04,Monday,8,843,South Indian,4.5,28,4,1,Routine,1
O002664,C0175,R0001,2025-11-07,Friday,12,206,South Indian,3.9,38,5,1,Movie Night,0
O002665,C0175,R0118,2026-05-29,Friday,19,587,Chinese,4.6,37,5,1,Movie Night,1
O002666,C0175,R0148,2026-02-27,Friday,17,362,Burgers,3.8,32,3,1,Routine,0
O002667,C0175,R0118,2025-11-11,Tuesday,14,710,Chinese,4.6,37,5,1,Family,1
O002668,C0175,R0150,2026-04-09,Thursday,17,630,Maharashtrian,4.0,36,3,1,Routine,0
O002669,C0175,R0116,2026-02-15,Sunday,23,386,Maharashtrian,4.2,35,4,1,Family,1
O002670,C0175,R0003,2026-04-02,Thursday,23,234,Chinese,4.0,24,2,1,Date Night,1
O002671,C0176,R0040,2026-06-04,Thursday,18,501,South Indian,4.6,27,5,0,Routine,1
O002672,C0176,R0122,2025-11-26,Wednesday,10,325,North Indian,4.0,35,3,1,Work Lunch,0
O002673,C0176,R0019,2026-02-21,Saturday,19,482,Biryani,4.1,34,5,1,Routine,0
O002674,C0176,R0072,2026-08-10,Monday,13,243,Cafe,4.4,19,3,0,Family,1
O002675,C0176,R0144,2026-02-22,Sunday,22,364,Burgers,4.2,23,3,1,Family,1
O002676,C0176,R0144,2026-03-07,Saturday,23,182,Burgers,4.2,23,3,1,Movie Night,1
O002677,C0176,R0048,2026-09-01,Tuesday,20,307,Cafe,4.6,29,5,1,Routine,1
O002678,C0176,R0027,2026-05-17,Sunday,10,386,Maharashtrian,4.5,48,5,0,Routine,0
O002679,C0176,R0033,2026-07-13,Monday,9,527,Cafe,4.2,33,4,0,Late Night,0
O002680,C0176,R0111,2026-08-22,Saturday,17,253,Desserts,3.6,21,3,0,Late Night,0
O002681,C0176,R0112,2025-09-15,Monday,10,267,Thai,4.2,34,4,0,Late Night,0
O002682,C0176,R0072,2025-09-05,Friday,8,251,Cafe,4.4,19,4,1,Routine,1
O002683,C0176,R0081,2026-02-06,Friday,14,367,Pizza,4.1,42,4,0,Friends,1
O002684,C0176,R0074,2026-06-29,Monday,21,205,Cafe,4.6,27,3,1,Movie Night,1
O002685,C0176,R0072,2025-10-09,Thursday,12,346,Cafe,4.4,19,4,0,Routine,1
O002686,C0176,R0108,2025-10-31,Friday,23,193,North Indian,4.5,36,5,1,Routine,0
O002687,C0176,R0074,2026-02-11,Wednesday,9,162,Cafe,4.6,27,3,0,Routine,1
O002688,C0176,R0058,2026-02-14,Saturday,14,676,North Indian,4.7,24,4,1,Work Lunch,0
O002689,C0176,R0036,2026-05-27,Wednesday,12,842,Biryani,3.9,40,5,1,Friends,0
O002690,C0176,R0081,2026-04-07,Tuesday,19,394,Pizza,4.1,42,3,1,Friends,1
O002691,C0176,R0048,2026-08-17,Monday,9,329,Cafe,4.6,29,5,0,Routine,1
O002692,C0176,R0040,2026-01-25,Sunday,19,359,South Indian,4.6,27,4,1,Family,1
O002693,C0177,R0090,2026-03-17,Tuesday,17,838,Maharashtrian,4.5,33,5,0,Family,0
O002694,C0177,R0143,2026-05-11,Monday,10,278,Desserts,4.0,25,5,0,Work Lunch,0
O002695,C0177,R0131,2026-08-21,Friday,12,396,South Indian,4.4,28,5,0,Work Lunch,0
O002696,C0177,R0021,2026-07-25,Saturday,23,585,Thai,4.1,34,4,1,Work Lunch,0
O002697,C0177,R0049,2026-01-29,Thursday,21,372,Desserts,4.6,22,4,1,Work Lunch,0
O002698,C0177,R0126,2025-09-05,Friday,10,473,Italian,4.1,21,4,0,Work Lunch,0
O002699,C0178,R0106,2026-05-23,Saturday,22,223,Healthy,4.3,46,5,1,Friends,1
O002700,C0178,R0026,2026-03-09,Monday,13,632,Healthy,4.0,38,5,0,Routine,0
O002701,C0178,R0062,2025-10-07,Tuesday,19,341,Maharashtrian,3.7,23,5,0,Routine,0
O002702,C0178,R0127,2025-11-29,Saturday,22,283,Pizza,4.4,34,5,0,Family,1
O002703,C0178,R0004,2025-10-26,Sunday,22,199,South Indian,4.4,43,5,1,Routine,0
O002704,C0178,R0096,2025-10-04,Saturday,10,481,Chinese,4.1,24,2,0,Routine,0
O002705,C0178,R0127,2025-11-14,Friday,21,359,Pizza,4.4,34,3,1,Routine,1
O002706,C0178,R0028,2026-02-05,Thursday,20,444,South Indian,4.2,38,5,0,Routine,0
O002707,C0178,R0109,2026-03-14,Saturday,22,922,Desserts,4.3,29,3,0,Routine,1
O002708,C0178,R0121,2025-10-18,Saturday,19,387,Italian,4.8,41,5,0,Routine,0
O002709,C0178,R0098,2026-01-14,Wednesday,18,488,Burgers,4.1,33,5,0,Routine,0
O002710,C0178,R0017,2026-06-12,Friday,18,305,Chinese,4.4,65,5,0,Routine,0
O002711,C0178,R0039,2026-06-01,Monday,10,725,Biryani,3.7,28,5,0,Date Night,0
O002712,C0178,R0002,2026-03-27,Friday,19,255,Maharashtrian,4.4,29,5,0,Friends,0
O002713,C0178,R0106,2026-08-08,Saturday,18,324,Healthy,4.3,46,5,0,Routine,1
O002714,C0178,R0109,2025-12-03,Wednesday,14,886,Desserts,4.3,29,3,1,Work Lunch,1
O002715,C0179,R0140,2026-02-13,Friday,13,408,Biryani,4.5,15,3,1,Date Night,1
O002716,C0179,R0071,2026-03-06,Friday,19,170,South Indian,4.1,48,3,0,Friends,1
O002717,C0179,R0088,2026-05-07,Thursday,10,314,Biryani,4.1,33,5,1,Work Lunch,0
O002718,C0179,R0050,2026-06-21,Sunday,8,570,Biryani,4.0,26,4,1,Routine,1
O002719,C0179,R0091,2026-07-15,Wednesday,9,271,Biryani,4.0,34,4,0,Family,1
O002720,C0179,R0071,2026-08-10,Monday,22,223,South Indian,4.1,48,2,1,Work Lunch,1
O002721,C0179,R0071,2026-08-04,Tuesday,19,211,South Indian,4.1,48,4,1,Routine,1
O002722,C0179,R0050,2025-10-24,Friday,17,662,Biryani,4.0,26,4,1,Routine,1
O002723,C0179,R0071,2025-12-04,Thursday,22,224,South Indian,4.1,48,5,1,Work Lunch,1
O002724,C0179,R0071,2025-11-02,Sunday,21,252,South Indian,4.1,48,3,1,Work Lunch,1
O002725,C0179,R0071,2025-10-04,Saturday,18,326,South Indian,4.1,48,4,0,Friends,1
O002726,C0179,R0140,2025-12-12,Friday,18,401,Biryani,4.5,15,4,0,Date Night,1
O002727,C0179,R0091,2025-12-22,Monday,20,313,Biryani,4.0,34,4,1,Friends,1
O002728,C0179,R0140,2025-12-06,Saturday,8,323,Biryani,4.5,15,5,1,Routine,1
O002729,C0179,R0071,2025-11-29,Saturday,10,286,South Indian,4.1,48,4,0,Family,1
O002730,C0179,R0140,2026-06-19,Friday,20,561,Biryani,4.5,15,4,1,Routine,1
O002731,C0179,R0091,2026-03-31,Tuesday,10,309,Biryani,4.0,34,3,0,Late Night,1
O002732,C0180,R0124,2026-04-08,Wednesday,23,258,Healthy,4.4,15,5,1,Routine,1
O002733,C0180,R0107,2026-06-28,Sunday,9,378,Healthy,4.0,48,4,1,Friends,0
O002734,C0180,R0030,2025-12-31,Wednesday,19,287,Thai,4.0,38,5,1,Family,0
O002735,C0180,R0070,2026-01-01,Thursday,10,222,Cafe,3.6,24,5,0,Routine,0
O002736,C0180,R0124,2026-03-07,Saturday,22,315,Healthy,4.4,15,3,0,Late Night,1
O002737,C0180,R0136,2026-06-24,Wednesday,19,389,Chinese,3.6,45,2,0,Routine,0
O002738,C0180,R0024,2026-06-13,Saturday,13,659,Burgers,4.1,43,5,1,Routine,0
O002739,C0180,R0099,2025-11-03,Monday,18,226,North Indian,3.8,28,3,0,Friends,0
O002740,C0180,R0046,2026-04-27,Monday,22,362,South Indian,4.4,45,4,1,Date Night,0
O002741,C0180,R0031,2026-05-12,Tuesday,12,327,Italian,4.2,31,3,1,Routine,0
O002742,C0180,R0093,2026-03-22,Sunday,13,222,Pizza,4.7,28,5,0,Routine,0
O002743,C0180,R0105,2025-09-12,Friday,20,267,North Indian,3.8,47,5,0,Routine,0
O002744,C0180,R0006,2026-01-09,Friday,20,343,Chinese,3.5,26,5,0,Date Night,0
O002745,C0180,R0124,2026-05-15,Friday,20,380,Healthy,4.4,15,4,0,Friends,1
O002746,C0180,R0125,2025-10-31,Friday,10,352,Pizza,3.8,29,4,0,Movie Night,0
O002747,C0181,R0125,2026-07-08,Wednesday,20,375,Pizza,3.8,29,5,0,Work Lunch,0
O002748,C0181,R0007,2025-12-06,Saturday,20,1057,Chinese,4.2,23,4,1,Routine,0
O002749,C0181,R0032,2025-10-07,Tuesday,10,634,Italian,4.3,34,4,1,Routine,0
O002750,C0181,R0124,2026-01-06,Tuesday,21,328,Healthy,4.4,15,4,0,Movie Night,0
O002751,C0181,R0006,2026-04-29,Wednesday,23,572,Chinese,3.5,26,5,1,Family,0
O002752,C0181,R0067,2026-05-14,Thursday,22,350,Cafe,3.9,32,5,0,Routine,0
O002753,C0181,R0104,2026-05-11,Monday,22,516,Cafe,4.3,38,4,0,Movie Night,0
O002754,C0182,R0001,2026-02-16,Monday,10,217,South Indian,3.9,38,5,0,Family,0
O002755,C0182,R0118,2026-06-14,Sunday,19,550,Chinese,4.6,37,4,0,Routine,0
O002756,C0182,R0113,2025-11-17,Monday,8,640,Healthy,4.2,42,5,1,Date Night,0
O002757,C0182,R0134,2025-10-22,Wednesday,10,701,Maharashtrian,4.3,28,3,1,Date Night,0
O002758,C0182,R0034,2026-03-24,Tuesday,22,448,Burgers,4.8,40,4,0,Date Night,0
O002759,C0182,R0063,2025-09-29,Monday,19,220,Pizza,4.2,32,4,0,Routine,0
O002760,C0183,R0059,2025-09-21,Sunday,8,393,Cafe,4.4,33,4,0,Routine,0
O002761,C0183,R0001,2026-06-12,Friday,18,230,South Indian,3.9,38,5,0,Family,0
O002762,C0183,R0116,2026-08-19,Wednesday,18,399,Maharashtrian,4.2,35,3,0,Family,0
O002763,C0183,R0055,2026-05-19,Tuesday,20,1051,Biryani,3.6,31,4,1,Work Lunch,0
O002764,C0183,R0135,2026-08-18,Tuesday,12,645,Desserts,4.2,31,4,0,Friends,0
O002765,C0183,R0063,2026-08-28,Friday,14,355,Pizza,4.2,32,5,1,Friends,0
O002766,C0183,R0073,2026-03-03,Tuesday,10,909,Maharashtrian,4.4,18,5,0,Routine,0
O002767,C0183,R0150,2026-06-02,Tuesday,17,639,Maharashtrian,4.0,36,2,1,Late Night,0
O002768,C0183,R0053,2025-09-22,Monday,12,248,Cafe,4.4,26,4,1,Routine,0
O002769,C0183,R0120,2026-02-03,Tuesday,12,503,Biryani,4.0,39,4,1,Late Night,0
O002770,C0183,R0134,2026-07-29,Wednesday,9,809,Maharashtrian,4.3,28,5,1,Date Night,0
O002771,C0183,R0051,2026-06-22,Monday,14,770,Desserts,4.1,22,5,0,Routine,0
O002772,C0184,R0148,2025-10-06,Monday,14,370,Burgers,3.8,32,4,1,Movie Night,0
O002773,C0184,R0061,2025-11-24,Monday,12,355,Burgers,4.5,34,4,0,Movie Night,0
O002774,C0184,R0004,2026-06-21,Sunday,9,282,South Indian,4.4,43,4,0,Routine,0
O002775,C0184,R0025,2025-11-17,Monday,21,891,Cafe,4.1,35,4,1,Family,0
O002776,C0184,R0005,2026-06-29,Monday,22,514,Pizza,4.0,36,4,1,Routine,0
O002777,C0184,R0149,2025-09-14,Sunday,9,223,North Indian,4.7,34,4,1,Routine,0
O002778,C0184,R0047,2026-05-04,Monday,13,542,Chinese,3.9,47,4,1,Friends,0
O002779,C0184,R0139,2026-05-21,Thursday,12,448,North Indian,4.4,29,4,1,Routine,0
O002780,C0184,R0150,2025-12-11,Thursday,8,631,Maharashtrian,4.0,36,4,1,Family,0
O002781,C0185,R0021,2026-04-30,Thursday,9,683,Thai,4.1,34,3,0,Routine,0
O002782,C0185,R0080,2026-07-02,Thursday,18,471,South Indian,4.7,27,5,0,Routine,1
O002783,C0185,R0092,2025-10-30,Thursday,10,923,South Indian,4.5,15,2,0,Work Lunch,0
O002784,C0185,R0079,2026-07-23,Thursday,10,459,Chinese,4.1,36,3,0,Friends,0
O002785,C0185,R0020,2025-10-31,Friday,12,731,Biryani,4.2,28,5,0,Routine,1
O002786,C0185,R0147,2026-08-19,Wednesday,22,342,Biryani,3.9,17,3,0,Late Night,0
O002787,C0185,R0049,2026-03-30,Monday,18,362,Desserts,4.6,22,3,0,Date Night,1
O002788,C0185,R0138,2025-11-12,Wednesday,8,1350,North Indian,4.6,22,4,1,Routine,0
O002789,C0185,R0043,2026-08-12,Wednesday,9,305,Pizza,4.3,15,4,0,Routine,0
O002790,C0185,R0080,2026-03-16,Monday,17,594,South Indian,4.7,27,4,0,Routine,1
O002791,C0185,R0049,2025-12-03,Wednesday,8,397,Desserts,4.6,22,4,0,Routine,1
O002792,C0185,R0049,2025-09-18,Thursday,18,479,Desserts,4.6,22,5,0,Routine,1
O002793,C0185,R0020,2026-02-24,Tuesday,21,745,Biryani,4.2,28,4,0,Date Night,1
O002794,C0185,R0049,2026-05-30,Saturday,23,381,Desserts,4.6,22,4,0,Work Lunch,1
O002795,C0185,R0141,2026-01-07,Wednesday,12,911,Burgers,4.2,26,4,0,Late Night,0
O002796,C0185,R0131,2025-12-20,Saturday,8,639,South Indian,4.4,28,4,0,Routine,0
O002797,C0186,R0141,2025-12-09,Tuesday,17,800,Burgers,4.2,26,5,1,Work Lunch,1
O002798,C0186,R0147,2025-12-17,Wednesday,19,417,Biryani,3.9,17,4,1,Routine,1
O002799,C0186,R0079,2025-12-02,Tuesday,18,508,Chinese,4.1,36,4,0,Friends,1
O002800,C0186,R0092,2026-08-08,Saturday,23,1005,South Indian,4.5,15,4,1,Routine,1
O002801,C0186,R0138,2026-05-26,Tuesday,9,1263,North Indian,4.6,22,4,1,Routine,1
O002802,C0186,R0092,2026-01-24,Saturday,10,1002,South Indian,4.5,15,5,1,Routine,1
O002803,C0186,R0147,2026-01-25,Sunday,8,422,Biryani,3.9,17,4,1,Date Night,1
O002804,C0186,R0090,2026-08-17,Monday,17,919,Maharashtrian,4.5,33,3,1,Friends,1
O002805,C0186,R0131,2025-11-12,Wednesday,14,687,South Indian,4.4,28,3,1,Movie Night,1
O002806,C0186,R0138,2026-06-24,Wednesday,21,885,North Indian,4.6,22,5,1,Routine,1
O002807,C0186,R0090,2025-11-09,Sunday,10,902,Maharashtrian,4.5,33,5,1,Family,1
O002808,C0186,R0141,2026-03-13,Friday,10,569,Burgers,4.2,26,5,1,Routine,1
O002809,C0186,R0092,2026-07-01,Wednesday,12,1004,South Indian,4.5,15,3,1,Friends,1
O002810,C0186,R0080,2026-03-08,Sunday,14,481,South Indian,4.7,27,4,1,Friends,1
O002811,C0186,R0021,2025-10-05,Sunday,23,476,Thai,4.1,34,2,1,Date Night,0
O002812,C0186,R0080,2026-08-03,Monday,8,678,South Indian,4.7,27,3,1,Date Night,1
O002813,C0186,R0131,2025-12-20,Saturday,22,465,South Indian,4.4,28,5,1,Friends,1
O002814,C0186,R0143,2026-07-04,Saturday,14,333,Desserts,4.0,25,4,1,Routine,0
O002815,C0186,R0049,2026-08-23,Sunday,20,356,Desserts,4.6,22,4,0,Work Lunch,0
O002816,C0186,R0079,2025-09-10,Wednesday,23,449,Chinese,4.1,36,4,1,Routine,1
O002817,C0186,R0025,2026-04-22,Wednesday,9,912,Cafe,4.1,35,5,1,Routine,0
O002818,C0186,R0131,2025-12-08,Monday,17,586,South Indian,4.4,28,5,1,Late Night,1
O002819,C0186,R0147,2026-06-10,Wednesday,14,555,Biryani,3.9,17,4,1,Family,1
O002820,C0187,R0035,2026-03-19,Thursday,13,444,Desserts,4.6,27,3,1,Date Night,0
O002821,C0187,R0068,2025-11-07,Friday,12,548,Thai,4.3,20,5,1,Movie Night,1
O002822,C0187,R0089,2026-01-12,Monday,9,380,Chinese,3.9,30,4,1,Movie Night,1
O002823,C0187,R0037,2025-11-20,Thursday,8,442,Maharashtrian,4.6,45,5,1,Routine,1
O002824,C0187,R0068,2026-05-06,Wednesday,8,488,Thai,4.3,20,4,1,Work Lunch,1
O002825,C0187,R0060,2026-03-06,Friday,20,465,Italian,4.3,43,5,1,Routine,1
O002826,C0187,R0018,2025-12-29,Monday,19,186,Pizza,3.5,47,5,1,Work Lunch,1
O002827,C0187,R0114,2025-10-02,Thursday,10,283,Chinese,3.6,33,5,1,Family,1
O002828,C0187,R0094,2025-10-03,Friday,18,376,Italian,4.4,42,4,1,Friends,0
O002829,C0187,R0018,2025-10-15,Wednesday,17,270,Pizza,3.5,47,5,0,Work Lunch,1
O002830,C0187,R0086,2026-07-01,Wednesday,8,206,Italian,4.4,23,3,0,Work Lunch,0
O002831,C0187,R0060,2025-11-07,Friday,10,315,Italian,4.3,43,4,1,Movie Night,1
O002832,C0187,R0114,2026-05-31,Sunday,21,262,Chinese,3.6,33,4,1,Late Night,1
O002833,C0187,R0037,2025-10-26,Sunday,14,369,Maharashtrian,4.6,45,4,1,Routine,1
O002834,C0187,R0037,2025-11-22,Saturday,21,433,Maharashtrian,4.6,45,4,1,Friends,1
O002835,C0187,R0068,2025-09-05,Friday,12,613,Thai,4.3,20,4,1,Friends,1
O002836,C0187,R0089,2026-01-26,Monday,8,374,Chinese,3.9,30,3,1,Routine,1
O002837,C0188,R0105,2025-11-04,Tuesday,8,317,North Indian,3.8,47,5,1,Family,1
O002838,C0188,R0136,2026-03-28,Saturday,18,389,Chinese,3.6,45,3,1,Family,0
O002839,C0188,R0070,2026-07-26,Sunday,18,292,Cafe,3.6,24,5,0,Work Lunch,0
O002840,C0188,R0032,2026-02-06,Friday,20,491,Italian,4.3,34,4,0,Routine,1
O002841,C0188,R0129,2026-04-16,Thursday,20,252,Cafe,4.6,46,5,0,Friends,0
O002842,C0188,R0124,2026-02-27,Friday,14,289,Healthy,4.4,15,4,1,Routine,0
O002843,C0188,R0139,2025-11-29,Saturday,12,453,North Indian,4.4,29,5,1,Routine,0
O002844,C0188,R0032,2025-10-26,Sunday,10,593,Italian,4.3,34,3,0,Movie Night,1
O002845,C0188,R0031,2026-01-08,Thursday,18,538,Italian,4.2,31,3,1,Work Lunch,0
O002846,C0188,R0105,2025-10-28,Tuesday,8,317,North Indian,3.8,47,5,0,Family,1
O002847,C0188,R0107,2025-11-01,Saturday,23,346,Healthy,4.0,48,5,1,Date Night,0
O002848,C0188,R0099,2025-11-03,Monday,8,286,North Indian,3.8,28,5,1,Routine,1
O002849,C0188,R0105,2026-04-01,Wednesday,19,432,North Indian,3.8,47,3,1,Routine,1
O002850,C0188,R0032,2026-04-20,Monday,17,367,Italian,4.3,34,5,1,Routine,1
O002851,C0188,R0099,2025-10-18,Saturday,18,215,North Indian,3.8,28,3,1,Routine,1
O002852,C0188,R0110,2026-05-24,Sunday,8,229,Italian,4.7,33,5,1,Family,0
O002853,C0188,R0099,2026-05-24,Sunday,9,246,North Indian,3.8,28,5,0,Date Night,1
O002854,C0189,R0140,2026-08-11,Tuesday,14,370,Biryani,4.5,15,3,0,Work Lunch,1
O002855,C0189,R0140,2025-11-16,Sunday,20,506,Biryani,4.5,15,3,1,Routine,1
O002856,C0189,R0042,2025-10-27,Monday,14,563,Chinese,4.4,21,4,0,Friends,1
O002857,C0189,R0042,2026-04-27,Monday,9,447,Chinese,4.4,21,4,1,Routine,1
O002858,C0189,R0140,2025-09-23,Tuesday,17,392,Biryani,4.5,15,5,1,Work Lunch,1
O002859,C0189,R0052,2026-01-06,Tuesday,8,374,Thai,4.7,29,5,1,Work Lunch,0
O002860,C0189,R0042,2025-12-28,Sunday,14,499,Chinese,4.4,21,3,1,Routine,1
O002861,C0189,R0088,2025-09-26,Friday,13,190,Biryani,4.1,33,3,1,Work Lunch,0
O002862,C0190,R0135,2026-05-31,Sunday,13,706,Desserts,4.2,31,5,0,Work Lunch,0
O002863,C0190,R0120,2025-12-13,Saturday,23,477,Biryani,4.0,39,5,1,Work Lunch,0
O002864,C0190,R0145,2025-10-30,Thursday,22,801,South Indian,4.5,28,4,0,Routine,0
O002865,C0190,R0001,2025-09-10,Wednesday,20,301,South Indian,3.9,38,2,0,Work Lunch,0
O002866,C0190,R0150,2026-02-27,Friday,19,589,Maharashtrian,4.0,36,3,1,Movie Night,1
O002867,C0190,R0059,2026-08-14,Friday,14,622,Cafe,4.4,33,4,0,Work Lunch,0
O002868,C0190,R0150,2026-08-28,Friday,17,588,Maharashtrian,4.0,36,4,0,Family,1
O002869,C0190,R0055,2026-05-14,Thursday,8,1098,Biryani,3.6,31,5,1,Routine,0
O002870,C0190,R0075,2026-06-16,Tuesday,8,346,South Indian,4.2,43,3,0,Routine,0
O002871,C0190,R0063,2026-08-11,Tuesday,23,349,Pizza,4.2,32,4,0,Movie Night,1
O002872,C0190,R0063,2025-12-13,Saturday,20,242,Pizza,4.2,32,5,0,Work Lunch,1
O002873,C0191,R0134,2026-04-15,Wednesday,13,618,Maharashtrian,4.3,28,4,1,Movie Night,0
O002874,C0191,R0120,2026-03-22,Sunday,17,622,Biryani,4.0,39,4,1,Movie Night,0
O002875,C0191,R0057,2025-10-12,Sunday,14,270,Maharashtrian,4.6,32,3,0,Family,0
O002876,C0191,R0116,2026-05-28,Thursday,12,386,Maharashtrian,4.2,35,4,1,Movie Night,0
O002877,C0191,R0148,2026-08-26,Wednesday,18,407,Burgers,3.8,32,5,1,Routine,1
O002878,C0191,R0100,2025-10-01,Wednesday,13,306,Chinese,4.4,29,4,1,Work Lunch,0
O002879,C0191,R0023,2026-04-07,Tuesday,9,782,Cafe,4.1,21,4,0,Routine,0
O002880,C0191,R0113,2026-02-18,Wednesday,21,561,Healthy,4.2,42,5,1,Family,0
O002881,C0191,R0013,2025-10-06,Monday,23,1112,South Indian,4.1,44,5,1,Routine,0
O002882,C0191,R0142,2026-04-18,Saturday,20,614,South Indian,4.4,36,5,1,Work Lunch,0
O002883,C0191,R0073,2026-04-29,Wednesday,9,528,Maharashtrian,4.4,18,5,1,Movie Night,0
O002884,C0191,R0059,2025-09-21,Sunday,8,825,Cafe,4.4,33,2,1,Date Night,1
O002885,C0191,R0009,2026-01-14,Wednesday,20,463,Biryani,4.4,30,3,1,Routine,0
O002886,C0191,R0059,2026-06-11,Thursday,9,628,Cafe,4.4,33,4,0,Movie Night,1
O002887,C0191,R0146,2026-06-17,Wednesday,23,258,Chinese,3.2,28,5,0,Friends,0
O002888,C0191,R0003,2026-08-30,Sunday,21,162,Chinese,4.0,24,3,1,Friends,0
O002889,C0191,R0069,2026-06-22,Monday,8,597,South Indian,4.4,30,4,1,Routine,0
O002890,C0191,R0148,2026-08-09,Sunday,22,319,Burgers,3.8,32,4,1,Routine,1
O002891,C0191,R0059,2025-11-29,Saturday,8,584,Cafe,4.4,33,4,0,Routine,1
O002892,C0191,R0063,2026-07-10,Friday,19,224,Pizza,4.2,32,4,1,Routine,0
O002893,C0191,R0087,2026-06-30,Tuesday,13,621,Cafe,4.3,36,3,0,Friends,0
O002894,C0192,R0072,2026-07-05,Sunday,18,326,Cafe,4.4,19,5,0,Late Night,1
O002895,C0192,R0019,2026-03-23,Monday,23,530,Biryani,4.1,34,4,0,Family,0
O002896,C0192,R0074,2026-05-12,Tuesday,21,211,Cafe,4.6,27,3,0,Routine,1
O002897,C0192,R0044,2025-10-05,Sunday,12,271,Thai,4.2,17,4,0,Work Lunch,0
O002898,C0192,R0040,2026-04-14,Tuesday,21,386,South Indian,4.6,27,5,0,Routine,0
O002899,C0192,R0108,2026-04-02,Thursday,17,295,North Indian,4.5,36,4,0,Family,1
O002900,C0192,R0072,2026-01-29,Thursday,9,298,Cafe,4.4,19,3,0,Work Lunch,1
O002901,C0192,R0008,2026-03-16,Monday,9,731,Biryani,3.9,25,4,0,Routine,0
O002902,C0192,R0027,2026-05-08,Friday,13,386,Maharashtrian,4.5,48,5,0,Late Night,0
O002903,C0192,R0108,2026-05-08,Friday,18,355,North Indian,4.5,36,4,0,Family,1
O002904,C0192,R0005,2026-01-07,Wednesday,12,625,Pizza,4.0,36,4,0,Movie Night,0
O002905,C0192,R0056,2026-02-14,Saturday,17,735,Biryani,3.8,49,4,0,Routine,1
O002906,C0192,R0072,2026-08-20,Thursday,19,331,Cafe,4.4,19,5,0,Friends,1
O002907,C0192,R0056,2026-07-03,Friday,13,481,Biryani,3.8,49,4,0,Family,1
O002908,C0192,R0074,2025-10-30,Thursday,20,290,Cafe,4.6,27,4,1,Work Lunch,1
O002909,C0192,R0072,2025-09-09,Tuesday,9,318,Cafe,4.4,19,4,0,Friends,1
O002910,C0192,R0066,2026-01-15,Thursday,10,873,Pizza,4.3,30,4,0,Movie Night,0
O002911,C0193,R0065,2026-08-06,Thursday,10,1083,Healthy,4.8,37,4,0,Routine,0
O002912,C0193,R0073,2026-04-29,Wednesday,8,772,Maharashtrian,4.4,18,5,1,Family,0
O002913,C0193,R0009,2026-06-05,Friday,10,353,Biryani,4.4,30,3,1,Routine,0
O002914,C0193,R0146,2026-03-31,Tuesday,8,304,Chinese,3.2,28,4,1,Movie Night,1
O002915,C0193,R0145,2026-08-06,Thursday,21,895,South Indian,4.5,28,2,0,Friends,1
O002916,C0193,R0150,2026-07-21,Tuesday,23,667,Maharashtrian,4.0,36,3,1,Friends,0
O002917,C0193,R0101,2026-01-12,Monday,9,343,Chinese,4.2,27,4,0,Movie Night,1
O002918,C0193,R0134,2026-06-08,Monday,23,752,Maharashtrian,4.3,28,3,1,Routine,0
O002919,C0193,R0023,2026-03-10,Tuesday,21,803,Cafe,4.1,21,3,1,Friends,0
O002920,C0193,R0118,2026-07-13,Monday,20,653,Chinese,4.6,37,4,1,Family,1
O002921,C0193,R0116,2026-05-18,Monday,23,340,Maharashtrian,4.2,35,3,0,Family,0
O002922,C0193,R0146,2025-11-16,Sunday,9,345,Chinese,3.2,28,5,0,Routine,1
O002923,C0193,R0137,2026-04-17,Friday,8,249,Chinese,4.3,35,5,1,Friends,0
O002924,C0193,R0148,2026-06-04,Thursday,19,527,Burgers,3.8,32,4,1,Friends,0
O002925,C0193,R0145,2026-01-28,Wednesday,21,520,South Indian,4.5,28,3,0,Family,1
O002926,C0193,R0145,2025-10-08,Wednesday,19,992,South Indian,4.5,28,3,0,Late Night,1
O002927,C0193,R0003,2026-01-13,Tuesday,13,237,Chinese,4.0,24,4,0,Family,1
O002928,C0193,R0142,2025-11-23,Sunday,23,614,South Indian,4.4,36,3,0,Routine,0
O002929,C0193,R0101,2026-03-03,Tuesday,19,332,Chinese,4.2,27,4,1,Family,1
O002930,C0193,R0063,2025-12-30,Tuesday,20,250,Pizza,4.2,32,5,0,Late Night,0
O002931,C0193,R0003,2026-05-19,Tuesday,14,306,Chinese,4.0,24,5,0,Work Lunch,1
O002932,C0193,R0118,2025-09-07,Sunday,19,508,Chinese,4.6,37,4,1,Routine,1
O002933,C0193,R0055,2025-09-15,Monday,13,1307,Biryani,3.6,31,4,1,Family,0
O002934,C0194,R0110,2026-04-04,Saturday,18,288,Italian,4.7,33,4,0,Routine,1
O002935,C0194,R0123,2026-08-09,Sunday,9,617,South Indian,3.8,37,5,0,Movie Night,0
O002936,C0194,R0124,2025-12-03,Wednesday,12,308,Healthy,4.4,15,3,1,Work Lunch,1
O002937,C0194,R0124,2025-10-15,Wednesday,13,441,Healthy,4.4,15,3,1,Family,1
O002938,C0194,R0110,2025-10-18,Saturday,23,323,Italian,4.7,33,3,0,Friends,1
O002939,C0194,R0077,2025-10-15,Wednesday,10,908,Maharashtrian,4.0,41,5,0,Family,0
O002940,C0194,R0139,2026-05-15,Friday,21,470,North Indian,4.4,29,4,0,Date Night,0
O002941,C0194,R0105,2026-01-18,Sunday,23,343,North Indian,3.8,47,4,0,Routine,0
O002942,C0194,R0030,2026-08-11,Tuesday,17,268,Thai,4.0,38,5,0,Family,1
O002943,C0194,R0046,2026-05-18,Monday,10,339,South Indian,4.4,45,4,1,Work Lunch,0
O002944,C0194,R0119,2026-03-21,Saturday,20,528,Desserts,4.2,37,5,0,Late Night,0
O002945,C0194,R0133,2026-08-11,Tuesday,18,406,Chinese,3.6,43,4,1,Friends,0
O002946,C0194,R0030,2025-09-27,Saturday,13,208,Thai,4.0,38,5,0,Routine,1
O002947,C0195,R0109,2026-03-02,Monday,12,823,Desserts,4.3,29,5,1,Friends,1
O002948,C0195,R0115,2026-01-12,Monday,23,598,Biryani,3.6,38,3,0,Routine,0
O002949,C0195,R0117,2026-06-26,Friday,17,546,Italian,3.9,43,4,1,Routine,0
O002950,C0195,R0039,2026-04-08,Wednesday,8,764,Biryani,3.7,28,3,1,Work Lunch,0
O002951,C0195,R0028,2026-06-11,Thursday,21,368,South Indian,4.2,38,4,1,Routine,0
O002952,C0195,R0096,2026-05-09,Saturday,13,415,Chinese,4.1,24,5,0,Friends,0
O002953,C0195,R0109,2026-08-21,Friday,19,1188,Desserts,4.3,29,3,1,Family,1
O002954,C0195,R0054,2026-02-19,Thursday,22,386,Chinese,3.6,34,3,1,Work Lunch,0
O002955,C0195,R0015,2025-10-26,Sunday,23,304,Healthy,4.3,15,5,0,Late Night,0
O002956,C0196,R0019,2026-06-26,Friday,23,393,Biryani,4.1,34,5,0,Movie Night,1
O002957,C0196,R0103,2026-08-05,Wednesday,21,367,Italian,4.9,32,4,0,Friends,1
O002958,C0196,R0027,2025-12-04,Thursday,13,378,Maharashtrian,4.5,48,4,0,Friends,1
O002959,C0196,R0056,2026-07-08,Wednesday,17,505,Biryani,3.8,49,4,0,Friends,0
O002960,C0196,R0081,2026-01-24,Saturday,20,465,Pizza,4.1,42,3,0,Work Lunch,0
O002961,C0196,R0111,2026-06-08,Monday,12,388,Desserts,3.6,21,5,0,Friends,0
O002962,C0196,R0103,2026-07-12,Sunday,17,352,Italian,4.9,32,4,0,Routine,1
O002963,C0196,R0103,2026-04-21,Tuesday,19,274,Italian,4.9,32,4,0,Routine,1
O002964,C0196,R0027,2025-10-05,Sunday,18,306,Maharashtrian,4.5,48,5,0,Routine,1
O002965,C0196,R0048,2026-06-16,Tuesday,14,287,Cafe,4.6,29,3,0,Routine,0
O002966,C0196,R0008,2025-11-13,Thursday,10,686,Biryani,3.9,25,3,0,Late Night,1
O002967,C0196,R0108,2026-03-03,Tuesday,20,147,North Indian,4.5,36,4,0,Date Night,0
O002968,C0196,R0144,2026-07-21,Tuesday,17,270,Burgers,4.2,23,4,0,Routine,1
O002969,C0196,R0040,2026-06-08,Monday,10,409,South Indian,4.6,27,3,0,Routine,0
O002970,C0196,R0019,2026-06-22,Monday,23,353,Biryani,4.1,34,5,0,Date Night,1
O002971,C0196,R0066,2026-01-16,Friday,19,1005,Pizza,4.3,30,5,0,Work Lunch,0
O002972,C0196,R0122,2026-08-24,Monday,19,343,North Indian,4.0,35,5,0,Routine,0
O002973,C0196,R0074,2025-09-23,Tuesday,17,209,Cafe,4.6,27,3,0,Routine,0
O002974,C0196,R0008,2026-01-12,Monday,17,670,Biryani,3.9,25,4,1,Work Lunch,1
O002975,C0196,R0144,2026-05-29,Friday,18,195,Burgers,4.2,23,4,1,Family,1
O002976,C0196,R0112,2025-10-06,Monday,17,214,Thai,4.2,34,4,0,Routine,0
O002977,C0196,R0022,2025-10-04,Saturday,9,516,Biryani,3.7,38,3,0,Routine,0
O002978,C0197,R0072,2025-12-20,Saturday,9,246,Cafe,4.4,19,4,1,Family,1
O002979,C0197,R0122,2026-01-07,Wednesday,14,220,North Indian,4.0,35,3,0,Friends,0
O002980,C0197,R0027,2026-07-06,Monday,21,366,Maharashtrian,4.5,48,4,1,Date Night,1
O002981,C0197,R0144,2025-12-15,Monday,22,303,Burgers,4.2,23,3,1,Work Lunch,1
O002982,C0197,R0108,2025-12-30,Tuesday,12,246,North Indian,4.5,36,4,0,Work Lunch,0
O002983,C0197,R0072,2026-03-29,Sunday,8,256,Cafe,4.4,19,4,1,Routine,1
O002984,C0197,R0074,2026-01-07,Wednesday,8,203,Cafe,4.6,27,5,1,Movie Night,1
O002985,C0197,R0074,2026-02-13,Friday,19,174,Cafe,4.6,27,5,1,Family,1
O002986,C0197,R0008,2026-03-26,Thursday,14,741,Biryani,3.9,25,5,1,Date Night,0
O002987,C0197,R0027,2026-08-26,Wednesday,8,433,Maharashtrian,4.5,48,3,1,Movie Night,1
O002988,C0197,R0144,2026-03-05,Thursday,13,233,Burgers,4.2,23,5,1,Date Night,1
O002989,C0197,R0066,2026-05-13,Wednesday,10,870,Pizza,4.3,30,4,1,Routine,1
O002990,C0197,R0044,2026-07-14,Tuesday,9,265,Thai,4.2,17,4,1,Work Lunch,0
O002991,C0197,R0103,2026-07-31,Friday,8,311,Italian,4.9,32,3,1,Movie Night,0
O002992,C0197,R0066,2026-08-24,Monday,13,900,Pizza,4.3,30,4,1,Routine,1
O002993,C0197,R0005,2026-06-19,Friday,17,544,Pizza,4.0,36,1,1,Work Lunch,0
O002994,C0197,R0081,2025-10-04,Saturday,18,379,Pizza,4.1,42,5,1,Date Night,1
O002995,C0197,R0081,2026-05-07,Thursday,22,424,Pizza,4.1,42,4,1,Routine,1
O002996,C0197,R0022,2026-05-24,Sunday,10,618,Biryani,3.7,38,3,1,Friends,0
O002997,C0198,R0070,2026-07-03,Friday,19,190,Cafe,3.6,24,4,1,Family,1
O002998,C0198,R0070,2026-06-08,Monday,21,239,Cafe,3.6,24,5,0,Routine,1
O002999,C0198,R0129,2026-06-06,Saturday,22,302,Cafe,4.6,46,3,0,Routine,1
O003000,C0198,R0104,2026-03-26,Thursday,18,767,Cafe,4.3,38,4,0,Movie Night,1
O003001,C0198,R0104,2025-11-15,Saturday,9,695,Cafe,4.3,38,3,1,Routine,1
O003002,C0198,R0061,2026-04-16,Thursday,13,577,Burgers,4.5,34,5,0,Work Lunch,0
O003003,C0198,R0104,2025-10-25,Saturday,23,682,Cafe,4.3,38,5,0,Routine,1
O003004,C0198,R0104,2026-02-16,Monday,20,629,Cafe,4.3,38,3,0,Routine,1
O003005,C0198,R0070,2026-03-22,Sunday,21,292,Cafe,3.6,24,4,0,Work Lunch,1
O003006,C0198,R0139,2026-01-15,Thursday,19,368,North Indian,4.4,29,5,0,Work Lunch,0
O003007,C0198,R0129,2026-08-07,Friday,19,225,Cafe,4.6,46,4,1,Family,1
O003008,C0198,R0123,2026-01-07,Wednesday,22,770,South Indian,3.8,37,4,0,Late Night,0
O003009,C0198,R0099,2026-03-23,Monday,22,246,North Indian,3.8,28,4,0,Family,0
O003010,C0199,R0083,2026-04-15,Wednesday,13,752,Healthy,4.3,36,5,0,Late Night,0
O003011,C0199,R0060,2026-03-16,Monday,20,502,Italian,4.3,43,4,1,Routine,1
O003012,C0199,R0089,2025-10-18,Saturday,14,417,Chinese,3.9,30,5,1,Routine,0
O003013,C0199,R0086,2026-01-13,Tuesday,14,120,Italian,4.4,23,5,1,Date Night,0
O003014,C0199,R0035,2025-09-27,Saturday,9,523,Desserts,4.6,27,5,0,Routine,0
O003015,C0199,R0114,2025-11-10,Monday,22,278,Chinese,3.6,33,5,1,Family,0
O003016,C0199,R0060,2025-12-03,Wednesday,8,288,Italian,4.3,43,4,0,Movie Night,1
O003017,C0200,R0074,2026-05-04,Monday,14,277,Cafe,4.6,27,3,1,Routine,1
O003018,C0200,R0074,2026-03-16,Monday,22,216,Cafe,4.6,27,5,1,Routine,1
O003019,C0200,R0056,2025-10-30,Thursday,9,485,Biryani,3.8,49,3,1,Work Lunch,0
O003020,C0200,R0027,2026-04-06,Monday,21,368,Maharashtrian,4.5,48,4,1,Friends,0
O003021,C0200,R0040,2025-12-27,Saturday,20,375,South Indian,4.6,27,3,1,Family,1
O003022,C0200,R0040,2026-06-13,Saturday,23,472,South Indian,4.6,27,3,1,Work Lunch,1
O003023,C0200,R0074,2026-04-05,Sunday,14,298,Cafe,4.6,27,4,1,Routine,1
O003024,C0200,R0022,2026-08-31,Monday,21,656,Biryani,3.7,38,5,0,Routine,0
O003025,C0200,R0103,2026-05-23,Saturday,20,325,Italian,4.9,32,3,1,Routine,0
O003026,C0200,R0074,2026-03-11,Wednesday,20,274,Cafe,4.6,27,5,1,Routine,1
O003027,C0201,R0046,2026-05-08,Friday,8,480,South Indian,4.4,45,4,0,Routine,1
O003028,C0201,R0107,2026-07-03,Friday,21,303,Healthy,4.0,48,3,1,Friends,1
O003029,C0201,R0107,2026-02-03,Tuesday,23,242,Healthy,4.0,48,5,1,Routine,1
O003030,C0201,R0077,2026-05-31,Sunday,20,878,Maharashtrian,4.0,41,5,0,Routine,0
O003031,C0201,R0093,2025-09-26,Friday,13,275,Pizza,4.7,28,5,0,Late Night,1
O003032,C0201,R0136,2026-03-13,Friday,21,506,Chinese,3.6,45,2,1,Movie Night,0
O003033,C0201,R0123,2026-06-14,Sunday,20,1125,South Indian,3.8,37,5,0,Work Lunch,1
O003034,C0201,R0030,2026-05-14,Thursday,17,302,Thai,4.0,38,4,1,Routine,0
O003035,C0201,R0046,2026-04-13,Monday,13,438,South Indian,4.4,45,4,0,Routine,1
O003036,C0201,R0139,2026-02-08,Sunday,14,473,North Indian,4.4,29,5,1,Work Lunch,0
O003037,C0201,R0123,2026-03-07,Saturday,18,912,South Indian,3.8,37,5,1,Date Night,1
O003038,C0201,R0133,2026-02-23,Monday,19,394,Chinese,3.6,43,4,0,Movie Night,0
O003039,C0201,R0046,2026-06-21,Sunday,18,452,South Indian,4.4,45,2,0,Date Night,1
O003040,C0201,R0123,2026-02-06,Friday,23,824,South Indian,3.8,37,5,0,Routine,1
O003041,C0201,R0123,2025-12-24,Wednesday,12,948,South Indian,3.8,37,4,0,Date Night,1
O003042,C0201,R0046,2026-07-10,Friday,8,463,South Indian,4.4,45,3,0,Work Lunch,1
O003043,C0201,R0104,2026-01-04,Sunday,23,597,Cafe,4.3,38,5,0,Work Lunch,0
O003044,C0201,R0107,2026-03-28,Saturday,17,293,Healthy,4.0,48,4,0,Date Night,1
O003045,C0201,R0093,2026-07-23,Thursday,10,308,Pizza,4.7,28,4,0,Date Night,1
O003046,C0201,R0124,2026-02-21,Saturday,22,363,Healthy,4.4,15,4,0,Routine,1
O003047,C0201,R0124,2025-10-27,Monday,17,342,Healthy,4.4,15,4,0,Friends,1
O003048,C0201,R0125,2026-07-08,Wednesday,20,336,Pizza,3.8,29,4,0,Routine,0
O003049,C0201,R0124,2025-09-29,Monday,8,343,Healthy,4.4,15,5,1,Friends,1
O003050,C0201,R0093,2026-08-13,Thursday,17,241,Pizza,4.7,28,5,0,Routine,1
O003051,C0202,R0150,2025-12-06,Saturday,9,564,Maharashtrian,4.0,36,3,1,Routine,0
O003052,C0202,R0003,2026-01-30,Friday,10,232,Chinese,4.0,24,3,1,Late Night,0
O003053,C0202,R0137,2026-04-21,Tuesday,17,365,Chinese,4.3,35,4,0,Late Night,0
O003054,C0202,R0001,2026-05-04,Monday,22,307,South Indian,3.9,38,3,0,Friends,0
O003055,C0202,R0055,2026-02-08,Sunday,17,1244,Biryani,3.6,31,5,0,Routine,0
O003056,C0202,R0026,2026-02-10,Tuesday,20,373,Healthy,4.0,38,5,0,Routine,0
O003057,C0202,R0115,2025-09-16,Tuesday,9,724,Biryani,3.6,38,4,0,Routine,0
O003058,C0202,R0008,2026-01-23,Friday,22,637,Biryani,3.9,25,5,1,Late Night,0
O003059,C0202,R0081,2025-10-19,Sunday,14,367,Pizza,4.1,42,4,0,Movie Night,0
O003060,C0202,R0045,2026-05-17,Sunday,13,832,Maharashtrian,4.7,38,4,0,Family,0
O003061,C0202,R0021,2026-05-24,Sunday,21,646,Thai,4.1,34,4,1,Work Lunch,0
O003062,C0202,R0116,2025-10-02,Thursday,8,396,Maharashtrian,4.2,35,5,0,Date Night,0
O003063,C0202,R0033,2026-06-03,Wednesday,8,466,Cafe,4.2,33,3,0,Routine,0
O003064,C0203,R0063,2026-06-30,Tuesday,19,331,Pizza,4.2,32,4,0,Late Night,0
O003065,C0203,R0051,2026-05-06,Wednesday,22,566,Desserts,4.1,22,5,0,Work Lunch,1
O003066,C0203,R0135,2026-06-15,Monday,10,690,Desserts,4.2,31,5,0,Routine,1
O003067,C0203,R0150,2025-10-12,Sunday,10,632,Maharashtrian,4.0,36,3,0,Family,0
O003068,C0203,R0051,2026-03-04,Wednesday,18,496,Desserts,4.1,22,5,0,Late Night,1
O003069,C0203,R0009,2025-09-08,Monday,23,350,Biryani,4.4,30,2,0,Routine,1
O003070,C0203,R0135,2025-11-10,Monday,22,574,Desserts,4.2,31,4,1,Work Lunch,1
O003071,C0203,R0101,2026-01-14,Wednesday,10,303,Chinese,4.2,27,5,1,Friends,1
O003072,C0203,R0149,2026-04-07,Tuesday,9,325,North Indian,4.7,34,4,0,Routine,1
O003073,C0203,R0051,2025-10-28,Tuesday,10,496,Desserts,4.1,22,4,0,Routine,1
O003074,C0203,R0009,2026-05-30,Saturday,13,526,Biryani,4.4,30,3,0,Routine,1
O003075,C0203,R0073,2026-05-05,Tuesday,14,873,Maharashtrian,4.4,18,5,0,Routine,0
O003076,C0203,R0009,2026-02-26,Thursday,22,406,Biryani,4.4,30,4,1,Family,1
O003077,C0203,R0051,2026-03-18,Wednesday,23,515,Desserts,4.1,22,2,0,Family,1
O003078,C0203,R0010,2026-04-26,Sunday,19,233,Desserts,3.5,15,4,0,Work Lunch,1
O003079,C0203,R0029,2026-07-24,Friday,10,1179,Chinese,4.3,43,5,1,Work Lunch,0
O003080,C0203,R0010,2026-01-15,Thursday,19,212,Desserts,3.5,15,4,0,Routine,1
O003081,C0203,R0149,2025-11-06,Thursday,9,348,North Indian,4.7,34,5,1,Friends,1
O003082,C0203,R0053,2026-08-23,Sunday,23,431,Cafe,4.4,26,4,0,Routine,1
O003083,C0203,R0065,2026-02-15,Sunday,13,561,Healthy,4.8,37,4,0,Work Lunch,0
O003084,C0203,R0145,2026-01-17,Saturday,8,997,South Indian,4.5,28,5,0,Routine,1
O003085,C0203,R0116,2026-04-09,Thursday,13,420,Maharashtrian,4.2,35,4,0,Routine,0
O003086,C0203,R0101,2026-03-09,Monday,13,349,Chinese,4.2,27,4,1,Friends,1
O003087,C0203,R0118,2026-02-22,Sunday,22,617,Chinese,4.6,37,4,0,Routine,0
O003088,C0203,R0135,2025-12-11,Thursday,9,802,Desserts,4.2,31,3,0,Routine,1
O003089,C0203,R0142,2025-12-10,Wednesday,10,812,South Indian,4.4,36,4,0,Late Night,1
O003090,C0203,R0113,2026-04-19,Sunday,13,550,Healthy,4.2,42,5,0,Date Night,0
O003091,C0203,R0145,2026-07-13,Monday,23,901,South Indian,4.5,28,3,0,Friends,1
O003092,C0203,R0076,2026-05-11,Monday,21,604,Healthy,3.8,19,4,1,Late Night,1
O003093,C0203,R0053,2025-10-15,Wednesday,18,390,Cafe,4.4,26,4,0,Work Lunch,1
O003094,C0203,R0142,2026-03-24,Tuesday,23,888,South Indian,4.4,36,5,0,Routine,1
O003095,C0203,R0076,2026-08-08,Saturday,13,475,Healthy,3.8,19,5,0,Friends,1
O003096,C0204,R0111,2026-08-15,Saturday,22,507,Desserts,3.6,21,3,0,Routine,1
O003097,C0204,R0056,2025-11-27,Thursday,8,462,Biryani,3.8,49,4,0,Routine,1
O003098,C0204,R0111,2026-06-13,Saturday,19,485,Desserts,3.6,21,4,1,Work Lunch,1
O003099,C0204,R0081,2025-11-27,Thursday,9,303,Pizza,4.1,42,3,0,Movie Night,1
O003100,C0204,R0022,2026-03-02,Monday,22,596,Biryani,3.7,38,5,1,Routine,1
O003101,C0204,R0081,2026-06-06,Saturday,8,329,Pizza,4.1,42,5,0,Date Night,1
O003102,C0204,R0027,2025-10-06,Monday,20,299,Maharashtrian,4.5,48,4,1,Date Night,1
O003103,C0204,R0056,2026-01-06,Tuesday,8,631,Biryani,3.8,49,5,0,Routine,1
O003104,C0204,R0027,2026-07-24,Friday,12,323,Maharashtrian,4.5,48,3,1,Routine,1
O003105,C0204,R0005,2026-07-10,Friday,23,618,Pizza,4.0,36,4,0,Late Night,1
O003106,C0204,R0033,2026-02-15,Sunday,22,365,Cafe,4.2,33,5,0,Family,0
O003107,C0204,R0072,2025-11-15,Saturday,13,305,Cafe,4.4,19,5,0,Friends,0
O003108,C0204,R0066,2025-12-28,Sunday,14,778,Pizza,4.3,30,3,0,Movie Night,1
O003109,C0204,R0066,2026-02-05,Thursday,8,1100,Pizza,4.3,30,5,0,Routine,1
O003110,C0204,R0036,2026-08-26,Wednesday,23,655,Biryani,3.9,40,4,0,Friends,0
O003111,C0204,R0103,2025-10-25,Saturday,19,239,Italian,4.9,32,4,1,Routine,1
O003112,C0204,R0103,2026-03-23,Monday,18,212,Italian,4.9,32,3,0,Work Lunch,1
O003113,C0204,R0048,2026-01-26,Monday,19,259,Cafe,4.6,29,4,0,Movie Night,0
O003114,C0204,R0112,2026-04-07,Tuesday,14,260,Thai,4.2,34,5,0,Late Night,0
O003115,C0204,R0081,2026-01-22,Thursday,13,342,Pizza,4.1,42,5,1,Routine,1
O003116,C0204,R0103,2026-08-11,Tuesday,14,280,Italian,4.9,32,3,1,Routine,1
O003117,C0204,R0040,2026-04-08,Wednesday,8,434,South Indian,4.6,27,3,0,Movie Night,0
O003118,C0204,R0005,2025-12-18,Thursday,19,304,Pizza,4.0,36,3,0,Movie Night,1
O003119,C0204,R0111,2026-08-20,Thursday,9,514,Desserts,3.6,21,4,0,Work Lunch,1
O003120,C0204,R0111,2026-07-16,Thursday,12,342,Desserts,3.6,21,4,0,Work Lunch,1
O003121,C0204,R0022,2026-06-11,Thursday,9,728,Biryani,3.7,38,5,1,Routine,1
O003122,C0205,R0033,2026-08-19,Wednesday,21,478,Cafe,4.2,33,5,0,Date Night,0
O003123,C0205,R0066,2026-08-10,Monday,14,1059,Pizza,4.3,30,4,1,Routine,1
O003124,C0205,R0036,2026-07-04,Saturday,9,898,Biryani,3.9,40,3,1,Routine,1
O003125,C0205,R0074,2026-04-23,Thursday,19,184,Cafe,4.6,27,5,1,Family,1
O003126,C0205,R0072,2026-01-10,Saturday,19,332,Cafe,4.4,19,5,1,Friends,1
O003127,C0205,R0019,2026-07-17,Friday,20,357,Biryani,4.1,34,3,0,Family,0
O003128,C0205,R0074,2026-06-29,Monday,19,332,Cafe,4.6,27,4,1,Family,1
O003129,C0205,R0122,2025-11-20,Thursday,23,251,North Indian,4.0,35,3,1,Friends,0
O003130,C0205,R0022,2025-10-03,Friday,13,609,Biryani,3.7,38,4,1,Late Night,1
O003131,C0205,R0072,2026-02-10,Tuesday,18,417,Cafe,4.4,19,2,1,Family,1
O003132,C0205,R0044,2025-11-09,Sunday,18,387,Thai,4.2,17,5,1,Routine,1
O003133,C0205,R0056,2026-04-20,Monday,21,486,Biryani,3.8,49,4,0,Routine,1
O003134,C0205,R0040,2026-03-13,Friday,12,487,South Indian,4.6,27,4,1,Routine,0
O003135,C0205,R0044,2025-10-17,Friday,22,266,Thai,4.2,17,4,1,Late Night,1
O003136,C0205,R0005,2026-06-05,Friday,22,484,Pizza,4.0,36,4,0,Late Night,1
O003137,C0205,R0144,2026-08-31,Monday,13,307,Burgers,4.2,23,4,1,Routine,1
O003138,C0205,R0072,2025-11-08,Saturday,12,317,Cafe,4.4,19,5,1,Movie Night,1
O003139,C0205,R0058,2026-07-31,Friday,12,667,North Indian,4.7,24,5,0,Family,0
O003140,C0205,R0044,2025-11-24,Monday,19,241,Thai,4.2,17,4,1,Routine,1
O003141,C0205,R0066,2026-06-19,Friday,23,1085,Pizza,4.3,30,2,1,Routine,1
O003142,C0205,R0044,2025-10-29,Wednesday,21,445,Thai,4.2,17,4,0,Friends,1
O003143,C0205,R0044,2026-05-15,Friday,8,347,Thai,4.2,17,4,0,Work Lunch,1
O003144,C0205,R0056,2025-11-21,Friday,20,422,Biryani,3.8,49,5,1,Routine,1
O003145,C0205,R0036,2025-11-29,Saturday,19,988,Biryani,3.9,40,3,1,Movie Night,1
O003146,C0205,R0027,2025-09-27,Saturday,22,297,Maharashtrian,4.5,48,4,1,Family,0
O003147,C0205,R0066,2025-12-19,Friday,10,764,Pizza,4.3,30,4,0,Routine,1
O003148,C0205,R0111,2025-09-24,Wednesday,9,319,Desserts,3.6,21,4,1,Routine,0
O003149,C0205,R0022,2025-12-28,Sunday,10,846,Biryani,3.7,38,5,1,Movie Night,1
O003150,C0205,R0005,2025-09-10,Wednesday,9,438,Pizza,4.0,36,4,0,Friends,1
O003151,C0205,R0036,2026-03-18,Wednesday,18,830,Biryani,3.9,40,5,1,Work Lunch,1
O003152,C0205,R0144,2025-10-30,Thursday,8,349,Burgers,4.2,23,5,0,Movie Night,1
O003153,C0206,R0129,2026-05-20,Wednesday,21,365,Cafe,4.6,46,5,0,Family,1
O003154,C0206,R0007,2026-06-14,Sunday,23,722,Chinese,4.2,23,3,0,Friends,1
O003155,C0206,R0032,2026-03-18,Wednesday,9,561,Italian,4.3,34,5,1,Routine,1
O003156,C0206,R0031,2025-10-14,Tuesday,13,322,Italian,4.2,31,3,0,Routine,0
O003157,C0206,R0077,2026-03-17,Tuesday,23,1043,Maharashtrian,4.0,41,5,0,Routine,0
O003158,C0206,R0139,2025-10-03,Friday,22,446,North Indian,4.4,29,5,0,Routine,0
O003159,C0206,R0032,2026-06-12,Friday,13,587,Italian,4.3,34,5,0,Late Night,1
O003160,C0206,R0032,2026-07-31,Friday,12,549,Italian,4.3,34,3,0,Friends,1
O003161,C0206,R0133,2025-10-15,Wednesday,20,526,Chinese,3.6,43,4,0,Family,0
O003162,C0206,R0129,2025-09-26,Friday,23,348,Cafe,4.6,46,3,0,Work Lunch,1
O003163,C0206,R0007,2026-04-05,Sunday,23,673,Chinese,4.2,23,4,0,Date Night,1
O003164,C0206,R0124,2026-06-10,Wednesday,21,425,Healthy,4.4,15,4,0,Routine,0
O003165,C0207,R0052,2026-02-10,Tuesday,13,452,Thai,4.7,29,4,1,Work Lunch,1
O003166,C0207,R0140,2026-06-30,Tuesday,14,411,Biryani,4.5,15,4,0,Movie Night,1
O003167,C0207,R0016,2025-10-22,Wednesday,8,519,Burgers,4.5,33,4,0,Routine,1
O003168,C0207,R0140,2025-09-10,Wednesday,18,451,Biryani,4.5,15,5,0,Movie Night,1
O003169,C0207,R0140,2026-03-27,Friday,10,405,Biryani,4.5,15,5,0,Routine,1
O003170,C0207,R0140,2026-01-22,Thursday,14,543,Biryani,4.5,15,5,0,Late Night,1
O003171,C0207,R0071,2026-06-30,Tuesday,17,274,South Indian,4.1,48,3,1,Work Lunch,0
O003172,C0207,R0140,2025-10-10,Friday,14,592,Biryani,4.5,15,5,0,Routine,1
O003173,C0207,R0052,2026-08-20,Thursday,8,436,Thai,4.7,29,3,0,Work Lunch,1
O003174,C0207,R0016,2026-08-10,Monday,17,489,Burgers,4.5,33,5,0,Work Lunch,1
O003175,C0207,R0042,2025-10-19,Sunday,9,356,Chinese,4.4,21,4,1,Routine,0
O003176,C0207,R0140,2026-07-30,Thursday,17,487,Biryani,4.5,15,5,0,Movie Night,1
O003177,C0208,R0108,2026-02-02,Monday,9,277,North Indian,4.5,36,5,1,Friends,1
O003178,C0208,R0048,2026-08-28,Friday,12,255,Cafe,4.6,29,5,0,Late Night,0
O003179,C0208,R0108,2025-09-02,Tuesday,23,244,North Indian,4.5,36,5,0,Work Lunch,1
O003180,C0208,R0108,2026-02-14,Saturday,9,191,North Indian,4.5,36,2,0,Work Lunch,1
O003181,C0208,R0072,2026-07-01,Wednesday,13,279,Cafe,4.4,19,4,0,Date Night,0
O003182,C0208,R0111,2026-04-30,Thursday,8,449,Desserts,3.6,21,5,1,Family,0
O003183,C0208,R0074,2025-09-09,Tuesday,14,314,Cafe,4.6,27,3,0,Date Night,0
O003184,C0208,R0044,2025-12-10,Wednesday,17,457,Thai,4.2,17,5,0,Work Lunch,0
O003185,C0209,R0044,2025-12-14,Sunday,13,385,Thai,4.2,17,3,0,Family,0
O003186,C0209,R0073,2026-03-14,Saturday,19,951,Maharashtrian,4.4,18,4,1,Friends,1
O003187,C0209,R0050,2026-06-18,Thursday,20,288,Biryani,4.0,26,4,1,Work Lunch,0
O003188,C0209,R0082,2026-03-19,Thursday,20,189,Italian,3.6,28,3,1,Work Lunch,0
O003189,C0209,R0009,2025-09-09,Tuesday,19,355,Biryani,4.4,30,2,1,Routine,0
O003190,C0209,R0073,2026-04-11,Saturday,19,756,Maharashtrian,4.4,18,5,1,Family,1
O003191,C0209,R0053,2026-07-24,Friday,20,390,Cafe,4.4,26,4,1,Routine,0
O003192,C0209,R0077,2026-05-30,Saturday,21,631,Maharashtrian,4.0,41,4,1,Friends,0
O003193,C0209,R0061,2026-05-08,Friday,23,604,Burgers,4.5,34,3,0,Family,0
O003194,C0209,R0043,2026-03-07,Saturday,8,263,Pizza,4.3,15,4,1,Work Lunch,0
O003195,C0209,R0135,2026-07-01,Wednesday,17,827,Desserts,4.2,31,3,1,Routine,0
O003196,C0210,R0037,2026-04-22,Wednesday,9,269,Maharashtrian,4.6,45,3,1,Family,0
O003197,C0210,R0012,2026-03-14,Saturday,8,395,Pizza,3.3,27,4,1,Friends,0
O003198,C0210,R0003,2026-01-01,Thursday,10,265,Chinese,4.0,24,3,0,Routine,0
O003199,C0210,R0038,2025-10-16,Thursday,10,474,Chinese,4.0,29,3,0,Work Lunch,0
O003200,C0210,R0014,2026-08-27,Thursday,23,655,Maharashtrian,4.1,35,3,1,Late Night,1
O003201,C0210,R0051,2026-04-22,Wednesday,21,494,Desserts,4.1,22,5,1,Family,0
O003202,C0210,R0117,2026-06-15,Monday,10,592,Italian,3.9,43,4,1,Work Lunch,0
O003203,C0210,R0108,2026-02-03,Tuesday,9,332,North Indian,4.5,36,3,1,Family,0
O003204,C0210,R0090,2025-09-04,Thursday,23,1086,Maharashtrian,4.5,33,3,1,Late Night,0
O003205,C0210,R0130,2026-06-21,Sunday,14,361,South Indian,4.1,26,4,0,Late Night,0
O003206,C0210,R0043,2025-10-09,Thursday,23,374,Pizza,4.3,15,5,1,Work Lunch,0
O003207,C0210,R0134,2026-02-20,Friday,19,967,Maharashtrian,4.3,28,5,1,Routine,0
O003208,C0210,R0060,2025-11-01,Saturday,18,396,Italian,4.3,43,4,1,Work Lunch,1
O003209,C0210,R0060,2026-01-28,Wednesday,22,237,Italian,4.3,43,3,1,Routine,1
O003210,C0210,R0061,2025-11-11,Tuesday,18,726,Burgers,4.5,34,5,1,Routine,0
O003211,C0210,R0014,2026-07-07,Tuesday,10,661,Maharashtrian,4.1,35,5,1,Date Night,1
O003212,C0210,R0147,2025-10-21,Tuesday,19,355,Biryani,3.9,17,3,1,Friends,0
O003213,C0210,R0021,2026-07-29,Wednesday,19,652,Thai,4.1,34,4,1,Routine,0
O003214,C0211,R0030,2025-10-19,Sunday,20,337,Thai,4.0,38,4,1,Friends,1
O003215,C0211,R0136,2026-03-27,Friday,10,385,Chinese,3.6,45,5,1,Work Lunch,1
O003216,C0211,R0105,2025-12-01,Monday,10,315,North Indian,3.8,47,3,0,Routine,0
O003217,C0211,R0007,2026-05-04,Monday,14,1001,Chinese,4.2,23,3,1,Family,0
O003218,C0211,R0030,2025-10-10,Friday,18,227,Thai,4.0,38,5,0,Routine,1
O003219,C0211,R0139,2026-08-30,Sunday,13,389,North Indian,4.4,29,5,1,Friends,0
O003220,C0211,R0030,2026-03-08,Sunday,13,262,Thai,4.0,38,3,1,Movie Night,1
O003221,C0211,R0110,2025-10-25,Saturday,19,235,Italian,4.7,33,4,1,Routine,0
O003222,C0211,R0070,2026-01-30,Friday,14,325,Cafe,3.6,24,4,1,Work Lunch,0
O003223,C0211,R0133,2025-09-25,Thursday,14,468,Chinese,3.6,43,4,1,Work Lunch,1
O003224,C0211,R0125,2026-05-18,Monday,10,308,Pizza,3.8,29,5,1,Routine,0
O003225,C0211,R0107,2026-06-24,Wednesday,10,265,Healthy,4.0,48,5,1,Routine,0
O003226,C0211,R0006,2026-03-08,Sunday,18,529,Chinese,3.5,26,4,1,Movie Night,0
O003227,C0211,R0133,2026-08-31,Monday,20,526,Chinese,3.6,43,5,1,Routine,1
O003228,C0211,R0077,2025-09-27,Saturday,9,810,Maharashtrian,4.0,41,3,1,Friends,0
O003229,C0211,R0136,2025-12-23,Tuesday,22,430,Chinese,3.6,45,5,1,Movie Night,1
O003230,C0212,R0010,2026-03-30,Monday,13,426,Desserts,3.5,15,5,0,Late Night,0
O003231,C0212,R0003,2026-04-25,Saturday,10,210,Chinese,4.0,24,4,0,Routine,0
O003232,C0212,R0063,2025-11-10,Monday,13,161,Pizza,4.2,32,4,1,Movie Night,0
O003233,C0212,R0134,2026-04-30,Thursday,10,754,Maharashtrian,4.3,28,4,1,Family,1
O003234,C0212,R0029,2026-06-15,Monday,20,867,Chinese,4.3,43,3,0,Routine,0
O003235,C0212,R0116,2026-01-23,Friday,8,253,Maharashtrian,4.2,35,5,0,Routine,0
O003236,C0212,R0057,2026-05-08,Friday,19,316,Maharashtrian,4.6,32,5,1,Friends,1
O003237,C0212,R0135,2026-05-24,Sunday,10,631,Desserts,4.2,31,2,0,Routine,1
O003238,C0212,R0135,2026-01-14,Wednesday,22,675,Desserts,4.2,31,3,0,Work Lunch,1
O003239,C0212,R0134,2025-10-18,Saturday,10,959,Maharashtrian,4.3,28,4,0,Late Night,1
O003240,C0212,R0087,2025-10-09,Thursday,17,704,Cafe,4.3,36,4,1,Late Night,0
O003241,C0212,R0057,2026-06-06,Saturday,23,390,Maharashtrian,4.6,32,5,1,Date Night,1
O003242,C0212,R0135,2025-09-05,Friday,18,644,Desserts,4.2,31,4,0,Routine,1
O003243,C0212,R0034,2026-02-28,Saturday,19,428,Burgers,4.8,40,5,0,Friends,1
O003244,C0212,R0057,2025-10-02,Thursday,9,230,Maharashtrian,4.6,32,4,1,Routine,1
O003245,C0212,R0034,2026-03-11,Wednesday,8,426,Burgers,4.8,40,5,1,Family,1
O003246,C0213,R0140,2026-04-27,Monday,23,579,Biryani,4.5,15,4,1,Routine,0
O003247,C0213,R0016,2026-08-04,Tuesday,9,560,Burgers,4.5,33,5,1,Routine,1
O003248,C0213,R0071,2026-04-08,Wednesday,9,324,South Indian,4.1,48,5,1,Date Night,0
O003249,C0213,R0052,2025-09-24,Wednesday,22,541,Thai,4.7,29,3,0,Work Lunch,0
O003250,C0213,R0050,2026-04-15,Wednesday,8,425,Biryani,4.0,26,3,1,Movie Night,1
O003251,C0213,R0091,2025-11-10,Monday,12,305,Biryani,4.0,34,3,1,Routine,0
O003252,C0213,R0050,2026-04-26,Sunday,9,639,Biryani,4.0,26,3,1,Date Night,1
O003253,C0213,R0016,2026-07-02,Thursday,14,378,Burgers,4.5,33,4,1,Friends,1
O003254,C0213,R0016,2025-09-04,Thursday,18,466,Burgers,4.5,33,3,1,Routine,1
O003255,C0213,R0016,2026-08-26,Wednesday,21,219,Burgers,4.5,33,4,1,Routine,1
O003256,C0214,R0005,2026-05-18,Monday,20,322,Pizza,4.0,36,5,0,Date Night,0
O003257,C0214,R0103,2026-06-16,Tuesday,22,333,Italian,4.9,32,4,0,Routine,0
O003258,C0214,R0081,2026-01-30,Friday,12,355,Pizza,4.1,42,4,0,Date Night,1
O003259,C0214,R0066,2025-11-13,Thursday,23,1051,Pizza,4.3,30,4,1,Family,1
O003260,C0214,R0058,2026-04-29,Wednesday,17,561,North Indian,4.7,24,3,1,Family,0
O003261,C0214,R0066,2026-06-22,Monday,12,1206,Pizza,4.3,30,3,0,Movie Night,1
O003262,C0214,R0056,2026-04-01,Wednesday,14,520,Biryani,3.8,49,5,1,Routine,1
O003263,C0214,R0048,2026-01-11,Sunday,13,190,Cafe,4.6,29,3,1,Late Night,1
O003264,C0214,R0066,2025-10-31,Friday,17,880,Pizza,4.3,30,5,0,Movie Night,1
O003265,C0214,R0066,2025-10-17,Friday,20,567,Pizza,4.3,30,4,1,Date Night,1
O003266,C0214,R0081,2026-05-23,Saturday,10,417,Pizza,4.1,42,3,1,Late Night,1
O003267,C0214,R0081,2025-12-14,Sunday,23,259,Pizza,4.1,42,5,1,Routine,1
O003268,C0214,R0048,2026-06-04,Thursday,9,346,Cafe,4.6,29,5,1,Routine,1
O003269,C0214,R0056,2025-10-08,Wednesday,8,460,Biryani,3.8,49,4,1,Routine,1
O003270,C0214,R0048,2025-09-25,Thursday,10,218,Cafe,4.6,29,4,1,Work Lunch,1
O003271,C0215,R0043,2026-06-16,Tuesday,21,373,Pizza,4.3,15,2,1,Family,0
O003272,C0215,R0147,2025-12-24,Wednesday,21,482,Biryani,3.9,17,4,1,Routine,0
O003273,C0215,R0021,2026-04-29,Wednesday,13,724,Thai,4.1,34,4,1,Routine,1
O003274,C0215,R0080,2026-03-05,Thursday,18,749,South Indian,4.7,27,4,1,Routine,1
O003275,C0215,R0092,2026-01-03,Saturday,14,1088,South Indian,4.5,15,4,0,Movie Night,1
O003276,C0215,R0025,2025-11-18,Tuesday,17,721,Cafe,4.1,35,5,1,Family,0
O003277,C0215,R0138,2026-03-28,Saturday,13,1007,North Indian,4.6,22,3,1,Late Night,0
O003278,C0215,R0092,2026-04-12,Sunday,8,1005,South Indian,4.5,15,4,0,Date Night,1
O003279,C0215,R0020,2026-04-19,Sunday,12,862,Biryani,4.2,28,5,1,Family,0
O003280,C0215,R0092,2025-12-23,Tuesday,22,747,South Indian,4.5,15,4,1,Late Night,1
O003281,C0215,R0080,2026-02-02,Monday,19,376,South Indian,4.7,27,4,0,Family,1
O003282,C0215,R0021,2026-06-09,Tuesday,13,675,Thai,4.1,34,4,1,Late Night,1
O003283,C0216,R0087,2026-02-11,Wednesday,23,577,Cafe,4.3,36,4,1,Routine,0
O003284,C0216,R0116,2026-07-21,Tuesday,13,296,Maharashtrian,4.2,35,5,0,Work Lunch,0
O003285,C0216,R0101,2025-11-11,Tuesday,19,335,Chinese,4.2,27,5,1,Routine,1
O003286,C0216,R0120,2026-02-20,Friday,8,369,Biryani,4.0,39,3,0,Work Lunch,1
O003287,C0216,R0009,2026-04-17,Friday,13,423,Biryani,4.4,30,4,0,Friends,1
O003288,C0216,R0055,2026-03-22,Sunday,14,1055,Biryani,3.6,31,4,1,Work Lunch,0
O003289,C0216,R0065,2026-02-20,Friday,14,636,Healthy,4.8,37,4,0,Routine,0
O003290,C0216,R0051,2026-03-24,Tuesday,10,522,Desserts,4.1,22,5,1,Routine,0
O003291,C0216,R0013,2025-12-04,Thursday,22,1286,South Indian,4.1,44,5,1,Movie Night,1
O003292,C0216,R0011,2026-07-03,Friday,8,385,Chinese,4.0,36,4,1,Family,0
O003293,C0216,R0057,2026-02-19,Thursday,23,349,Maharashtrian,4.6,32,3,1,Routine,0
O003294,C0216,R0073,2025-09-23,Tuesday,18,917,Maharashtrian,4.4,18,5,1,Friends,0
O003295,C0216,R0009,2026-02-07,Saturday,22,462,Biryani,4.4,30,5,1,Routine,1
O003296,C0216,R0149,2026-07-06,Monday,9,372,North Indian,4.7,34,4,0,Movie Night,0
O003297,C0216,R0134,2025-10-23,Thursday,9,997,Maharashtrian,4.3,28,2,1,Late Night,0
O003298,C0216,R0120,2026-04-26,Sunday,23,543,Biryani,4.0,39,3,0,Family,1
O003299,C0216,R0013,2026-03-19,Thursday,9,1113,South Indian,4.1,44,4,0,Family,1
O003300,C0216,R0101,2026-08-19,Wednesday,8,289,Chinese,4.2,27,4,0,Routine,1
O003301,C0216,R0076,2026-01-31,Saturday,22,485,Healthy,3.8,19,4,1,Late Night,0
O003302,C0216,R0150,2026-08-17,Monday,17,1061,Maharashtrian,4.0,36,4,1,Routine,0
O003303,C0216,R0120,2026-08-27,Thursday,10,611,Biryani,4.0,39,4,1,Routine,1
O003304,C0216,R0100,2025-09-14,Sunday,17,260,Chinese,4.4,29,4,1,Friends,0
O003305,C0216,R0142,2026-03-10,Tuesday,12,1013,South Indian,4.4,36,5,1,Routine,0
O003306,C0217,R0117,2026-01-17,Saturday,22,548,Italian,3.9,43,3,0,Late Night,1
O003307,C0217,R0106,2026-08-17,Monday,10,272,Healthy,4.3,46,2,1,Late Night,1
O003308,C0217,R0117,2025-10-14,Tuesday,21,470,Italian,3.9,43,5,1,Routine,1
O003309,C0217,R0002,2026-04-14,Tuesday,14,240,Maharashtrian,4.4,29,5,1,Date Night,0
O003310,C0217,R0026,2026-06-18,Thursday,14,453,Healthy,4.0,38,5,1,Movie Night,1
O003311,C0217,R0004,2025-10-02,Thursday,8,199,South Indian,4.4,43,3,0,Routine,0
O003312,C0217,R0054,2026-04-03,Friday,23,408,Chinese,3.6,34,5,1,Date Night,1
O003313,C0217,R0121,2025-09-27,Saturday,9,277,Italian,4.8,41,3,1,Routine,1
O003314,C0217,R0062,2026-02-21,Saturday,12,175,Maharashtrian,3.7,23,5,1,Movie Night,0
O003315,C0217,R0117,2025-12-04,Thursday,14,570,Italian,3.9,43,4,1,Late Night,1
O003316,C0217,R0028,2026-08-03,Monday,21,389,South Indian,4.2,38,5,1,Friends,0
O003317,C0217,R0039,2026-01-12,Monday,18,688,Biryani,3.7,28,5,1,Friends,0
O003318,C0217,R0121,2026-07-15,Wednesday,14,390,Italian,4.8,41,3,1,Routine,1
O003319,C0217,R0054,2026-01-24,Saturday,8,520,Chinese,3.6,34,4,0,Late Night,1
O003320,C0217,R0109,2026-05-12,Tuesday,9,822,Desserts,4.3,29,4,1,Date Night,0
O003321,C0217,R0026,2026-08-28,Friday,12,590,Healthy,4.0,38,5,1,Movie Night,1
O003322,C0217,R0130,2026-04-27,Monday,20,317,South Indian,4.1,26,4,0,Family,0
O003323,C0217,R0085,2026-03-02,Monday,22,262,Desserts,3.4,26,5,1,Date Night,0
O003324,C0217,R0106,2026-08-13,Thursday,14,345,Healthy,4.3,46,5,0,Friends,1
O003325,C0218,R0110,2025-12-29,Monday,21,221,Italian,4.7,33,4,1,Date Night,0
O003326,C0218,R0093,2025-10-05,Sunday,8,220,Pizza,4.7,28,5,1,Routine,1
O003327,C0218,R0105,2026-03-22,Sunday,13,404,North Indian,3.8,47,5,1,Late Night,0
O003328,C0218,R0093,2026-07-17,Friday,12,299,Pizza,4.7,28,5,1,Late Night,1
O003329,C0218,R0032,2025-09-08,Monday,12,608,Italian,4.3,34,4,1,Friends,1
O003330,C0218,R0093,2026-06-25,Thursday,9,200,Pizza,4.7,28,3,1,Routine,1
O003331,C0218,R0119,2026-02-27,Friday,10,434,Desserts,4.2,37,5,1,Late Night,0
O003332,C0218,R0125,2025-12-20,Saturday,17,403,Pizza,3.8,29,4,1,Routine,1
O003333,C0218,R0099,2026-07-12,Sunday,22,172,North Indian,3.8,28,5,1,Late Night,1
O003334,C0218,R0032,2026-01-25,Sunday,9,528,Italian,4.3,34,4,1,Routine,1
O003335,C0218,R0093,2026-02-02,Monday,21,345,Pizza,4.7,28,5,1,Family,1
O003336,C0218,R0125,2025-10-20,Monday,12,276,Pizza,3.8,29,4,1,Late Night,1
O003337,C0218,R0093,2026-02-21,Saturday,20,195,Pizza,4.7,28,5,1,Family,1
O003338,C0218,R0123,2025-11-30,Sunday,19,726,South Indian,3.8,37,5,1,Work Lunch,0
O003339,C0218,R0099,2026-01-04,Sunday,14,244,North Indian,3.8,28,4,1,Friends,1
O003340,C0218,R0061,2026-02-23,Monday,10,567,Burgers,4.5,34,5,1,Routine,0
O003341,C0219,R0098,2026-03-19,Thursday,9,912,Burgers,4.1,33,3,1,Routine,1
O003342,C0219,R0098,2026-03-29,Sunday,18,752,Burgers,4.1,33,3,0,Family,1
O003343,C0219,R0096,2026-06-24,Wednesday,8,538,Chinese,4.1,24,5,1,Friends,0
O003344,C0219,R0121,2026-03-24,Tuesday,20,328,Italian,4.8,41,3,0,Work Lunch,0
O003345,C0219,R0028,2026-06-09,Tuesday,8,546,South Indian,4.2,38,4,0,Routine,1
O003346,C0219,R0084,2026-03-19,Thursday,22,610,Desserts,4.1,32,3,1,Work Lunch,0
O003347,C0219,R0117,2026-01-14,Wednesday,8,454,Italian,3.9,43,4,0,Date Night,0
O003348,C0219,R0014,2026-01-03,Saturday,18,724,Maharashtrian,4.1,35,4,0,Family,0
O003349,C0219,R0004,2026-08-23,Sunday,21,178,South Indian,4.4,43,4,1,Routine,0
O003350,C0219,R0028,2025-12-22,Monday,21,509,South Indian,4.2,38,3,1,Routine,1
O003351,C0219,R0097,2026-01-27,Tuesday,13,358,Chinese,4.9,24,4,0,Family,0
O003352,C0219,R0039,2026-03-12,Thursday,12,516,Biryani,3.7,28,5,0,Routine,0
O003353,C0219,R0026,2026-03-22,Sunday,18,455,Healthy,4.0,38,4,0,Work Lunch,0
O003354,C0220,R0060,2025-11-21,Friday,14,296,Italian,4.3,43,5,1,Routine,1
O003355,C0220,R0083,2025-12-22,Monday,10,561,Healthy,4.3,36,5,1,Friends,0
O003356,C0220,R0035,2025-09-07,Sunday,9,363,Desserts,4.6,27,5,1,Work Lunch,0
O003357,C0220,R0094,2026-03-15,Sunday,14,382,Italian,4.4,42,5,1,Routine,1
O003358,C0220,R0060,2026-03-21,Saturday,10,251,Italian,4.3,43,4,1,Routine,1
O003359,C0220,R0094,2026-04-25,Saturday,19,421,Italian,4.4,42,4,1,Routine,1
O003360,C0220,R0089,2026-06-27,Saturday,8,408,Chinese,3.9,30,5,1,Friends,0
O003361,C0220,R0086,2026-08-06,Thursday,20,220,Italian,4.4,23,4,0,Friends,1
O003362,C0220,R0037,2025-11-17,Monday,12,368,Maharashtrian,4.6,45,5,1,Date Night,1
O003363,C0220,R0037,2026-02-06,Friday,14,354,Maharashtrian,4.6,45,5,0,Movie Night,1
O003364,C0220,R0018,2025-10-07,Tuesday,8,173,Pizza,3.5,47,5,1,Friends,1
O003365,C0220,R0060,2025-09-18,Thursday,20,291,Italian,4.3,43,3,1,Routine,1
O003366,C0220,R0060,2026-04-05,Sunday,21,306,Italian,4.3,43,5,1,Routine,1
O003367,C0220,R0094,2026-01-05,Monday,8,409,Italian,4.4,42,4,1,Friends,1
O003368,C0220,R0060,2026-06-05,Friday,19,367,Italian,4.3,43,4,1,Movie Night,1
O003369,C0220,R0094,2026-05-21,Thursday,13,305,Italian,4.4,42,3,0,Routine,1
O003370,C0220,R0068,2025-11-18,Tuesday,9,521,Thai,4.3,20,5,1,Routine,1
O003371,C0220,R0094,2026-03-22,Sunday,18,381,Italian,4.4,42,5,1,Routine,1
O003372,C0220,R0114,2025-11-10,Monday,20,290,Chinese,3.6,33,4,1,Late Night,1
O003373,C0220,R0060,2026-01-24,Saturday,21,381,Italian,4.3,43,3,1,Routine,1
O003374,C0220,R0094,2026-04-23,Thursday,14,320,Italian,4.4,42,5,1,Date Night,1
O003375,C0220,R0086,2026-06-17,Wednesday,19,255,Italian,4.4,23,4,1,Date Night,1
O003376,C0220,R0094,2026-06-07,Sunday,18,272,Italian,4.4,42,4,1,Routine,1
O003377,C0220,R0086,2026-06-18,Thursday,10,228,Italian,4.4,23,5,1,Routine,1
O003378,C0220,R0068,2026-07-02,Thursday,22,620,Thai,4.3,20,5,1,Family,1
O003379,C0220,R0060,2026-04-06,Monday,13,352,Italian,4.3,43,4,1,Routine,1
O003380,C0220,R0018,2025-09-25,Thursday,12,287,Pizza,3.5,47,4,1,Late Night,1
O003381,C0220,R0086,2026-01-03,Saturday,17,221,Italian,4.4,23,4,1,Friends,1
O003382,C0220,R0114,2025-12-02,Tuesday,23,325,Chinese,3.6,33,5,1,Routine,1
O003383,C0221,R0076,2026-08-23,Sunday,10,378,Healthy,3.8,19,4,0,Work Lunch,1
O003384,C0221,R0149,2026-03-02,Monday,19,237,North Indian,4.7,34,4,1,Routine,0
O003385,C0221,R0150,2026-01-10,Saturday,18,729,Maharashtrian,4.0,36,3,0,Late Night,0
O003386,C0221,R0053,2025-09-14,Sunday,22,342,Cafe,4.4,26,5,0,Family,0
O003387,C0221,R0059,2025-09-02,Tuesday,18,469,Cafe,4.4,33,4,0,Routine,0
O003388,C0221,R0009,2026-02-25,Wednesday,10,323,Biryani,4.4,30,3,0,Routine,0
O003389,C0221,R0145,2026-06-10,Wednesday,8,855,South Indian,4.5,28,4,0,Routine,0
O003390,C0221,R0076,2026-04-10,Friday,22,439,Healthy,3.8,19,4,1,Late Night,1
O003391,C0222,R0109,2025-10-22,Wednesday,21,682,Desserts,4.3,29,5,1,Date Night,1
O003392,C0222,R0084,2026-08-06,Thursday,10,804,Desserts,4.1,32,3,1,Routine,1
O003393,C0222,R0084,2026-05-28,Thursday,23,666,Desserts,4.1,32,5,0,Routine,1
O003394,C0222,R0085,2026-06-22,Monday,18,293,Desserts,3.4,26,4,1,Friends,0
O003395,C0222,R0095,2026-08-19,Wednesday,14,616,North Indian,3.8,25,4,1,Family,0
O003396,C0222,R0109,2026-04-12,Sunday,9,821,Desserts,4.3,29,4,1,Date Night,1
O003397,C0222,R0054,2026-05-17,Sunday,17,589,Chinese,3.6,34,5,1,Routine,0
O003398,C0222,R0109,2026-03-11,Wednesday,14,1086,Desserts,4.3,29,4,1,Family,1
O003399,C0223,R0133,2025-10-13,Monday,22,424,Chinese,3.6,43,5,1,Family,0
O003400,C0223,R0104,2026-02-09,Monday,20,696,Cafe,4.3,38,5,1,Date Night,0
O003401,C0223,R0119,2026-08-21,Friday,18,405,Desserts,4.2,37,5,1,Routine,1
O003402,C0223,R0070,2026-08-21,Friday,9,213,Cafe,3.6,24,2,0,Work Lunch,0
O003403,C0223,R0032,2026-05-24,Sunday,8,702,Italian,4.3,34,5,1,Friends,0
O003404,C0223,R0119,2026-02-22,Sunday,12,376,Desserts,4.2,37,4,1,Work Lunch,1
O003405,C0223,R0105,2026-08-26,Wednesday,20,311,North Indian,3.8,47,3,1,Movie Night,1
O003406,C0223,R0093,2025-10-06,Monday,19,200,Pizza,4.7,28,5,0,Late Night,0
O003407,C0223,R0105,2026-07-10,Friday,10,402,North Indian,3.8,47,4,0,Family,1
O003408,C0223,R0031,2026-06-26,Friday,18,456,Italian,4.2,31,4,0,Movie Night,0
O003409,C0223,R0124,2026-05-20,Wednesday,13,440,Healthy,4.4,15,5,1,Routine,0
O003410,C0223,R0136,2026-02-08,Sunday,8,270,Chinese,3.6,45,5,1,Friends,0
O003411,C0224,R0050,2026-05-23,Saturday,10,593,Biryani,4.0,26,5,1,Routine,1
O003412,C0224,R0016,2026-05-04,Monday,10,514,Burgers,4.5,33,5,1,Routine,1
O003413,C0224,R0140,2025-12-01,Monday,19,462,Biryani,4.5,15,3,1,Routine,0
O003414,C0224,R0038,2026-01-30,Friday,19,540,Chinese,4.0,29,5,1,Routine,1
O003415,C0224,R0042,2025-12-28,Sunday,10,287,Chinese,4.4,21,5,1,Friends,1
O003416,C0224,R0091,2025-11-20,Thursday,8,260,Biryani,4.0,34,4,1,Routine,1
O003417,C0224,R0052,2026-01-22,Thursday,13,587,Thai,4.7,29,4,1,Work Lunch,1
O003418,C0224,R0038,2026-01-22,Thursday,21,498,Chinese,4.0,29,4,1,Routine,1
O003419,C0224,R0050,2025-11-08,Saturday,22,710,Biryani,4.0,26,3,0,Movie Night,1
O003420,C0224,R0038,2025-10-28,Tuesday,9,663,Chinese,4.0,29,5,1,Work Lunch,1
O003421,C0224,R0042,2026-03-05,Thursday,20,442,Chinese,4.4,21,4,0,Family,1
O003422,C0224,R0016,2025-12-11,Thursday,22,299,Burgers,4.5,33,4,1,Routine,1
O003423,C0224,R0052,2025-11-05,Wednesday,22,480,Thai,4.7,29,4,1,Friends,1
O003424,C0224,R0091,2025-09-08,Monday,10,211,Biryani,4.0,34,4,1,Routine,1
O003425,C0224,R0071,2025-12-17,Wednesday,8,189,South Indian,4.1,48,4,1,Routine,1
O003426,C0224,R0071,2026-08-24,Monday,10,226,South Indian,4.1,48,4,1,Routine,1
O003427,C0224,R0042,2025-11-08,Saturday,10,360,Chinese,4.4,21,4,0,Friends,1
O003428,C0224,R0050,2026-05-14,Thursday,14,657,Biryani,4.0,26,4,1,Movie Night,1
O003429,C0224,R0091,2025-11-06,Thursday,22,257,Biryani,4.0,34,5,1,Movie Night,1
O003430,C0224,R0016,2026-01-04,Sunday,14,285,Burgers,4.5,33,5,1,Friends,1
O003431,C0224,R0091,2025-09-23,Tuesday,23,390,Biryani,4.0,34,3,1,Date Night,1
O003432,C0224,R0052,2026-05-17,Sunday,9,454,Thai,4.7,29,4,1,Work Lunch,1
O003433,C0225,R0103,2025-09-26,Friday,17,283,Italian,4.9,32,5,0,Routine,1
O003434,C0225,R0044,2025-12-11,Thursday,8,353,Thai,4.2,17,5,0,Friends,1
O003435,C0225,R0044,2025-10-01,Wednesday,14,348,Thai,4.2,17,5,0,Friends,1
O003436,C0225,R0040,2026-07-03,Friday,12,439,South Indian,4.6,27,2,0,Late Night,0
O003437,C0225,R0103,2026-04-15,Wednesday,18,304,Italian,4.9,32,4,0,Work Lunch,1
O003438,C0225,R0027,2026-03-24,Tuesday,20,449,Maharashtrian,4.5,48,3,1,Routine,0
O003439,C0225,R0005,2026-06-04,Thursday,12,575,Pizza,4.0,36,4,0,Routine,0
O003440,C0225,R0074,2025-10-08,Wednesday,21,251,Cafe,4.6,27,2,0,Routine,1
O003441,C0225,R0122,2025-11-23,Sunday,20,231,North Indian,4.0,35,5,1,Routine,0
O003442,C0225,R0074,2026-08-17,Monday,21,198,Cafe,4.6,27,2,0,Late Night,1
O003443,C0225,R0111,2025-10-09,Thursday,18,418,Desserts,3.6,21,5,0,Routine,1
O003444,C0225,R0081,2026-07-10,Friday,8,328,Pizza,4.1,42,4,0,Movie Night,0
O003445,C0225,R0058,2025-11-22,Saturday,20,637,North Indian,4.7,24,5,0,Date Night,0
O003446,C0225,R0103,2026-05-31,Sunday,12,284,Italian,4.9,32,3,0,Routine,1
O003447,C0225,R0111,2025-09-16,Tuesday,13,464,Desserts,3.6,21,4,1,Routine,1
O003448,C0225,R0036,2026-06-06,Saturday,13,627,Biryani,3.9,40,3,1,Routine,1
O003449,C0225,R0044,2026-03-19,Thursday,17,338,Thai,4.2,17,4,0,Routine,1
O003450,C0225,R0036,2026-06-19,Friday,9,776,Biryani,3.9,40,4,1,Date Night,1
O003451,C0225,R0056,2025-12-14,Sunday,9,641,Biryani,3.8,49,5,0,Work Lunch,0
O003452,C0226,R0131,2025-09-09,Tuesday,19,392,South Indian,4.4,28,5,0,Routine,1
O003453,C0226,R0138,2026-03-28,Saturday,19,931,North Indian,4.6,22,3,1,Movie Night,0
O003454,C0226,R0021,2026-04-03,Friday,17,593,Thai,4.1,34,4,1,Work Lunch,1
O003455,C0226,R0092,2025-09-22,Monday,17,902,South Indian,4.5,15,2,0,Routine,1
O003456,C0226,R0043,2026-03-22,Sunday,10,361,Pizza,4.3,15,3,0,Routine,1
O003457,C0226,R0025,2026-05-22,Friday,23,933,Cafe,4.1,35,4,0,Work Lunch,0
O003458,C0226,R0131,2026-03-06,Friday,8,590,South Indian,4.4,28,4,0,Routine,1
O003459,C0226,R0092,2026-01-26,Monday,23,739,South Indian,4.5,15,3,0,Date Night,1
O003460,C0226,R0043,2026-01-10,Saturday,13,352,Pizza,4.3,15,4,0,Friends,1
O003461,C0226,R0049,2026-04-15,Wednesday,17,291,Desserts,4.6,22,3,0,Work Lunch,0
O003462,C0226,R0147,2025-12-11,Thursday,21,380,Biryani,3.9,17,5,0,Routine,0
O003463,C0226,R0141,2025-12-07,Sunday,22,664,Burgers,4.2,26,5,1,Routine,1
O003464,C0226,R0141,2026-04-03,Friday,14,732,Burgers,4.2,26,2,1,Routine,1
O003465,C0226,R0090,2026-07-30,Thursday,20,730,Maharashtrian,4.5,33,4,1,Work Lunch,0
O003466,C0226,R0126,2026-04-22,Wednesday,12,535,Italian,4.1,21,5,0,Routine,0
O003467,C0226,R0079,2025-11-27,Thursday,17,477,Chinese,4.1,36,4,1,Routine,0
O003468,C0226,R0021,2025-11-01,Saturday,9,556,Thai,4.1,34,5,0,Routine,1
O003469,C0226,R0080,2025-11-16,Sunday,13,614,South Indian,4.7,27,4,0,Routine,0
O003470,C0227,R0054,2026-03-31,Tuesday,21,645,Chinese,3.6,34,4,1,Routine,0
O003471,C0227,R0095,2026-02-24,Tuesday,21,651,North Indian,3.8,25,3,1,Family,0
O003472,C0227,R0078,2026-02-13,Friday,13,367,Biryani,3.7,15,3,0,Friends,0
O003473,C0227,R0004,2025-10-23,Thursday,21,263,South Indian,4.4,43,5,1,Family,0
O003474,C0227,R0041,2026-05-22,Friday,21,989,Biryani,4.5,30,3,1,Movie Night,0
O003475,C0227,R0028,2025-09-22,Monday,19,347,South Indian,4.2,38,3,0,Friends,0
O003476,C0227,R0117,2026-07-03,Friday,21,597,Italian,3.9,43,5,1,Family,0
O003477,C0227,R0096,2026-07-17,Friday,17,377,Chinese,4.1,24,4,0,Routine,0
O003478,C0227,R0102,2026-01-02,Friday,22,1057,Cafe,3.7,34,4,0,Routine,0
O003479,C0227,R0127,2026-09-01,Tuesday,9,383,Pizza,4.4,34,3,1,Friends,0
O003480,C0227,R0097,2026-06-21,Sunday,21,350,Chinese,4.9,24,3,1,Work Lunch,0
O003481,C0227,R0130,2025-12-23,Tuesday,12,377,South Indian,4.1,26,4,1,Family,0
O003482,C0227,R0045,2026-01-02,Friday,10,1096,Maharashtrian,4.7,38,5,1,Friends,0
O003483,C0227,R0026,2026-01-24,Saturday,18,640,Healthy,4.0,38,5,0,Late Night,0
O003484,C0227,R0062,2025-12-06,Saturday,14,378,Maharashtrian,3.7,23,3,1,Friends,0
O003485,C0228,R0006,2026-03-07,Saturday,19,529,Chinese,3.5,26,5,1,Routine,1
O003486,C0228,R0046,2026-01-05,Monday,13,295,South Indian,4.4,45,4,0,Late Night,0
O003487,C0228,R0104,2025-09-19,Friday,23,929,Cafe,4.3,38,4,1,Friends,0
O003488,C0228,R0031,2025-10-11,Saturday,9,458,Italian,4.2,31,5,0,Friends,0
O003489,C0228,R0133,2026-03-08,Sunday,21,372,Chinese,3.6,43,5,0,Family,0
O003490,C0228,R0110,2026-03-28,Saturday,8,234,Italian,4.7,33,3,0,Work Lunch,0
O003491,C0228,R0093,2026-01-16,Friday,14,228,Pizza,4.7,28,4,0,Movie Night,1
O003492,C0228,R0125,2026-03-20,Friday,22,269,Pizza,3.8,29,5,0,Family,0
O003493,C0228,R0093,2026-01-17,Saturday,18,217,Pizza,4.7,28,3,0,Routine,1
O003494,C0228,R0105,2026-04-22,Wednesday,17,337,North Indian,3.8,47,5,0,Family,0
O003495,C0228,R0006,2026-01-17,Saturday,22,651,Chinese,3.5,26,4,0,Date Night,1
O003496,C0228,R0067,2026-07-24,Friday,14,370,Cafe,3.9,32,3,0,Late Night,0
O003497,C0228,R0030,2026-03-05,Thursday,12,346,Thai,4.0,38,4,0,Work Lunch,0
O003498,C0229,R0001,2026-06-17,Wednesday,18,309,South Indian,3.9,38,5,1,Late Night,0
O003499,C0229,R0059,2026-01-18,Sunday,17,622,Cafe,4.4,33,5,0,Work Lunch,0
O003500,C0229,R0149,2026-07-03,Friday,23,288,North Indian,4.7,34,5,0,Family,1
O003501,C0229,R0057,2025-10-04,Saturday,17,256,Maharashtrian,4.6,32,3,0,Routine,1
O003502,C0229,R0149,2026-01-23,Friday,10,336,North Indian,4.7,34,4,1,Routine,1
O003503,C0229,R0055,2026-02-24,Tuesday,13,951,Biryani,3.6,31,4,1,Work Lunch,0
O003504,C0229,R0057,2026-06-03,Wednesday,22,339,Maharashtrian,4.6,32,4,0,Movie Night,1
O003505,C0230,R0093,2026-06-22,Monday,14,205,Pizza,4.7,28,4,1,Late Night,0
O003506,C0230,R0007,2026-07-15,Wednesday,13,960,Chinese,4.2,23,5,0,Family,1
O003507,C0230,R0119,2026-02-23,Monday,10,439,Desserts,4.2,37,5,0,Date Night,1
O003508,C0230,R0139,2026-07-04,Saturday,10,362,North Indian,4.4,29,4,1,Routine,0
O003509,C0230,R0123,2026-03-11,Wednesday,20,877,South Indian,3.8,37,5,1,Work Lunch,1
O003510,C0230,R0006,2026-02-03,Tuesday,18,535,Chinese,3.5,26,4,1,Routine,1
O003511,C0230,R0104,2026-01-02,Friday,8,641,Cafe,4.3,38,4,0,Work Lunch,0
O003512,C0230,R0110,2026-01-21,Wednesday,10,343,Italian,4.7,33,4,1,Routine,0
O003513,C0230,R0119,2026-06-30,Tuesday,9,390,Desserts,4.2,37,5,1,Routine,1
O003514,C0230,R0123,2026-03-18,Wednesday,9,875,South Indian,3.8,37,4,1,Late Night,1
O003515,C0230,R0107,2026-01-26,Monday,8,319,Healthy,4.0,48,4,1,Late Night,1
O003516,C0230,R0032,2026-01-15,Thursday,21,470,Italian,4.3,34,4,0,Family,1
O003517,C0230,R0136,2025-12-11,Thursday,12,370,Chinese,3.6,45,3,0,Date Night,1
O003518,C0230,R0119,2025-11-21,Friday,17,373,Desserts,4.2,37,4,0,Date Night,1
O003519,C0230,R0032,2026-02-03,Tuesday,23,569,Italian,4.3,34,5,1,Routine,1
O003520,C0230,R0061,2026-02-07,Saturday,12,875,Burgers,4.5,34,4,1,Friends,0
O003521,C0230,R0136,2025-09-30,Tuesday,18,355,Chinese,3.6,45,4,0,Family,1
O003522,C0230,R0133,2025-12-23,Tuesday,21,412,Chinese,3.6,43,2,1,Date Night,0
O003523,C0230,R0077,2025-12-26,Friday,9,785,Maharashtrian,4.0,41,5,0,Late Night,0
O003524,C0230,R0006,2026-08-16,Sunday,8,614,Chinese,3.5,26,4,1,Routine,1
O003525,C0230,R0006,2026-07-29,Wednesday,21,431,Chinese,3.5,26,5,0,Friends,1
O003526,C0230,R0046,2026-05-13,Wednesday,19,467,South Indian,4.4,45,3,1,Movie Night,0
O003527,C0230,R0119,2025-11-26,Wednesday,10,492,Desserts,4.2,37,3,1,Late Night,1
O003528,C0230,R0107,2025-10-12,Sunday,14,329,Healthy,4.0,48,4,0,Friends,1
O003529,C0230,R0119,2026-04-18,Saturday,9,506,Desserts,4.2,37,3,1,Movie Night,1
O003530,C0230,R0123,2026-06-14,Sunday,13,639,South Indian,3.8,37,5,0,Routine,1
O003531,C0230,R0006,2025-12-18,Thursday,14,469,Chinese,3.5,26,4,1,Date Night,1
O003532,C0230,R0007,2026-08-04,Tuesday,13,892,Chinese,4.2,23,3,1,Friends,1
O003533,C0231,R0140,2025-12-01,Monday,17,386,Biryani,4.5,15,3,0,Movie Night,1
O003534,C0231,R0140,2026-05-18,Monday,23,600,Biryani,4.5,15,5,1,Work Lunch,1
O003535,C0231,R0091,2026-01-16,Friday,21,351,Biryani,4.0,34,3,1,Friends,1
O003536,C0231,R0088,2026-08-15,Saturday,18,346,Biryani,4.1,33,4,1,Routine,1
O003537,C0231,R0050,2026-05-14,Thursday,12,738,Biryani,4.0,26,3,1,Friends,1
O003538,C0231,R0088,2025-11-24,Monday,21,403,Biryani,4.1,33,4,0,Late Night,1
O003539,C0231,R0140,2026-08-14,Friday,8,488,Biryani,4.5,15,4,1,Friends,1
O003540,C0231,R0016,2026-03-31,Tuesday,23,442,Burgers,4.5,33,5,0,Routine,0
O003541,C0231,R0071,2025-11-16,Sunday,12,203,South Indian,4.1,48,5,1,Movie Night,1
O003542,C0231,R0042,2026-04-26,Sunday,18,463,Chinese,4.4,21,4,1,Routine,0
O003543,C0231,R0071,2026-04-10,Friday,17,350,South Indian,4.1,48,4,0,Friends,1
O003544,C0231,R0052,2026-03-29,Sunday,12,440,Thai,4.7,29,4,0,Routine,1
O003545,C0231,R0071,2025-09-03,Wednesday,9,262,South Indian,4.1,48,5,1,Routine,1
O003546,C0231,R0071,2025-10-03,Friday,21,289,South Indian,4.1,48,4,1,Movie Night,1
O003547,C0231,R0140,2026-07-21,Tuesday,22,400,Biryani,4.5,15,4,1,Work Lunch,1
O003548,C0231,R0071,2025-11-19,Wednesday,18,239,South Indian,4.1,48,3,0,Late Night,1
O003549,C0231,R0091,2025-10-04,Saturday,8,345,Biryani,4.0,34,3,0,Late Night,1
O003550,C0231,R0050,2026-03-09,Monday,14,660,Biryani,4.0,26,3,0,Friends,1
O003551,C0231,R0050,2026-08-05,Wednesday,8,684,Biryani,4.0,26,4,1,Routine,1
O003552,C0231,R0052,2025-11-18,Tuesday,18,400,Thai,4.7,29,5,0,Movie Night,1
O003553,C0232,R0069,2025-12-02,Tuesday,22,490,South Indian,4.4,30,4,0,Routine,0
O003554,C0232,R0113,2026-02-07,Saturday,10,503,Healthy,4.2,42,2,1,Routine,0
O003555,C0232,R0118,2026-08-07,Friday,12,679,Chinese,4.6,37,5,0,Routine,1
O003556,C0232,R0013,2025-09-15,Monday,20,818,South Indian,4.1,44,4,1,Routine,1
O003557,C0232,R0149,2026-06-22,Monday,22,355,North Indian,4.7,34,4,0,Date Night,1
O003558,C0232,R0101,2025-12-22,Monday,23,297,Chinese,4.2,27,4,0,Work Lunch,1
O003559,C0232,R0013,2026-07-20,Monday,22,972,South Indian,4.1,44,4,0,Routine,1
O003560,C0232,R0001,2025-11-25,Tuesday,8,251,South Indian,3.9,38,3,1,Routine,0
O003561,C0232,R0137,2025-12-12,Friday,17,375,Chinese,4.3,35,4,0,Friends,1
O003562,C0232,R0003,2026-02-28,Saturday,22,231,Chinese,4.0,24,2,0,Routine,0
O003563,C0232,R0011,2026-03-21,Saturday,10,317,Chinese,4.0,36,5,0,Movie Night,0
O003564,C0232,R0100,2025-09-15,Monday,20,286,Chinese,4.4,29,5,1,Friends,0
O003565,C0232,R0101,2026-06-23,Tuesday,22,354,Chinese,4.2,27,4,0,Friends,1
O003566,C0232,R0118,2026-05-08,Friday,23,489,Chinese,4.6,37,4,1,Routine,1
O003567,C0232,R0065,2025-11-06,Thursday,22,954,Healthy,4.8,37,5,1,Work Lunch,0
O003568,C0232,R0137,2026-07-14,Tuesday,14,345,Chinese,4.3,35,4,0,Movie Night,1
O003569,C0232,R0149,2026-08-05,Wednesday,21,407,North Indian,4.7,34,5,0,Routine,1
O003570,C0232,R0034,2025-12-31,Wednesday,10,424,Burgers,4.8,40,3,0,Routine,0
O003571,C0232,R0118,2026-07-26,Sunday,22,773,Chinese,4.6,37,3,0,Date Night,1
O003572,C0232,R0146,2026-04-16,Thursday,12,239,Chinese,3.2,28,5,0,Friends,0
O003573,C0232,R0118,2025-12-08,Monday,19,525,Chinese,4.6,37,4,1,Family,1
O003574,C0232,R0118,2025-11-30,Sunday,8,553,Chinese,4.6,37,5,1,Routine,1
O003575,C0232,R0023,2026-05-02,Saturday,22,915,Cafe,4.1,21,5,0,Friends,0
O003576,C0232,R0076,2025-12-24,Wednesday,23,501,Healthy,3.8,19,3,1,Work Lunch,0
O003577,C0232,R0087,2025-11-07,Friday,12,552,Cafe,4.3,36,3,0,Work Lunch,0
O003578,C0232,R0118,2025-10-16,Thursday,19,648,Chinese,4.6,37,2,0,Work Lunch,1
O003579,C0233,R0031,2025-09-19,Friday,18,453,Italian,4.2,31,5,1,Work Lunch,0
O003580,C0233,R0030,2025-09-27,Saturday,19,272,Thai,4.0,38,3,1,Late Night,0
O003581,C0233,R0124,2025-09-25,Thursday,19,342,Healthy,4.4,15,4,1,Routine,0
O003582,C0233,R0006,2026-07-09,Thursday,18,419,Chinese,3.5,26,4,1,Date Night,0
O003583,C0233,R0024,2025-11-02,Sunday,23,762,Burgers,4.1,43,3,1,Family,1
O003584,C0233,R0105,2025-11-22,Saturday,12,320,North Indian,3.8,47,5,0,Work Lunch,0
O003585,C0233,R0046,2025-10-22,Wednesday,8,355,South Indian,4.4,45,5,1,Work Lunch,1
O003586,C0233,R0024,2025-11-20,Thursday,17,522,Burgers,4.1,43,3,1,Routine,1
O003587,C0233,R0067,2026-07-29,Wednesday,19,356,Cafe,3.9,32,5,1,Routine,1
O003588,C0233,R0046,2026-06-14,Sunday,21,291,South Indian,4.4,45,2,1,Family,1
O003589,C0233,R0104,2025-12-04,Thursday,22,809,Cafe,4.3,38,4,0,Routine,0
O003590,C0233,R0139,2026-05-12,Tuesday,21,393,North Indian,4.4,29,4,0,Date Night,0
O003591,C0233,R0024,2026-07-21,Tuesday,17,772,Burgers,4.1,43,4,0,Late Night,1
O003592,C0233,R0067,2026-01-14,Wednesday,19,510,Cafe,3.9,32,5,1,Movie Night,1
O003593,C0233,R0136,2026-03-27,Friday,18,400,Chinese,3.6,45,4,1,Routine,0
O003594,C0233,R0129,2026-04-16,Thursday,23,252,Cafe,4.6,46,4,1,Routine,0
O003595,C0233,R0070,2025-11-15,Saturday,12,264,Cafe,3.6,24,4,1,Late Night,0
O003596,C0233,R0119,2025-12-21,Sunday,22,436,Desserts,4.2,37,4,0,Late Night,1
O003597,C0233,R0024,2025-11-13,Thursday,10,757,Burgers,4.1,43,4,1,Movie Night,1
O003598,C0233,R0119,2026-05-20,Wednesday,8,347,Desserts,4.2,37,3,1,Friends,1
O003599,C0234,R0084,2026-07-10,Friday,13,775,Desserts,4.1,32,5,0,Routine,0
O003600,C0234,R0017,2025-11-19,Wednesday,14,311,Chinese,4.4,65,5,1,Family,0
O003601,C0234,R0096,2026-08-11,Tuesday,22,485,Chinese,4.1,24,4,1,Family,0
O003602,C0234,R0085,2026-08-08,Saturday,21,265,Desserts,3.4,26,4,0,Friends,0
O003603,C0234,R0095,2025-12-05,Friday,10,485,North Indian,3.8,25,4,0,Friends,0
O003604,C0234,R0039,2026-03-02,Monday,17,425,Biryani,3.7,28,5,1,Routine,0
O003605,C0235,R0059,2025-12-04,Thursday,20,730,Cafe,4.4,33,3,0,Late Night,0
O003606,C0235,R0100,2026-02-21,Saturday,12,237,Chinese,4.4,29,4,0,Work Lunch,1
O003607,C0235,R0134,2025-09-27,Saturday,17,491,Maharashtrian,4.3,28,5,0,Routine,0
O003608,C0235,R0116,2026-07-24,Friday,23,350,Maharashtrian,4.2,35,4,1,Friends,1
O003609,C0235,R0057,2026-01-05,Monday,9,318,Maharashtrian,4.6,32,4,0,Movie Night,0
O003610,C0235,R0087,2025-10-30,Thursday,19,695,Cafe,4.3,36,3,1,Routine,0
O003611,C0235,R0142,2026-03-24,Tuesday,21,868,South Indian,4.4,36,5,0,Date Night,0
O003612,C0235,R0010,2026-01-21,Wednesday,9,321,Desserts,3.5,15,4,0,Movie Night,1
O003613,C0235,R0010,2025-09-05,Friday,18,377,Desserts,3.5,15,5,0,Friends,1
O003614,C0235,R0100,2025-12-28,Sunday,19,283,Chinese,4.4,29,4,1,Late Night,1
O003615,C0235,R0116,2025-11-03,Monday,21,407,Maharashtrian,4.2,35,5,1,Family,1
O003616,C0236,R0140,2025-11-17,Monday,8,446,Biryani,4.5,15,5,1,Movie Night,1
O003617,C0236,R0016,2025-10-08,Wednesday,12,355,Burgers,4.5,33,3,1,Date Night,0
O003618,C0236,R0050,2025-11-30,Sunday,17,579,Biryani,4.0,26,5,1,Friends,1
O003619,C0236,R0088,2026-05-20,Wednesday,23,302,Biryani,4.1,33,4,0,Routine,1
O003620,C0236,R0038,2026-03-25,Wednesday,12,480,Chinese,4.0,29,5,1,Family,1
O003621,C0236,R0042,2026-05-02,Saturday,21,377,Chinese,4.4,21,5,0,Work Lunch,1
O003622,C0236,R0052,2025-10-04,Saturday,14,408,Thai,4.7,29,4,0,Friends,0
O003623,C0236,R0038,2026-05-03,Sunday,8,584,Chinese,4.0,29,3,1,Work Lunch,1
O003624,C0236,R0088,2026-01-08,Thursday,20,404,Biryani,4.1,33,5,1,Routine,1
O003625,C0236,R0038,2025-11-30,Sunday,21,591,Chinese,4.0,29,5,1,Friends,1
O003626,C0236,R0038,2026-03-09,Monday,9,686,Chinese,4.0,29,3,1,Work Lunch,1
O003627,C0236,R0050,2026-01-17,Saturday,9,685,Biryani,4.0,26,4,1,Routine,1
O003628,C0236,R0042,2026-08-12,Wednesday,14,255,Chinese,4.4,21,4,1,Routine,1
O003629,C0236,R0140,2026-01-19,Monday,8,338,Biryani,4.5,15,4,1,Family,1
O003630,C0237,R0091,2026-08-11,Tuesday,9,258,Biryani,4.0,34,4,0,Family,1
O003631,C0237,R0091,2026-03-13,Friday,20,329,Biryani,4.0,34,4,1,Late Night,1
O003632,C0237,R0140,2026-07-01,Wednesday,14,356,Biryani,4.5,15,5,1,Work Lunch,1
O003633,C0237,R0091,2026-05-14,Thursday,14,280,Biryani,4.0,34,4,1,Date Night,1
O003634,C0237,R0091,2025-10-02,Thursday,18,276,Biryani,4.0,34,5,1,Date Night,1
O003635,C0237,R0050,2025-11-11,Tuesday,8,672,Biryani,4.0,26,3,1,Routine,0
O003636,C0237,R0140,2026-04-12,Sunday,10,537,Biryani,4.5,15,4,1,Friends,1
O003637,C0237,R0042,2025-10-08,Wednesday,20,368,Chinese,4.4,21,5,1,Movie Night,0
O003638,C0237,R0140,2026-05-14,Thursday,9,405,Biryani,4.5,15,4,1,Routine,1
O003639,C0238,R0052,2026-08-06,Thursday,9,520,Thai,4.7,29,4,0,Routine,0
O003640,C0238,R0091,2025-10-09,Thursday,12,261,Biryani,4.0,34,5,0,Family,1
O003641,C0238,R0016,2026-04-10,Friday,20,567,Burgers,4.5,33,5,1,Work Lunch,1
O003642,C0238,R0140,2026-06-01,Monday,20,541,Biryani,4.5,15,4,1,Friends,0
O003643,C0238,R0091,2026-03-28,Saturday,8,266,Biryani,4.0,34,5,0,Family,1
O003644,C0238,R0088,2026-05-27,Wednesday,18,297,Biryani,4.1,33,4,0,Routine,1
O003645,C0238,R0091,2025-11-25,Tuesday,17,238,Biryani,4.0,34,5,0,Work Lunch,1
O003646,C0238,R0071,2026-05-07,Thursday,12,315,South Indian,4.1,48,5,0,Routine,1
O003647,C0238,R0088,2026-07-07,Tuesday,23,375,Biryani,4.1,33,3,1,Routine,1
O003648,C0238,R0071,2026-04-14,Tuesday,21,297,South Indian,4.1,48,5,0,Work Lunch,1
O003649,C0238,R0050,2025-09-16,Tuesday,18,697,Biryani,4.0,26,5,1,Late Night,1
O003650,C0238,R0071,2026-08-24,Monday,20,311,South Indian,4.1,48,4,1,Late Night,1
O003651,C0238,R0038,2026-06-02,Tuesday,20,708,Chinese,4.0,29,3,0,Work Lunch,0
O003652,C0238,R0050,2026-06-07,Sunday,17,574,Biryani,4.0,26,5,0,Work Lunch,1
O003653,C0238,R0042,2026-07-25,Saturday,12,334,Chinese,4.4,21,4,1,Late Night,0
O003654,C0238,R0016,2026-08-18,Tuesday,20,469,Burgers,4.5,33,5,0,Movie Night,1
O003655,C0239,R0140,2026-08-25,Tuesday,22,353,Biryani,4.5,15,5,0,Routine,1
O003656,C0239,R0091,2025-10-31,Friday,20,299,Biryani,4.0,34,3,1,Routine,1
O003657,C0239,R0088,2026-03-16,Monday,14,322,Biryani,4.1,33,3,1,Routine,1
O003658,C0239,R0088,2025-09-17,Wednesday,19,283,Biryani,4.1,33,5,1,Friends,1
O003659,C0239,R0016,2026-06-25,Thursday,21,647,Burgers,4.5,33,4,0,Routine,1
O003660,C0239,R0042,2025-12-30,Tuesday,9,255,Chinese,4.4,21,5,0,Routine,1
O003661,C0239,R0016,2025-11-22,Saturday,9,445,Burgers,4.5,33,3,0,Family,1
O003662,C0239,R0016,2026-03-01,Sunday,8,462,Burgers,4.5,33,4,0,Date Night,1
O003663,C0239,R0038,2026-05-08,Friday,23,499,Chinese,4.0,29,3,1,Work Lunch,0
O003664,C0239,R0091,2026-01-24,Saturday,20,305,Biryani,4.0,34,4,1,Friends,1
O003665,C0239,R0042,2026-01-25,Sunday,18,409,Chinese,4.4,21,4,1,Routine,1
O003666,C0239,R0140,2025-09-27,Saturday,8,351,Biryani,4.5,15,4,0,Routine,1
O003667,C0239,R0071,2026-06-16,Tuesday,18,293,South Indian,4.1,48,4,1,Work Lunch,0
O003668,C0239,R0042,2026-02-07,Saturday,19,490,Chinese,4.4,21,4,0,Friends,1
O003669,C0239,R0052,2026-04-12,Sunday,18,426,Thai,4.7,29,5,1,Work Lunch,0
O003670,C0239,R0042,2026-06-22,Monday,18,426,Chinese,4.4,21,5,1,Family,1
O003671,C0239,R0140,2026-02-07,Saturday,9,397,Biryani,4.5,15,5,1,Work Lunch,1
O003672,C0239,R0091,2025-12-14,Sunday,17,138,Biryani,4.0,34,4,1,Movie Night,1
O003673,C0239,R0016,2026-04-08,Wednesday,22,289,Burgers,4.5,33,5,1,Late Night,1
O003674,C0239,R0140,2026-01-11,Sunday,14,408,Biryani,4.5,15,5,1,Routine,1
O003675,C0239,R0088,2026-03-29,Sunday,12,395,Biryani,4.1,33,4,0,Work Lunch,1
O003676,C0239,R0016,2026-08-25,Tuesday,12,449,Burgers,4.5,33,4,0,Work Lunch,1
O003677,C0239,R0088,2025-09-21,Sunday,20,232,Biryani,4.1,33,5,1,Friends,1
O003678,C0240,R0030,2026-01-19,Monday,20,242,Thai,4.0,38,4,0,Work Lunch,1
O003679,C0240,R0006,2025-12-06,Saturday,18,607,Chinese,3.5,26,2,1,Work Lunch,1
O003680,C0240,R0070,2025-10-28,Tuesday,21,264,Cafe,3.6,24,4,0,Family,1
O003681,C0240,R0099,2026-03-04,Wednesday,10,228,North Indian,3.8,28,5,1,Family,1
O003682,C0240,R0105,2026-03-15,Sunday,12,322,North Indian,3.8,47,5,1,Routine,1
O003683,C0240,R0070,2025-09-27,Saturday,22,266,Cafe,3.6,24,4,1,Work Lunch,1
O003684,C0240,R0139,2026-04-28,Tuesday,22,447,North Indian,4.4,29,4,0,Routine,0
O003685,C0240,R0070,2026-03-09,Monday,14,344,Cafe,3.6,24,5,1,Routine,1
O003686,C0240,R0099,2026-05-30,Saturday,10,220,North Indian,3.8,28,5,0,Work Lunch,1
O003687,C0240,R0030,2026-08-13,Thursday,12,234,Thai,4.0,38,4,0,Work Lunch,1
O003688,C0240,R0067,2025-12-31,Wednesday,9,406,Cafe,3.9,32,5,1,Movie Night,0
O003689,C0240,R0007,2026-07-13,Monday,13,829,Chinese,4.2,23,4,1,Movie Night,0
O003690,C0240,R0105,2026-07-16,Thursday,19,263,North Indian,3.8,47,5,1,Movie Night,1
O003691,C0240,R0124,2026-02-20,Friday,20,297,Healthy,4.4,15,4,1,Work Lunch,0
O003692,C0240,R0046,2026-01-24,Saturday,17,390,South Indian,4.4,45,4,1,Friends,0
O003693,C0240,R0093,2026-01-06,Tuesday,13,210,Pizza,4.7,28,4,1,Late Night,0
O003694,C0240,R0006,2026-01-14,Wednesday,13,496,Chinese,3.5,26,4,1,Date Night,1
O003695,C0240,R0129,2026-02-06,Friday,22,314,Cafe,4.6,46,2,0,Routine,0
O003696,C0240,R0125,2025-10-09,Thursday,23,255,Pizza,3.8,29,5,1,Movie Night,0
O003697,C0241,R0056,2026-07-12,Sunday,9,629,Biryani,3.8,49,4,1,Work Lunch,0
O003698,C0241,R0081,2026-07-07,Tuesday,20,350,Pizza,4.1,42,4,1,Routine,1
O003699,C0241,R0008,2026-07-10,Friday,12,494,Biryani,3.9,25,4,1,Movie Night,1
O003700,C0241,R0066,2026-01-12,Monday,13,944,Pizza,4.3,30,5,1,Family,1
O003701,C0241,R0008,2026-01-25,Sunday,12,552,Biryani,3.9,25,4,1,Family,1
O003702,C0241,R0005,2026-01-18,Sunday,17,561,Pizza,4.0,36,3,1,Routine,0
O003703,C0241,R0074,2026-05-29,Friday,23,259,Cafe,4.6,27,5,1,Friends,1
O003704,C0241,R0040,2026-08-04,Tuesday,22,607,South Indian,4.6,27,3,1,Family,0
O003705,C0241,R0108,2025-11-15,Saturday,12,239,North Indian,4.5,36,4,0,Routine,1
O003706,C0241,R0144,2026-02-17,Tuesday,19,268,Burgers,4.2,23,5,1,Work Lunch,0
O003707,C0241,R0022,2026-07-08,Wednesday,22,479,Biryani,3.7,38,4,0,Work Lunch,0
O003708,C0241,R0108,2025-12-22,Monday,20,332,North Indian,4.5,36,4,1,Friends,1
O003709,C0241,R0066,2026-06-01,Monday,21,799,Pizza,4.3,30,3,1,Date Night,1
O003710,C0241,R0019,2026-05-27,Wednesday,20,428,Biryani,4.1,34,5,1,Movie Night,0
O003711,C0241,R0081,2026-01-18,Sunday,9,316,Pizza,4.1,42,5,1,Routine,1
O003712,C0241,R0074,2025-10-25,Saturday,8,254,Cafe,4.6,27,4,1,Late Night,1
O003713,C0242,R0006,2026-06-21,Sunday,18,656,Chinese,3.5,26,5,1,Routine,1
O003714,C0242,R0136,2026-08-21,Friday,10,378,Chinese,3.6,45,4,1,Routine,0
O003715,C0242,R0093,2026-05-05,Tuesday,23,275,Pizza,4.7,28,5,1,Routine,0
O003716,C0242,R0032,2026-02-16,Monday,13,559,Italian,4.3,34,5,1,Movie Night,0
O003717,C0242,R0124,2026-05-25,Monday,14,395,Healthy,4.4,15,5,1,Routine,0
O003718,C0242,R0133,2026-07-21,Tuesday,22,514,Chinese,3.6,43,4,1,Date Night,0
O003719,C0242,R0006,2026-03-10,Tuesday,14,665,Chinese,3.5,26,5,0,Work Lunch,1
O003720,C0243,R0114,2026-06-28,Sunday,10,195,Chinese,3.6,33,2,0,Movie Night,1
O003721,C0243,R0114,2025-11-05,Wednesday,8,200,Chinese,3.6,33,5,0,Routine,1
O003722,C0243,R0083,2025-09-23,Tuesday,13,507,Healthy,4.3,36,3,0,Routine,1
O003723,C0243,R0094,2026-04-11,Saturday,13,420,Italian,4.4,42,5,0,Work Lunch,0
O003724,C0243,R0035,2025-10-04,Saturday,10,495,Desserts,4.6,27,4,1,Friends,1
O003725,C0243,R0037,2025-12-25,Thursday,20,441,Maharashtrian,4.6,45,4,0,Routine,1
O003726,C0243,R0114,2025-09-16,Tuesday,10,348,Chinese,3.6,33,4,0,Movie Night,1
O003727,C0243,R0018,2026-03-03,Tuesday,9,311,Pizza,3.5,47,4,0,Routine,0
O003728,C0243,R0035,2025-10-30,Thursday,12,444,Desserts,4.6,27,5,1,Friends,1
O003729,C0243,R0068,2026-04-26,Sunday,14,653,Thai,4.3,20,2,0,Movie Night,0
O003730,C0243,R0083,2026-03-03,Tuesday,19,713,Healthy,4.3,36,4,0,Friends,1
O003731,C0243,R0083,2026-03-21,Saturday,12,590,Healthy,4.3,36,5,0,Routine,1
O003732,C0243,R0037,2026-02-21,Saturday,21,310,Maharashtrian,4.6,45,5,1,Friends,1
O003733,C0244,R0115,2026-05-01,Friday,8,614,Biryani,3.6,38,4,0,Family,0
O003734,C0244,R0127,2026-04-10,Friday,23,338,Pizza,4.4,34,3,0,Routine,1
O003735,C0244,R0004,2026-06-22,Monday,20,189,South Indian,4.4,43,4,1,Routine,0
O003736,C0244,R0096,2025-10-07,Tuesday,13,439,Chinese,4.1,24,5,1,Friends,1
O003737,C0244,R0102,2026-06-11,Thursday,13,481,Cafe,3.7,34,3,1,Routine,0
O003738,C0244,R0130,2026-08-24,Monday,14,421,South Indian,4.1,26,5,1,Work Lunch,0
O003739,C0244,R0127,2025-12-24,Wednesday,9,379,Pizza,4.4,34,4,0,Routine,1
O003740,C0244,R0106,2026-06-06,Saturday,19,273,Healthy,4.3,46,3,0,Work Lunch,1
O003741,C0244,R0085,2025-12-15,Monday,13,280,Desserts,3.4,26,5,1,Movie Night,0
O003742,C0244,R0017,2025-12-08,Monday,17,363,Chinese,4.4,65,4,1,Routine,0
O003743,C0244,R0054,2026-08-11,Tuesday,22,575,Chinese,3.6,34,5,1,Routine,0
O003744,C0244,R0096,2026-01-07,Wednesday,12,357,Chinese,4.1,24,3,1,Routine,1
O003745,C0244,R0106,2026-01-29,Thursday,10,347,Healthy,4.3,46,4,1,Routine,1
O003746,C0244,R0097,2025-12-17,Wednesday,21,183,Chinese,4.9,24,4,0,Routine,0
O003747,C0244,R0106,2026-02-03,Tuesday,12,213,Healthy,4.3,46,4,0,Friends,1
O003748,C0244,R0064,2026-06-25,Thursday,17,1284,North Indian,3.9,53,5,1,Family,0
O003749,C0244,R0106,2026-08-22,Saturday,21,248,Healthy,4.3,46,5,1,Date Night,1
O003750,C0244,R0015,2026-03-23,Monday,23,285,Healthy,4.3,15,4,0,Movie Night,0
O003751,C0245,R0077,2025-09-16,Tuesday,8,820,Maharashtrian,4.0,41,4,0,Family,0
O003752,C0245,R0133,2026-08-01,Saturday,14,439,Chinese,3.6,43,4,1,Friends,1
O003753,C0245,R0093,2025-11-13,Thursday,20,250,Pizza,4.7,28,5,1,Movie Night,0
O003754,C0245,R0125,2026-03-16,Monday,23,201,Pizza,3.8,29,3,1,Family,0
O003755,C0245,R0133,2025-09-27,Saturday,10,369,Chinese,3.6,43,4,1,Movie Night,1
O003756,C0245,R0139,2026-08-02,Sunday,9,448,North Indian,4.4,29,4,1,Friends,0
O003757,C0245,R0129,2026-05-09,Saturday,18,255,Cafe,4.6,46,4,0,Movie Night,0
O003758,C0246,R0088,2025-10-04,Saturday,18,230,Biryani,4.1,33,4,1,Routine,1
O003759,C0246,R0052,2025-09-21,Sunday,13,500,Thai,4.7,29,5,1,Routine,1
O003760,C0246,R0071,2026-02-12,Thursday,8,155,South Indian,4.1,48,4,1,Routine,1
O003761,C0246,R0088,2026-06-03,Wednesday,23,331,Biryani,4.1,33,5,1,Date Night,1
O003762,C0246,R0140,2026-03-08,Sunday,8,513,Biryani,4.5,15,4,1,Routine,1
O003763,C0246,R0038,2026-06-15,Monday,20,478,Chinese,4.0,29,4,1,Late Night,1
O003764,C0246,R0140,2026-04-06,Monday,17,380,Biryani,4.5,15,3,1,Routine,1
O003765,C0246,R0050,2026-04-19,Sunday,23,619,Biryani,4.0,26,3,1,Routine,1
O003766,C0246,R0088,2025-11-22,Saturday,12,329,Biryani,4.1,33,4,1,Routine,1
O003767,C0246,R0071,2026-05-26,Tuesday,10,227,South Indian,4.1,48,4,1,Friends,1
O003768,C0246,R0052,2025-12-30,Tuesday,8,497,Thai,4.7,29,3,1,Routine,1
O003769,C0246,R0088,2025-11-09,Sunday,14,225,Biryani,4.1,33,4,1,Work Lunch,1
O003770,C0246,R0050,2025-10-27,Monday,12,714,Biryani,4.0,26,4,0,Routine,1
O003771,C0246,R0038,2025-09-07,Sunday,12,634,Chinese,4.0,29,3,1,Routine,1
O003772,C0246,R0052,2025-12-12,Friday,13,333,Thai,4.7,29,5,1,Work Lunch,1
O003773,C0246,R0052,2026-04-15,Wednesday,9,421,Thai,4.7,29,5,1,Friends,1
O003774,C0246,R0042,2025-11-03,Monday,21,385,Chinese,4.4,21,3,1,Movie Night,1
O003775,C0246,R0140,2026-04-23,Thursday,14,481,Biryani,4.5,15,3,0,Late Night,1
O003776,C0246,R0042,2025-09-07,Sunday,18,431,Chinese,4.4,21,4,1,Movie Night,1
O003777,C0246,R0052,2025-11-13,Thursday,23,467,Thai,4.7,29,4,1,Work Lunch,1
O003778,C0246,R0038,2026-07-11,Saturday,14,566,Chinese,4.0,29,3,1,Date Night,1
O003779,C0247,R0139,2026-02-10,Tuesday,12,380,North Indian,4.4,29,5,1,Movie Night,0
O003780,C0247,R0007,2025-10-01,Wednesday,10,810,Chinese,4.2,23,5,1,Routine,1
O003781,C0247,R0105,2026-03-10,Tuesday,12,241,North Indian,3.8,47,5,0,Routine,1
O003782,C0247,R0119,2025-11-29,Saturday,12,338,Desserts,4.2,37,5,1,Friends,1
O003783,C0247,R0024,2026-06-13,Saturday,23,760,Burgers,4.1,43,4,1,Routine,1
O003784,C0247,R0007,2026-05-09,Saturday,10,852,Chinese,4.2,23,4,0,Routine,1
O003785,C0247,R0124,2025-12-21,Sunday,13,395,Healthy,4.4,15,5,1,Friends,1
O003786,C0247,R0077,2025-11-08,Saturday,8,644,Maharashtrian,4.0,41,4,1,Routine,0
O003787,C0247,R0024,2026-01-31,Saturday,18,707,Burgers,4.1,43,4,1,Routine,1
O003788,C0247,R0124,2026-06-26,Friday,23,379,Healthy,4.4,15,4,1,Date Night,1
O003789,C0247,R0129,2025-09-10,Wednesday,9,297,Cafe,4.6,46,5,1,Work Lunch,0
O003790,C0247,R0105,2025-11-24,Monday,10,253,North Indian,3.8,47,3,0,Friends,1
O003791,C0247,R0031,2025-11-08,Saturday,13,379,Italian,4.2,31,5,1,Routine,0
O003792,C0247,R0006,2026-03-12,Thursday,8,554,Chinese,3.5,26,3,0,Work Lunch,0
O003793,C0247,R0119,2026-04-01,Wednesday,13,456,Desserts,4.2,37,3,1,Friends,1
O003794,C0247,R0105,2026-06-08,Monday,18,278,North Indian,3.8,47,5,1,Friends,1
O003795,C0247,R0107,2025-10-24,Friday,18,356,Healthy,4.0,48,5,1,Friends,0
O003796,C0248,R0002,2026-08-21,Friday,18,173,Maharashtrian,4.4,29,4,0,Routine,1
O003797,C0248,R0121,2026-01-13,Tuesday,17,319,Italian,4.8,41,4,0,Routine,1
O003798,C0248,R0115,2026-07-06,Monday,10,755,Biryani,3.6,38,3,0,Late Night,0
O003799,C0248,R0026,2025-09-27,Saturday,17,563,Healthy,4.0,38,4,0,Work Lunch,1
O003800,C0248,R0064,2026-06-06,Saturday,12,1421,North Indian,3.9,53,3,1,Family,1
O003801,C0248,R0106,2026-04-15,Wednesday,10,306,Healthy,4.3,46,5,1,Date Night,0
O003802,C0248,R0130,2026-04-30,Thursday,21,349,South Indian,4.1,26,5,0,Routine,0
O003803,C0248,R0127,2026-05-18,Monday,9,368,Pizza,4.4,34,4,1,Routine,0
O003804,C0248,R0121,2026-02-11,Wednesday,20,383,Italian,4.8,41,4,0,Routine,1
O003805,C0248,R0026,2026-06-28,Sunday,23,325,Healthy,4.0,38,3,1,Friends,1
O003806,C0248,R0121,2026-03-18,Wednesday,17,385,Italian,4.8,41,3,0,Date Night,1
O003807,C0248,R0117,2026-01-24,Saturday,22,550,Italian,3.9,43,4,0,Routine,0
O003808,C0248,R0064,2026-05-19,Tuesday,22,996,North Indian,3.9,53,3,0,Friends,1
O003809,C0248,R0064,2026-01-06,Tuesday,18,1011,North Indian,3.9,53,4,1,Routine,1
O003810,C0248,R0078,2025-12-07,Sunday,18,353,Biryani,3.7,15,4,0,Family,0
O003811,C0248,R0096,2025-10-11,Saturday,23,366,Chinese,4.1,24,3,0,Routine,0
O003812,C0248,R0041,2025-11-07,Friday,9,856,Biryani,4.5,30,4,0,Routine,0
O003813,C0248,R0002,2025-09-26,Friday,9,258,Maharashtrian,4.4,29,5,0,Family,1
O003814,C0248,R0017,2026-05-22,Friday,8,349,Chinese,4.4,65,5,0,Routine,0
O003815,C0249,R0008,2026-02-26,Thursday,22,604,Biryani,3.9,25,4,0,Family,0
O003816,C0249,R0058,2026-07-13,Monday,8,620,North Indian,4.7,24,4,0,Friends,1
O003817,C0249,R0058,2025-10-09,Thursday,18,402,North Indian,4.7,24,4,0,Movie Night,1
O003818,C0249,R0048,2026-05-08,Friday,13,241,Cafe,4.6,29,4,1,Friends,0
O003819,C0249,R0027,2026-07-21,Tuesday,12,297,Maharashtrian,4.5,48,5,0,Family,0
O003820,C0249,R0056,2026-03-01,Sunday,9,653,Biryani,3.8,49,4,0,Family,0
O003821,C0250,R0123,2026-07-16,Thursday,20,656,South Indian,3.8,37,5,1,Routine,1
O003822,C0250,R0136,2026-03-02,Monday,10,554,Chinese,3.6,45,4,1,Family,0
O003823,C0250,R0046,2025-10-28,Tuesday,18,486,South Indian,4.4,45,5,0,Routine,1
O003824,C0250,R0110,2025-11-30,Sunday,10,349,Italian,4.7,33,5,0,Movie Night,0
O003825,C0250,R0104,2026-03-19,Thursday,22,510,Cafe,4.3,38,5,0,Routine,0
O003826,C0250,R0123,2025-12-23,Tuesday,19,732,South Indian,3.8,37,5,1,Work Lunch,1
O003827,C0250,R0129,2025-11-24,Monday,8,293,Cafe,4.6,46,4,1,Work Lunch,0
O003828,C0250,R0105,2026-01-28,Wednesday,10,332,North Indian,3.8,47,4,0,Routine,0
O003829,C0250,R0124,2026-03-13,Friday,10,432,Healthy,4.4,15,3,1,Work Lunch,0
O003830,C0250,R0046,2026-02-13,Friday,21,356,South Indian,4.4,45,5,1,Date Night,1
O003831,C0250,R0032,2026-07-01,Wednesday,21,344,Italian,4.3,34,3,0,Work Lunch,0
O003832,C0250,R0070,2025-12-09,Tuesday,12,247,Cafe,3.6,24,5,0,Date Night,0
O003833,C0251,R0033,2025-09-02,Tuesday,22,502,Cafe,4.2,33,4,0,Family,0
O003834,C0251,R0103,2025-12-11,Thursday,12,379,Italian,4.9,32,5,1,Late Night,1
O003835,C0251,R0056,2026-01-30,Friday,13,600,Biryani,3.8,49,4,1,Work Lunch,0
O003836,C0251,R0019,2025-09-11,Thursday,13,376,Biryani,4.1,34,4,1,Family,0
O003837,C0251,R0036,2026-05-25,Monday,18,841,Biryani,3.9,40,4,0,Family,0
O003838,C0251,R0048,2026-06-26,Friday,14,246,Cafe,4.6,29,5,0,Routine,0
O003839,C0251,R0103,2026-04-27,Monday,8,213,Italian,4.9,32,3,1,Date Night,1
O003840,C0251,R0008,2025-09-07,Sunday,14,651,Biryani,3.9,25,5,0,Family,0
O003841,C0251,R0074,2026-03-14,Saturday,23,206,Cafe,4.6,27,5,1,Family,1
O003842,C0251,R0081,2026-02-27,Friday,9,362,Pizza,4.1,42,5,0,Family,0
O003843,C0251,R0074,2026-02-09,Monday,12,270,Cafe,4.6,27,5,0,Date Night,1
O003844,C0251,R0103,2026-04-19,Sunday,18,293,Italian,4.9,32,3,1,Routine,1
O003845,C0251,R0027,2026-08-27,Thursday,10,352,Maharashtrian,4.5,48,4,0,Work Lunch,0
O003846,C0252,R0050,2026-07-23,Thursday,21,483,Biryani,4.0,26,4,0,Routine,1
O003847,C0252,R0088,2026-07-05,Sunday,22,361,Biryani,4.1,33,4,1,Routine,1
O003848,C0252,R0052,2025-12-30,Tuesday,13,453,Thai,4.7,29,3,1,Routine,1
O003849,C0252,R0052,2026-05-14,Thursday,18,509,Thai,4.7,29,5,1,Routine,1
O003850,C0252,R0071,2025-11-28,Friday,10,268,South Indian,4.1,48,5,0,Movie Night,1
O003851,C0252,R0088,2026-06-19,Friday,10,266,Biryani,4.1,33,4,1,Routine,1
O003852,C0252,R0016,2025-10-13,Monday,17,528,Burgers,4.5,33,5,1,Routine,0
O003853,C0252,R0091,2025-10-14,Tuesday,10,214,Biryani,4.0,34,4,0,Date Night,0
O003854,C0252,R0071,2025-11-09,Sunday,8,270,South Indian,4.1,48,3,1,Friends,1
O003855,C0252,R0088,2026-06-22,Monday,22,383,Biryani,4.1,33,4,1,Late Night,1
O003856,C0252,R0050,2025-11-18,Tuesday,20,913,Biryani,4.0,26,4,1,Routine,1
O003857,C0253,R0011,2025-10-08,Wednesday,14,458,Chinese,4.0,36,2,0,Late Night,0
O003858,C0253,R0065,2026-03-31,Tuesday,12,750,Healthy,4.8,37,4,1,Routine,1
O003859,C0253,R0076,2026-07-01,Wednesday,14,392,Healthy,3.8,19,4,1,Routine,0
O003860,C0253,R0034,2026-08-08,Saturday,22,401,Burgers,4.8,40,4,0,Family,1
O003861,C0253,R0003,2025-12-30,Tuesday,17,289,Chinese,4.0,24,5,1,Routine,0
O003862,C0253,R0120,2026-08-10,Monday,22,599,Biryani,4.0,39,4,1,Date Night,0
O003863,C0253,R0001,2026-07-29,Wednesday,17,259,South Indian,3.9,38,4,0,Routine,0
O003864,C0253,R0149,2026-07-17,Friday,22,382,North Indian,4.7,34,3,1,Routine,0
O003865,C0253,R0034,2025-12-03,Wednesday,8,240,Burgers,4.8,40,4,1,Work Lunch,1
O003866,C0253,R0116,2025-10-10,Friday,14,419,Maharashtrian,4.2,35,5,0,Friends,0
O003867,C0253,R0065,2026-07-18,Saturday,19,847,Healthy,4.8,37,4,1,Routine,1
O003868,C0253,R0009,2026-08-10,Monday,19,464,Biryani,4.4,30,4,1,Routine,0
O003869,C0254,R0060,2025-12-10,Wednesday,12,363,Italian,4.3,43,4,0,Friends,1
O003870,C0254,R0089,2025-12-25,Thursday,21,532,Chinese,3.9,30,2,1,Family,1
O003871,C0254,R0114,2025-09-22,Monday,8,222,Chinese,3.6,33,3,1,Routine,1
O003872,C0254,R0089,2026-06-02,Tuesday,12,522,Chinese,3.9,30,4,0,Friends,1
O003873,C0254,R0094,2025-11-21,Friday,9,299,Italian,4.4,42,3,1,Date Night,1
O003874,C0254,R0089,2025-10-14,Tuesday,10,562,Chinese,3.9,30,3,0,Movie Night,1
O003875,C0254,R0094,2025-10-20,Monday,10,223,Italian,4.4,42,5,0,Date Night,1
O003876,C0254,R0012,2026-03-11,Wednesday,22,319,Pizza,3.3,27,5,1,Routine,0
O003877,C0254,R0114,2026-08-07,Friday,9,216,Chinese,3.6,33,4,1,Friends,1
O003878,C0254,R0060,2026-06-04,Thursday,10,342,Italian,4.3,43,3,1,Movie Night,1
O003879,C0254,R0114,2026-06-07,Sunday,17,194,Chinese,3.6,33,4,1,Family,1
O003880,C0255,R0011,2026-03-26,Thursday,13,209,Chinese,4.0,36,5,0,Movie Night,0
O003881,C0255,R0118,2025-10-25,Saturday,23,739,Chinese,4.6,37,4,0,Family,0
O003882,C0255,R0113,2026-05-31,Sunday,14,253,Healthy,4.2,42,4,0,Routine,0
O003883,C0255,R0073,2026-06-04,Thursday,8,656,Maharashtrian,4.4,18,5,1,Work Lunch,0
O003884,C0255,R0065,2026-02-05,Thursday,23,711,Healthy,4.8,37,4,1,Routine,0
O003885,C0255,R0148,2026-08-12,Wednesday,8,456,Burgers,3.8,32,3,0,Routine,1
O003886,C0255,R0034,2026-03-19,Thursday,10,435,Burgers,4.8,40,4,0,Family,0
O003887,C0255,R0063,2026-05-17,Sunday,18,268,Pizza,4.2,32,5,1,Work Lunch,0
O003888,C0255,R0055,2026-05-28,Thursday,18,958,Biryani,3.6,31,4,0,Routine,0
O003889,C0255,R0137,2026-02-09,Monday,19,355,Chinese,4.3,35,5,0,Routine,0
O003890,C0255,R0148,2026-03-19,Thursday,21,406,Burgers,3.8,32,5,0,Work Lunch,1
O003891,C0255,R0146,2026-03-25,Wednesday,22,245,Chinese,3.2,28,3,0,Routine,0
O003892,C0255,R0142,2025-11-01,Saturday,20,623,South Indian,4.4,36,4,1,Work Lunch,0
O003893,C0255,R0150,2025-11-07,Friday,12,362,Maharashtrian,4.0,36,2,0,Routine,1
O003894,C0255,R0120,2025-12-03,Wednesday,9,436,Biryani,4.0,39,4,0,Family,0
O003895,C0255,R0135,2026-04-13,Monday,23,746,Desserts,4.2,31,5,0,Routine,0
O003896,C0255,R0150,2025-10-10,Friday,12,773,Maharashtrian,4.0,36,4,1,Routine,1
O003897,C0255,R0001,2026-02-05,Thursday,22,288,South Indian,3.9,38,5,0,Routine,0
O003898,C0255,R0116,2026-01-25,Sunday,10,448,Maharashtrian,4.2,35,3,1,Family,0
O003899,C0255,R0134,2026-06-01,Monday,12,881,Maharashtrian,4.3,28,3,1,Date Night,0
O003900,C0255,R0148,2025-10-29,Wednesday,13,482,Burgers,3.8,32,5,0,Friends,1
O003901,C0255,R0148,2026-05-21,Thursday,20,448,Burgers,3.8,32,4,1,Date Night,1
O003902,C0255,R0145,2026-08-26,Wednesday,9,1001,South Indian,4.5,28,2,0,Routine,0
O003903,C0255,R0149,2026-07-13,Monday,18,248,North Indian,4.7,34,5,0,Routine,0
O003904,C0255,R0087,2026-03-29,Sunday,20,508,Cafe,4.3,36,5,1,Family,0
O003905,C0256,R0027,2026-07-12,Sunday,13,420,Maharashtrian,4.5,48,4,0,Family,0
O003906,C0256,R0044,2026-05-29,Friday,9,384,Thai,4.2,17,5,1,Friends,0
O003907,C0256,R0040,2026-05-23,Saturday,22,526,South Indian,4.6,27,5,0,Routine,0
O003908,C0256,R0019,2026-06-10,Wednesday,8,425,Biryani,4.1,34,3,1,Routine,1
O003909,C0256,R0066,2026-04-11,Saturday,17,859,Pizza,4.3,30,5,1,Work Lunch,0
O003910,C0256,R0108,2026-08-20,Thursday,22,212,North Indian,4.5,36,4,1,Routine,0
O003911,C0256,R0072,2025-09-03,Wednesday,8,337,Cafe,4.4,19,4,1,Routine,1
O003912,C0256,R0111,2025-12-11,Thursday,22,410,Desserts,3.6,21,4,1,Routine,0
O003913,C0256,R0022,2026-02-21,Saturday,12,449,Biryani,3.7,38,3,0,Family,0
O003914,C0256,R0056,2025-12-07,Sunday,9,718,Biryani,3.8,49,3,1,Routine,0
O003915,C0256,R0072,2026-07-22,Wednesday,8,389,Cafe,4.4,19,4,0,Routine,1
O003916,C0256,R0081,2025-12-02,Tuesday,13,283,Pizza,4.1,42,3,1,Routine,1
O003917,C0256,R0081,2026-05-31,Sunday,12,349,Pizza,4.1,42,3,1,Family,1
O003918,C0256,R0103,2025-09-02,Tuesday,14,413,Italian,4.9,32,4,1,Family,1
O003919,C0256,R0074,2025-11-23,Sunday,17,291,Cafe,4.6,27,4,1,Movie Night,0
O003920,C0256,R0019,2026-07-14,Tuesday,10,379,Biryani,4.1,34,4,1,Friends,1
O003921,C0256,R0081,2026-06-18,Thursday,23,403,Pizza,4.1,42,3,1,Family,1
O003922,C0256,R0103,2025-10-02,Thursday,18,226,Italian,4.9,32,5,0,Work Lunch,1
O003923,C0256,R0144,2026-08-25,Tuesday,17,195,Burgers,4.2,23,5,1,Routine,0
O003924,C0256,R0081,2026-04-24,Friday,23,328,Pizza,4.1,42,5,1,Work Lunch,1
O003925,C0256,R0081,2026-01-04,Sunday,12,267,Pizza,4.1,42,5,1,Routine,1
O003926,C0257,R0051,2026-06-13,Saturday,12,485,Desserts,4.1,22,5,1,Movie Night,1
O003927,C0257,R0009,2026-05-16,Saturday,20,487,Biryani,4.4,30,4,1,Movie Night,1
O003928,C0257,R0051,2026-08-12,Wednesday,23,520,Desserts,4.1,22,3,1,Movie Night,1
O003929,C0257,R0053,2025-12-15,Monday,12,299,Cafe,4.4,26,5,1,Date Night,0
O003930,C0257,R0149,2026-03-29,Sunday,22,313,North Indian,4.7,34,3,1,Routine,1
O003931,C0257,R0100,2026-02-21,Saturday,21,230,Chinese,4.4,29,4,1,Routine,0
O003932,C0257,R0135,2026-07-22,Wednesday,19,635,Desserts,4.2,31,5,0,Movie Night,1
O003933,C0257,R0003,2026-03-27,Friday,10,251,Chinese,4.0,24,4,1,Work Lunch,0
O003934,C0257,R0010,2025-10-25,Saturday,12,318,Desserts,3.5,15,4,1,Work Lunch,0
O003935,C0257,R0135,2026-02-05,Thursday,23,611,Desserts,4.2,31,5,1,Routine,1
O003936,C0257,R0101,2025-10-10,Friday,12,431,Chinese,4.2,27,5,1,Routine,1
O003937,C0257,R0023,2026-05-18,Monday,23,669,Cafe,4.1,21,3,1,Routine,0
O003938,C0257,R0059,2025-12-26,Friday,22,742,Cafe,4.4,33,5,1,Family,0
O003939,C0257,R0076,2025-10-22,Wednesday,21,391,Healthy,3.8,19,3,1,Family,0
O003940,C0257,R0142,2026-05-20,Wednesday,22,694,South Indian,4.4,36,4,0,Late Night,0
O003941,C0257,R0009,2026-02-27,Friday,10,426,Biryani,4.4,30,5,1,Work Lunch,1
O003942,C0257,R0101,2026-07-06,Monday,22,391,Chinese,4.2,27,3,0,Movie Night,1
O003943,C0257,R0120,2026-05-30,Saturday,18,355,Biryani,4.0,39,4,1,Routine,1
O003944,C0257,R0149,2026-08-26,Wednesday,8,191,North Indian,4.7,34,4,0,Work Lunch,1
O003945,C0257,R0135,2026-05-06,Wednesday,18,551,Desserts,4.2,31,5,1,Work Lunch,1
O003946,C0257,R0051,2026-08-01,Saturday,8,470,Desserts,4.1,22,4,1,Work Lunch,1
O003947,C0257,R0120,2026-07-21,Tuesday,22,564,Biryani,4.0,39,5,1,Work Lunch,1
O003948,C0257,R0135,2026-06-26,Friday,10,656,Desserts,4.2,31,3,1,Routine,1
O003949,C0257,R0134,2026-06-04,Thursday,19,966,Maharashtrian,4.3,28,3,1,Routine,0
O003950,C0257,R0137,2026-08-02,Sunday,13,359,Chinese,4.3,35,3,1,Routine,0
O003951,C0257,R0146,2025-10-10,Friday,20,246,Chinese,3.2,28,5,1,Routine,0
O003952,C0258,R0081,2026-07-09,Thursday,18,229,Pizza,4.1,42,2,0,Late Night,1
O003953,C0258,R0056,2025-10-31,Friday,18,634,Biryani,3.8,49,3,1,Movie Night,1
O003954,C0258,R0066,2026-08-23,Sunday,9,1296,Pizza,4.3,30,3,0,Work Lunch,1
O003955,C0258,R0103,2026-07-02,Thursday,17,336,Italian,4.9,32,5,1,Family,1
O003956,C0258,R0066,2026-06-02,Tuesday,21,948,Pizza,4.3,30,4,0,Routine,1
O003957,C0258,R0072,2026-08-22,Saturday,13,304,Cafe,4.4,19,3,0,Routine,0
O003958,C0258,R0103,2026-05-14,Thursday,10,350,Italian,4.9,32,5,0,Friends,1
O003959,C0258,R0122,2025-09-10,Wednesday,22,241,North Indian,4.0,35,4,1,Movie Night,0
O003960,C0258,R0040,2025-11-18,Tuesday,22,428,South Indian,4.6,27,4,0,Work Lunch,1
O003961,C0258,R0066,2026-03-09,Monday,22,895,Pizza,4.3,30,4,1,Late Night,1
O003962,C0258,R0019,2026-03-25,Wednesday,19,404,Biryani,4.1,34,5,1,Work Lunch,0
O003963,C0258,R0040,2025-11-28,Friday,20,422,South Indian,4.6,27,5,0,Movie Night,1
O003964,C0258,R0044,2026-06-23,Tuesday,9,309,Thai,4.2,17,3,1,Routine,0
O003965,C0258,R0111,2026-04-19,Sunday,12,297,Desserts,3.6,21,4,1,Routine,0
O003966,C0258,R0056,2026-05-19,Tuesday,20,557,Biryani,3.8,49,4,0,Family,1
O003967,C0258,R0081,2025-11-24,Monday,14,449,Pizza,4.1,42,2,1,Routine,1
O003968,C0258,R0005,2026-07-07,Tuesday,13,628,Pizza,4.0,36,5,1,Friends,1
O003969,C0258,R0048,2026-07-20,Monday,21,155,Cafe,4.6,29,4,1,Routine,1
O003970,C0258,R0112,2026-04-17,Friday,22,242,Thai,4.2,34,4,0,Routine,0
O003971,C0258,R0033,2025-11-10,Monday,20,524,Cafe,4.2,33,5,0,Movie Night,0
O003972,C0258,R0005,2025-09-13,Saturday,18,631,Pizza,4.0,36,4,1,Routine,1
O003973,C0258,R0048,2026-05-03,Sunday,10,308,Cafe,4.6,29,5,1,Date Night,1
O003974,C0258,R0074,2026-03-31,Tuesday,17,288,Cafe,4.6,27,5,0,Family,0
O003975,C0259,R0042,2026-02-04,Wednesday,9,494,Chinese,4.4,21,3,0,Date Night,1
O003976,C0259,R0088,2026-06-22,Monday,20,364,Biryani,4.1,33,3,1,Work Lunch,1
O003977,C0259,R0052,2025-09-13,Saturday,19,437,Thai,4.7,29,4,0,Routine,1
O003978,C0259,R0071,2026-07-03,Friday,18,211,South Indian,4.1,48,5,0,Routine,1
O003979,C0259,R0050,2026-08-16,Sunday,18,887,Biryani,4.0,26,4,1,Routine,1
O003980,C0259,R0038,2026-03-01,Sunday,21,604,Chinese,4.0,29,3,1,Family,1
O003981,C0259,R0038,2026-06-21,Sunday,13,318,Chinese,4.0,29,4,0,Work Lunch,1
O003982,C0259,R0016,2025-10-10,Friday,19,435,Burgers,4.5,33,4,0,Routine,1
O003983,C0259,R0071,2026-07-10,Friday,23,168,South Indian,4.1,48,3,1,Family,1
O003984,C0259,R0091,2026-02-03,Tuesday,9,263,Biryani,4.0,34,3,0,Work Lunch,0
O003985,C0259,R0016,2026-01-04,Sunday,13,405,Burgers,4.5,33,4,1,Movie Night,1
O003986,C0259,R0016,2026-05-25,Monday,21,463,Burgers,4.5,33,3,1,Routine,1
O003987,C0259,R0052,2026-03-25,Wednesday,22,262,Thai,4.7,29,4,0,Family,1
O003988,C0259,R0088,2026-06-02,Tuesday,9,321,Biryani,4.1,33,2,0,Late Night,1
O003989,C0259,R0038,2026-01-29,Thursday,23,688,Chinese,4.0,29,4,0,Family,1
O003990,C0259,R0042,2025-09-16,Tuesday,13,408,Chinese,4.4,21,2,0,Routine,1
O003991,C0259,R0042,2025-09-07,Sunday,23,449,Chinese,4.4,21,4,1,Family,1
O003992,C0259,R0050,2026-08-07,Friday,21,755,Biryani,4.0,26,4,1,Family,1
O003993,C0259,R0042,2026-03-22,Sunday,8,391,Chinese,4.4,21,5,1,Routine,1
O003994,C0260,R0003,2025-11-28,Friday,9,258,Chinese,4.0,24,5,1,Movie Night,0
O003995,C0260,R0023,2025-09-18,Thursday,10,893,Cafe,4.1,21,4,1,Work Lunch,0
O003996,C0260,R0116,2026-04-24,Friday,8,324,Maharashtrian,4.2,35,5,1,Work Lunch,0
O003997,C0260,R0150,2026-01-28,Wednesday,19,912,Maharashtrian,4.0,36,4,1,Family,0
O003998,C0260,R0013,2025-10-03,Friday,8,846,South Indian,4.1,44,3,1,Movie Night,1
O003999,C0260,R0073,2025-12-02,Tuesday,13,663,Maharashtrian,4.4,18,3,0,Family,0
O004000,C0260,R0034,2026-01-09,Friday,14,342,Burgers,4.8,40,5,0,Family,1
O004001,C0260,R0134,2025-12-24,Wednesday,8,788,Maharashtrian,4.3,28,3,1,Family,1
O004002,C0260,R0013,2026-06-05,Friday,20,1017,South Indian,4.1,44,4,1,Family,1
O004003,C0260,R0055,2026-08-08,Saturday,23,976,Biryani,3.6,31,4,0,Routine,1
O004004,C0260,R0034,2026-05-07,Thursday,13,480,Burgers,4.8,40,5,1,Friends,1
O004005,C0260,R0100,2026-06-05,Friday,19,289,Chinese,4.4,29,3,1,Routine,1
O004006,C0260,R0146,2026-07-03,Friday,22,324,Chinese,3.2,28,3,1,Work Lunch,0
O004007,C0260,R0087,2025-10-26,Sunday,19,708,Cafe,4.3,36,4,1,Routine,0
O004008,C0260,R0009,2026-01-01,Thursday,8,317,Biryani,4.4,30,5,1,Routine,0
O004009,C0260,R0101,2026-04-18,Saturday,23,419,Chinese,4.2,27,5,1,Work Lunch,0
O004010,C0260,R0135,2025-09-08,Monday,8,794,Desserts,4.2,31,4,1,Routine,0
O004011,C0260,R0013,2025-09-25,Thursday,21,877,South Indian,4.1,44,4,1,Routine,1
O004012,C0260,R0010,2026-03-20,Friday,23,361,Desserts,3.5,15,4,0,Friends,0
O004013,C0260,R0034,2025-10-24,Friday,20,369,Burgers,4.8,40,3,1,Movie Night,1
O004014,C0260,R0134,2026-07-04,Saturday,14,909,Maharashtrian,4.3,28,3,1,Friends,1
O004015,C0260,R0113,2025-09-10,Wednesday,14,363,Healthy,4.2,42,5,1,Work Lunch,0
O004016,C0260,R0100,2025-10-21,Tuesday,19,263,Chinese,4.4,29,5,1,Routine,1
O004017,C0260,R0055,2026-06-18,Thursday,12,953,Biryani,3.6,31,4,0,Movie Night,1
O004018,C0260,R0059,2026-06-06,Saturday,21,718,Cafe,4.4,33,3,1,Movie Night,0
O004019,C0261,R0106,2026-01-30,Friday,17,264,Healthy,4.3,46,3,0,Work Lunch,1
O004020,C0261,R0096,2025-09-28,Sunday,19,347,Chinese,4.1,24,4,0,Date Night,0
O004021,C0261,R0014,2025-09-11,Thursday,21,1014,Maharashtrian,4.1,35,5,0,Routine,1
O004022,C0261,R0115,2026-05-01,Friday,10,467,Biryani,3.6,38,4,0,Work Lunch,1
O004023,C0261,R0095,2026-07-28,Tuesday,23,488,North Indian,3.8,25,5,0,Routine,0
O004024,C0261,R0121,2025-10-29,Wednesday,21,324,Italian,4.8,41,3,0,Date Night,1
O004025,C0261,R0121,2026-04-08,Wednesday,14,360,Italian,4.8,41,5,0,Movie Night,1
O004026,C0261,R0121,2025-11-03,Monday,8,529,Italian,4.8,41,4,0,Routine,1
O004027,C0261,R0014,2026-01-31,Saturday,13,634,Maharashtrian,4.1,35,3,0,Late Night,1
O004028,C0261,R0015,2026-01-09,Friday,10,307,Healthy,4.3,15,4,1,Family,0
O004029,C0261,R0130,2025-09-24,Wednesday,17,288,South Indian,4.1,26,4,1,Work Lunch,0
O004030,C0261,R0084,2026-08-08,Saturday,14,649,Desserts,4.1,32,5,0,Late Night,0
O004031,C0261,R0039,2026-06-15,Monday,17,635,Biryani,3.7,28,3,0,Date Night,0
O004032,C0261,R0106,2026-03-12,Thursday,10,279,Healthy,4.3,46,3,1,Routine,1
O004033,C0261,R0041,2025-09-21,Sunday,17,1036,Biryani,4.5,30,4,0,Routine,0
O004034,C0261,R0102,2025-11-05,Wednesday,9,835,Cafe,3.7,34,5,0,Routine,0
O004035,C0261,R0115,2026-02-25,Wednesday,20,794,Biryani,3.6,38,4,1,Family,1
O004036,C0261,R0106,2026-05-04,Monday,10,252,Healthy,4.3,46,5,0,Routine,1
O004037,C0262,R0042,2026-04-07,Tuesday,23,551,Chinese,4.4,21,3,0,Routine,1
O004038,C0262,R0042,2025-12-03,Wednesday,9,235,Chinese,4.4,21,5,0,Family,1
O004039,C0262,R0016,2026-02-18,Wednesday,12,408,Burgers,4.5,33,4,0,Routine,0
O004040,C0262,R0088,2026-07-24,Friday,21,459,Biryani,4.1,33,5,0,Friends,0
O004041,C0262,R0050,2026-04-15,Wednesday,23,533,Biryani,4.0,26,3,0,Routine,0
O004042,C0262,R0091,2026-05-15,Friday,13,371,Biryani,4.0,34,3,0,Work Lunch,0
O004043,C0262,R0042,2026-03-20,Friday,13,449,Chinese,4.4,21,5,0,Family,1
O004044,C0263,R0087,2026-08-18,Tuesday,23,717,Cafe,4.3,36,5,0,Routine,0
O004045,C0263,R0137,2026-07-04,Saturday,12,342,Chinese,4.3,35,4,0,Family,0
O004046,C0263,R0075,2026-02-16,Monday,10,315,South Indian,4.2,43,4,0,Routine,0
O004047,C0263,R0135,2025-12-29,Monday,19,478,Desserts,4.2,31,5,0,Routine,1
O004048,C0263,R0149,2025-09-05,Friday,18,346,North Indian,4.7,34,5,0,Movie Night,0
O004049,C0263,R0134,2025-11-11,Tuesday,13,792,Maharashtrian,4.3,28,3,0,Routine,0
O004050,C0263,R0135,2026-02-27,Friday,12,438,Desserts,4.2,31,3,0,Routine,1
O004051,C0263,R0010,2026-08-27,Thursday,20,360,Desserts,3.5,15,4,1,Routine,0
O004052,C0263,R0034,2026-01-07,Wednesday,17,344,Burgers,4.8,40,3,0,Routine,0
O004053,C0263,R0150,2025-12-05,Friday,9,695,Maharashtrian,4.0,36,5,0,Late Night,0
O004054,C0264,R0145,2025-10-06,Monday,22,874,South Indian,4.5,28,3,0,Date Night,1
O004055,C0264,R0147,2026-01-01,Thursday,23,451,Biryani,3.9,17,4,0,Friends,0
O004056,C0264,R0070,2026-07-23,Thursday,18,223,Cafe,3.6,24,3,0,Work Lunch,0
O004057,C0264,R0126,2026-04-07,Tuesday,23,459,Italian,4.1,21,4,0,Routine,0
O004058,C0264,R0047,2026-07-27,Monday,19,605,Chinese,3.9,47,5,0,Friends,0
O004059,C0264,R0058,2026-07-15,Wednesday,14,549,North Indian,4.7,24,3,0,Family,1
O004060,C0264,R0026,2026-09-01,Tuesday,21,521,Healthy,4.0,38,5,0,Routine,0
O004061,C0264,R0032,2026-02-15,Sunday,10,447,Italian,4.3,34,5,1,Routine,0
O004062,C0264,R0101,2026-08-10,Monday,13,509,Chinese,4.2,27,4,1,Routine,0
O004063,C0264,R0079,2026-02-26,Thursday,10,446,Chinese,4.1,36,4,0,Friends,0
O004064,C0264,R0036,2026-02-09,Monday,9,537,Biryani,3.9,40,4,1,Work Lunch,0
O004065,C0264,R0063,2026-05-17,Sunday,14,334,Pizza,4.2,32,4,0,Work Lunch,0
O004066,C0264,R0058,2026-07-13,Monday,9,497,North Indian,4.7,24,5,1,Work Lunch,1
O004067,C0264,R0148,2025-09-30,Tuesday,14,493,Burgers,3.8,32,5,1,Movie Night,0
O004068,C0264,R0128,2026-05-30,Saturday,21,288,Italian,4.2,25,4,1,Routine,0
O004069,C0264,R0061,2026-02-06,Friday,20,404,Burgers,4.5,34,2,0,Routine,1
O004070,C0264,R0137,2026-04-19,Sunday,18,384,Chinese,4.3,35,5,0,Routine,0
O004071,C0264,R0054,2026-05-01,Friday,12,530,Chinese,3.6,34,4,0,Date Night,0
O004072,C0264,R0102,2026-07-25,Saturday,12,1106,Cafe,3.7,34,3,0,Work Lunch,0
O004073,C0264,R0145,2025-11-13,Thursday,13,781,South Indian,4.5,28,3,0,Work Lunch,1
O004074,C0264,R0061,2026-05-30,Saturday,22,634,Burgers,4.5,34,5,0,Date Night,1
O004075,C0264,R0104,2026-01-31,Saturday,9,464,Cafe,4.3,38,4,1,Movie Night,0
O004076,C0264,R0046,2026-04-26,Sunday,9,389,South Indian,4.4,45,3,1,Work Lunch,0
O004077,C0265,R0021,2026-02-02,Monday,22,768,Thai,4.1,34,4,0,Date Night,0
O004078,C0265,R0076,2026-06-21,Sunday,18,442,Healthy,3.8,19,5,0,Routine,0
O004079,C0265,R0046,2026-01-28,Wednesday,20,203,South Indian,4.4,45,4,1,Routine,0
O004080,C0265,R0134,2026-02-19,Thursday,12,955,Maharashtrian,4.3,28,4,1,Work Lunch,0
O004081,C0265,R0031,2026-06-02,Tuesday,8,314,Italian,4.2,31,5,1,Routine,0
O004082,C0265,R0074,2025-11-04,Tuesday,19,219,Cafe,4.6,27,4,0,Routine,0
O004083,C0265,R0093,2025-10-14,Tuesday,23,196,Pizza,4.7,28,4,0,Routine,0
O004084,C0265,R0082,2025-12-13,Saturday,12,383,Italian,3.6,28,4,0,Movie Night,0
O004085,C0265,R0126,2026-05-26,Tuesday,20,534,Italian,4.1,21,4,0,Late Night,0
O004086,C0265,R0037,2026-04-08,Wednesday,8,371,Maharashtrian,4.6,45,4,1,Family,0
O004087,C0265,R0060,2026-05-19,Tuesday,19,360,Italian,4.3,43,4,0,Movie Night,0
O004088,C0265,R0121,2026-06-14,Sunday,9,466,Italian,4.8,41,5,0,Work Lunch,0
O004089,C0265,R0084,2025-11-30,Sunday,18,571,Desserts,4.1,32,5,1,Family,0
O004090,C0265,R0064,2025-12-11,Thursday,8,1048,North Indian,3.9,53,3,1,Routine,0
O004091,C0265,R0006,2026-06-13,Saturday,17,600,Chinese,3.5,26,4,1,Routine,0
O004092,C0266,R0010,2026-08-18,Tuesday,9,327,Desserts,3.5,15,4,0,Routine,0
O004093,C0266,R0063,2025-11-03,Monday,18,259,Pizza,4.2,32,4,1,Friends,1
O004094,C0266,R0065,2026-03-30,Monday,14,773,Healthy,4.8,37,4,1,Movie Night,1
O004095,C0266,R0145,2025-12-19,Friday,14,690,South Indian,4.5,28,3,0,Friends,0
O004096,C0266,R0059,2026-05-07,Thursday,23,613,Cafe,4.4,33,5,0,Date Night,0
O004097,C0266,R0063,2026-05-22,Friday,8,241,Pizza,4.2,32,4,1,Routine,1
O004098,C0266,R0120,2026-06-18,Thursday,9,392,Biryani,4.0,39,5,0,Work Lunch,0
O004099,C0266,R0118,2026-08-19,Wednesday,18,741,Chinese,4.6,37,3,1,Routine,0
O004100,C0266,R0134,2026-01-22,Thursday,17,1118,Maharashtrian,4.3,28,3,0,Work Lunch,1
O004101,C0266,R0148,2026-05-05,Tuesday,18,446,Burgers,3.8,32,4,0,Date Night,0
O004102,C0266,R0134,2025-11-24,Monday,20,717,Maharashtrian,4.3,28,5,1,Date Night,1
O004103,C0266,R0065,2026-06-30,Tuesday,9,620,Healthy,4.8,37,4,1,Late Night,1
O004104,C0266,R0135,2025-12-25,Thursday,12,836,Desserts,4.2,31,4,1,Date Night,0
O004105,C0266,R0076,2025-11-10,Monday,20,407,Healthy,3.8,19,5,1,Family,0
O004106,C0266,R0055,2026-01-11,Sunday,17,1108,Biryani,3.6,31,5,1,Friends,0
O004107,C0266,R0057,2026-04-10,Friday,13,217,Maharashtrian,4.6,32,3,1,Late Night,0
O004108,C0266,R0051,2026-02-23,Monday,8,671,Desserts,4.1,22,3,1,Family,0
O004109,C0266,R0023,2026-06-23,Tuesday,20,736,Cafe,4.1,21,3,1,Date Night,0
O004110,C0266,R0029,2026-08-21,Friday,8,1064,Chinese,4.3,43,2,1,Routine,0
O004111,C0266,R0009,2026-06-01,Monday,20,348,Biryani,4.4,30,5,0,Family,0
O004112,C0266,R0142,2026-05-05,Tuesday,12,614,South Indian,4.4,36,3,0,Family,0
O004113,C0266,R0146,2026-06-01,Monday,12,274,Chinese,3.2,28,5,0,Movie Night,0
O004114,C0266,R0087,2026-08-18,Tuesday,22,685,Cafe,4.3,36,4,1,Routine,0
O004115,C0267,R0130,2025-10-20,Monday,22,409,South Indian,4.1,26,4,1,Routine,0
O004116,C0267,R0064,2026-07-03,Friday,17,1167,North Indian,3.9,53,3,1,Friends,1
O004117,C0267,R0014,2026-01-28,Wednesday,13,655,Maharashtrian,4.1,35,4,1,Routine,1
O004118,C0267,R0078,2026-01-30,Friday,17,404,Biryani,3.7,15,5,1,Routine,0
O004119,C0267,R0004,2026-05-23,Saturday,23,220,South Indian,4.4,43,5,1,Family,0
O004120,C0267,R0041,2026-07-16,Thursday,23,849,Biryani,4.5,30,4,1,Late Night,1
O004121,C0267,R0096,2026-08-11,Tuesday,20,532,Chinese,4.1,24,4,1,Friends,0
O004122,C0267,R0041,2026-06-27,Saturday,14,1306,Biryani,4.5,30,4,1,Work Lunch,1
O004123,C0267,R0098,2026-06-16,Tuesday,14,797,Burgers,4.1,33,3,1,Movie Night,0
O004124,C0267,R0109,2026-05-11,Monday,14,1265,Desserts,4.3,29,5,1,Friends,1
O004125,C0267,R0064,2026-06-21,Sunday,14,1174,North Indian,3.9,53,4,1,Date Night,1
O004126,C0267,R0117,2025-11-05,Wednesday,19,518,Italian,3.9,43,5,1,Date Night,0
O004127,C0267,R0014,2026-07-02,Thursday,8,455,Maharashtrian,4.1,35,5,1,Routine,1
O004128,C0267,R0109,2025-10-08,Wednesday,18,1335,Desserts,4.3,29,3,1,Date Night,1
O004129,C0267,R0109,2026-04-26,Sunday,22,911,Desserts,4.3,29,3,1,Family,1
O004130,C0267,R0041,2026-08-06,Thursday,21,1164,Biryani,4.5,30,5,0,Movie Night,1
O004131,C0267,R0041,2025-10-09,Thursday,10,1079,Biryani,4.5,30,4,1,Routine,1
O004132,C0268,R0055,2026-06-05,Friday,12,612,Biryani,3.6,31,4,1,Friends,0
O004133,C0268,R0034,2026-04-21,Tuesday,9,373,Burgers,4.8,40,4,0,Work Lunch,0
O004134,C0268,R0023,2026-02-17,Tuesday,23,764,Cafe,4.1,21,4,1,Family,0
O004135,C0268,R0076,2026-02-02,Monday,13,505,Healthy,3.8,19,3,1,Late Night,0
O004136,C0268,R0087,2025-10-22,Wednesday,23,535,Cafe,4.3,36,3,0,Routine,0
O004137,C0268,R0029,2025-12-16,Tuesday,17,993,Chinese,4.3,43,4,1,Work Lunch,0
O004138,C0268,R0116,2025-11-22,Saturday,19,442,Maharashtrian,4.2,35,4,0,Late Night,0
O004139,C0268,R0118,2026-05-27,Wednesday,9,635,Chinese,4.6,37,5,1,Routine,0
O004140,C0268,R0003,2025-12-22,Monday,21,302,Chinese,4.0,24,5,1,Routine,0
O004141,C0268,R0059,2026-05-30,Saturday,19,712,Cafe,4.4,33,3,1,Routine,0
O004142,C0268,R0145,2026-04-12,Sunday,19,605,South Indian,4.5,28,5,1,Routine,0
O004143,C0269,R0071,2025-10-13,Monday,20,307,South Indian,4.1,48,3,0,Routine,1
O004144,C0269,R0038,2026-05-11,Monday,19,497,Chinese,4.0,29,3,1,Routine,1
O004145,C0269,R0016,2026-02-21,Saturday,20,322,Burgers,4.5,33,5,1,Routine,0
O004146,C0269,R0071,2025-09-13,Saturday,22,231,South Indian,4.1,48,3,1,Date Night,1
O004147,C0269,R0038,2026-08-04,Tuesday,22,536,Chinese,4.0,29,5,1,Family,1
O004148,C0269,R0140,2025-11-26,Wednesday,9,502,Biryani,4.5,15,3,0,Work Lunch,1
O004149,C0269,R0071,2026-06-24,Wednesday,8,219,South Indian,4.1,48,4,0,Work Lunch,1
O004150,C0269,R0042,2025-11-16,Sunday,19,396,Chinese,4.4,21,4,1,Movie Night,1
O004151,C0269,R0071,2026-04-06,Monday,20,164,South Indian,4.1,48,4,1,Routine,1
O004152,C0269,R0042,2026-03-12,Thursday,9,495,Chinese,4.4,21,4,1,Friends,1
O004153,C0269,R0088,2026-08-04,Tuesday,14,412,Biryani,4.1,33,4,1,Date Night,0
O004154,C0269,R0042,2026-06-04,Thursday,23,440,Chinese,4.4,21,4,1,Routine,1
O004155,C0269,R0140,2026-04-27,Monday,22,412,Biryani,4.5,15,3,1,Routine,1
O004156,C0269,R0071,2026-08-10,Monday,14,263,South Indian,4.1,48,5,1,Routine,1
O004157,C0270,R0147,2026-08-12,Wednesday,17,394,Biryani,3.9,17,5,0,Routine,1
O004158,C0270,R0147,2025-11-03,Monday,9,400,Biryani,3.9,17,4,0,Family,1
O004159,C0270,R0021,2026-06-28,Sunday,9,507,Thai,4.1,34,4,0,Routine,1
O004160,C0270,R0021,2026-06-01,Monday,10,455,Thai,4.1,34,4,1,Movie Night,1
O004161,C0270,R0079,2026-05-02,Saturday,13,457,Chinese,4.1,36,2,1,Routine,0
O004162,C0270,R0020,2026-02-10,Tuesday,14,696,Biryani,4.2,28,4,0,Routine,0
O004163,C0270,R0126,2026-04-08,Wednesday,8,554,Italian,4.1,21,4,0,Family,0
O004164,C0270,R0021,2026-08-21,Friday,19,801,Thai,4.1,34,5,1,Routine,1
O004165,C0270,R0021,2026-06-02,Tuesday,23,572,Thai,4.1,34,4,0,Routine,1
O004166,C0270,R0080,2026-05-17,Sunday,22,550,South Indian,4.7,27,5,0,Routine,0
O004167,C0271,R0004,2026-01-25,Sunday,14,262,South Indian,4.4,43,4,1,Routine,1
O004168,C0271,R0095,2025-11-10,Monday,13,462,North Indian,3.8,25,5,1,Routine,0
O004169,C0271,R0014,2026-04-26,Sunday,12,609,Maharashtrian,4.1,35,3,1,Work Lunch,0
O004170,C0271,R0026,2026-02-24,Tuesday,22,560,Healthy,4.0,38,5,0,Date Night,1
O004171,C0271,R0041,2026-05-31,Sunday,18,842,Biryani,4.5,30,3,1,Routine,0
O004172,C0271,R0102,2026-03-26,Thursday,10,730,Cafe,3.7,34,4,1,Movie Night,0
O004173,C0271,R0026,2025-10-12,Sunday,12,685,Healthy,4.0,38,3,1,Friends,1
O004174,C0271,R0115,2026-05-20,Wednesday,22,804,Biryani,3.6,38,5,1,Family,0
O004175,C0271,R0017,2026-06-19,Friday,12,328,Chinese,4.4,65,4,1,Routine,0
O004176,C0271,R0004,2026-01-03,Saturday,23,219,South Indian,4.4,43,4,1,Family,1
O004177,C0271,R0064,2026-08-28,Friday,8,1024,North Indian,3.9,53,5,1,Friends,0
O004178,C0272,R0113,2026-06-07,Sunday,14,688,Healthy,4.2,42,5,0,Late Night,0
O004179,C0272,R0029,2026-04-10,Friday,9,1144,Chinese,4.3,43,4,0,Work Lunch,0
O004180,C0272,R0116,2026-01-29,Thursday,18,314,Maharashtrian,4.2,35,4,1,Friends,0
O004181,C0272,R0073,2025-10-16,Thursday,21,586,Maharashtrian,4.4,18,5,1,Routine,0
O004182,C0272,R0003,2026-03-18,Wednesday,17,315,Chinese,4.0,24,5,1,Routine,0
O004183,C0272,R0087,2026-05-09,Saturday,20,547,Cafe,4.3,36,4,0,Routine,0
O004184,C0272,R0150,2026-02-26,Thursday,23,654,Maharashtrian,4.0,36,4,1,Movie Night,1
O004185,C0272,R0063,2025-10-23,Thursday,17,309,Pizza,4.2,32,4,0,Routine,0
O004186,C0272,R0150,2026-03-22,Sunday,21,708,Maharashtrian,4.0,36,5,0,Family,1
O004187,C0272,R0011,2026-08-05,Wednesday,10,310,Chinese,4.0,36,2,0,Movie Night,0
O004188,C0272,R0134,2026-01-02,Friday,18,822,Maharashtrian,4.3,28,5,0,Work Lunch,0
O004189,C0272,R0013,2026-04-23,Thursday,8,1011,South Indian,4.1,44,5,1,Movie Night,0
O004190,C0272,R0057,2026-06-07,Sunday,20,257,Maharashtrian,4.6,32,5,1,Work Lunch,0
O004191,C0272,R0101,2026-07-31,Friday,17,356,Chinese,4.2,27,4,0,Work Lunch,0
O004192,C0273,R0106,2026-02-24,Tuesday,12,304,Healthy,4.3,46,3,1,Routine,0
O004193,C0273,R0065,2026-05-26,Tuesday,9,855,Healthy,4.8,37,5,1,Work Lunch,1
O004194,C0273,R0013,2026-01-10,Saturday,13,1032,South Indian,4.1,44,5,1,Routine,0
O004195,C0273,R0144,2026-08-28,Friday,21,261,Burgers,4.2,23,4,0,Work Lunch,0
O004196,C0273,R0065,2025-09-19,Friday,9,911,Healthy,4.8,37,4,1,Friends,1
O004197,C0273,R0099,2026-08-24,Monday,18,272,North Indian,3.8,28,3,1,Late Night,0
O004198,C0273,R0080,2026-02-14,Saturday,21,508,South Indian,4.7,27,3,1,Movie Night,0
O004199,C0273,R0008,2026-02-20,Friday,19,599,Biryani,3.9,25,3,0,Movie Night,0
O004200,C0273,R0142,2026-07-24,Friday,13,692,South Indian,4.4,36,5,0,Work Lunch,0
O004201,C0273,R0119,2026-01-15,Thursday,8,354,Desserts,4.2,37,5,1,Late Night,0
O004202,C0273,R0021,2025-11-04,Tuesday,8,482,Thai,4.1,34,4,1,Routine,0
O004203,C0273,R0147,2026-06-15,Monday,19,563,Biryani,3.9,17,5,1,Routine,0
O004204,C0273,R0110,2026-05-11,Monday,12,373,Italian,4.7,33,3,1,Routine,0
O004205,C0273,R0070,2025-11-14,Friday,18,245,Cafe,3.6,24,4,0,Work Lunch,0
O004206,C0273,R0091,2026-04-06,Monday,10,326,Biryani,4.0,34,5,1,Late Night,0
O004207,C0273,R0015,2026-05-20,Wednesday,9,308,Healthy,4.3,15,3,1,Routine,0
O004208,C0273,R0083,2026-01-12,Monday,21,879,Healthy,4.3,36,3,0,Routine,0
O004209,C0274,R0029,2025-10-31,Friday,19,974,Chinese,4.3,43,4,1,Date Night,0
O004210,C0274,R0120,2025-12-28,Sunday,20,616,Biryani,4.0,39,2,1,Routine,0
O004211,C0274,R0009,2025-12-19,Friday,8,496,Biryani,4.4,30,4,1,Family,1
O004212,C0274,R0073,2026-06-23,Tuesday,23,816,Maharashtrian,4.4,18,5,1,Routine,0
O004213,C0274,R0013,2026-05-13,Wednesday,17,1069,South Indian,4.1,44,5,1,Routine,0
O004214,C0274,R0065,2026-08-05,Wednesday,20,953,Healthy,4.8,37,5,0,Friends,0
O004215,C0274,R0134,2026-08-22,Saturday,8,931,Maharashtrian,4.3,28,4,1,Family,0
O004216,C0274,R0069,2025-11-29,Saturday,19,403,South Indian,4.4,30,4,1,Family,0
O004217,C0274,R0023,2026-01-22,Thursday,20,1039,Cafe,4.1,21,4,1,Family,0
O004218,C0274,R0034,2026-01-18,Sunday,14,391,Burgers,4.8,40,5,1,Date Night,0
O004219,C0274,R0059,2026-02-28,Saturday,9,552,Cafe,4.4,33,3,1,Movie Night,0
O004220,C0274,R0009,2026-01-01,Thursday,23,340,Biryani,4.4,30,4,1,Routine,1
O004221,C0274,R0100,2026-04-22,Wednesday,10,276,Chinese,4.4,29,5,1,Movie Night,0
O004222,C0274,R0101,2025-11-04,Tuesday,18,332,Chinese,4.2,27,3,0,Routine,0
O004223,C0275,R0007,2025-12-11,Thursday,8,877,Chinese,4.2,23,3,1,Friends,0
O004224,C0275,R0110,2026-04-07,Tuesday,23,275,Italian,4.7,33,4,1,Family,1
O004225,C0275,R0032,2026-06-15,Monday,9,604,Italian,4.3,34,3,1,Date Night,1
O004226,C0275,R0046,2026-03-17,Tuesday,13,435,South Indian,4.4,45,5,1,Date Night,0
O004227,C0275,R0031,2025-09-19,Friday,12,497,Italian,4.2,31,3,1,Routine,0
O004228,C0275,R0123,2025-12-17,Wednesday,20,825,South Indian,3.8,37,4,1,Family,1
O004229,C0275,R0110,2026-05-27,Wednesday,9,363,Italian,4.7,33,4,1,Family,1
O004230,C0275,R0107,2025-12-16,Tuesday,19,309,Healthy,4.0,48,4,1,Work Lunch,0
O004231,C0275,R0110,2026-08-01,Saturday,22,244,Italian,4.7,33,5,1,Work Lunch,1
O004232,C0275,R0032,2026-05-22,Friday,12,756,Italian,4.3,34,2,1,Friends,1
O004233,C0275,R0070,2025-12-20,Saturday,17,278,Cafe,3.6,24,5,1,Routine,1
O004234,C0275,R0110,2026-05-03,Sunday,18,330,Italian,4.7,33,5,1,Routine,1
O004235,C0275,R0110,2026-01-08,Thursday,9,284,Italian,4.7,33,4,1,Routine,1
O004236,C0275,R0123,2025-09-06,Saturday,20,774,South Indian,3.8,37,3,1,Routine,1
O004237,C0275,R0032,2025-10-29,Wednesday,14,542,Italian,4.3,34,4,1,Routine,1
O004238,C0275,R0123,2026-07-25,Saturday,17,584,South Indian,3.8,37,4,1,Late Night,1
O004239,C0275,R0070,2025-12-06,Saturday,19,292,Cafe,3.6,24,4,1,Routine,1
O004240,C0275,R0110,2025-11-09,Sunday,14,264,Italian,4.7,33,5,1,Routine,1
O004241,C0275,R0077,2025-11-26,Wednesday,8,895,Maharashtrian,4.0,41,4,1,Late Night,0
O004242,C0275,R0136,2025-10-06,Monday,21,520,Chinese,3.6,45,5,1,Movie Night,0
O004243,C0276,R0026,2025-12-30,Tuesday,9,599,Healthy,4.0,38,4,1,Family,1
O004244,C0276,R0015,2026-08-02,Sunday,14,351,Healthy,4.3,15,4,1,Work Lunch,1
O004245,C0276,R0062,2025-11-09,Sunday,8,283,Maharashtrian,3.7,23,3,1,Routine,0
O004246,C0276,R0095,2026-01-23,Friday,9,558,North Indian,3.8,25,4,1,Routine,0
O004247,C0276,R0004,2026-08-30,Sunday,22,289,South Indian,4.4,43,5,1,Work Lunch,1
O004248,C0276,R0054,2026-07-01,Wednesday,22,319,Chinese,3.6,34,5,0,Routine,0
O004249,C0276,R0026,2026-06-18,Thursday,12,473,Healthy,4.0,38,4,1,Routine,1
O004250,C0276,R0004,2026-03-11,Wednesday,23,205,South Indian,4.4,43,5,0,Routine,1
O004251,C0276,R0015,2026-06-11,Thursday,21,282,Healthy,4.3,15,4,0,Routine,1
O004252,C0276,R0015,2026-07-17,Friday,18,392,Healthy,4.3,15,4,0,Friends,1
O004253,C0277,R0020,2026-02-07,Saturday,9,850,Biryani,4.2,28,4,0,Late Night,1
O004254,C0277,R0020,2025-11-14,Friday,10,1005,Biryani,4.2,28,3,1,Date Night,1
O004255,C0277,R0025,2026-06-07,Sunday,18,790,Cafe,4.1,35,3,1,Routine,0
O004256,C0277,R0043,2026-06-14,Sunday,18,388,Pizza,4.3,15,4,0,Routine,1
O004257,C0277,R0141,2026-03-20,Friday,13,780,Burgers,4.2,26,4,0,Movie Night,1
O004258,C0277,R0043,2026-06-23,Tuesday,17,359,Pizza,4.3,15,4,1,Routine,1
O004259,C0277,R0147,2025-12-01,Monday,14,397,Biryani,3.9,17,5,0,Routine,1
O004260,C0277,R0131,2026-05-13,Wednesday,13,754,South Indian,4.4,28,4,1,Date Night,0
O004261,C0277,R0138,2025-12-05,Friday,13,928,North Indian,4.6,22,3,0,Routine,1
O004262,C0277,R0043,2026-08-23,Sunday,21,383,Pizza,4.3,15,4,1,Friends,1
O004263,C0277,R0143,2025-11-29,Saturday,17,237,Desserts,4.0,25,5,0,Routine,0
O004264,C0277,R0138,2026-06-02,Tuesday,20,1303,North Indian,4.6,22,3,0,Routine,1
O004265,C0277,R0141,2025-12-09,Tuesday,13,728,Burgers,4.2,26,5,1,Work Lunch,1
O004266,C0277,R0147,2026-04-10,Friday,9,357,Biryani,3.9,17,4,1,Friends,1
O004267,C0278,R0052,2025-12-21,Sunday,8,426,Thai,4.7,29,5,0,Work Lunch,1
O004268,C0278,R0071,2025-11-17,Monday,19,218,South Indian,4.1,48,4,1,Work Lunch,1
O004269,C0278,R0091,2026-08-23,Sunday,21,286,Biryani,4.0,34,4,0,Routine,1
O004270,C0278,R0050,2025-11-18,Tuesday,23,631,Biryani,4.0,26,4,1,Routine,1
O004271,C0278,R0088,2026-07-03,Friday,14,330,Biryani,4.1,33,5,0,Date Night,0
O004272,C0278,R0091,2026-01-01,Thursday,17,307,Biryani,4.0,34,4,1,Movie Night,1
O004273,C0278,R0042,2026-04-02,Thursday,22,401,Chinese,4.4,21,5,0,Routine,1
O004274,C0278,R0050,2026-06-21,Sunday,14,523,Biryani,4.0,26,4,0,Routine,1
O004275,C0278,R0140,2026-06-07,Sunday,20,717,Biryani,4.5,15,3,0,Routine,1
O004276,C0278,R0140,2026-02-22,Sunday,18,441,Biryani,4.5,15,5,1,Work Lunch,1
O004277,C0278,R0042,2026-02-09,Monday,8,597,Chinese,4.4,21,5,0,Routine,1
O004278,C0278,R0016,2026-05-13,Wednesday,12,344,Burgers,4.5,33,5,1,Routine,0
O004279,C0278,R0042,2026-06-17,Wednesday,8,505,Chinese,4.4,21,5,0,Routine,1
O004280,C0278,R0050,2026-04-26,Sunday,12,553,Biryani,4.0,26,2,1,Family,1
O004281,C0278,R0052,2025-10-17,Friday,12,407,Thai,4.7,29,5,0,Date Night,1
O004282,C0278,R0071,2025-09-19,Friday,21,188,South Indian,4.1,48,4,0,Work Lunch,1
O004283,C0279,R0010,2025-11-23,Sunday,9,295,Desserts,3.5,15,4,1,Routine,1
O004284,C0279,R0055,2026-06-05,Friday,17,1059,Biryani,3.6,31,4,1,Family,0
O004285,C0279,R0075,2026-05-20,Wednesday,18,345,South Indian,4.2,43,5,1,Movie Night,0
O004286,C0279,R0023,2026-08-03,Monday,17,1078,Cafe,4.1,21,4,1,Work Lunch,1
O004287,C0279,R0073,2025-12-06,Saturday,9,875,Maharashtrian,4.4,18,2,1,Routine,0
O004288,C0279,R0142,2026-01-09,Friday,14,723,South Indian,4.4,36,3,1,Movie Night,1
O004289,C0279,R0145,2026-08-31,Monday,23,953,South Indian,4.5,28,5,0,Routine,0
O004290,C0279,R0003,2026-03-29,Sunday,23,229,Chinese,4.0,24,5,1,Routine,0
O004291,C0279,R0013,2026-05-13,Wednesday,9,913,South Indian,4.1,44,2,0,Family,0
O004292,C0279,R0053,2026-06-09,Tuesday,23,383,Cafe,4.4,26,4,1,Late Night,0
O004293,C0279,R0101,2025-10-07,Tuesday,18,250,Chinese,4.2,27,5,1,Movie Night,1
O004294,C0279,R0059,2026-04-22,Wednesday,13,553,Cafe,4.4,33,4,1,Routine,0
O004295,C0279,R0142,2026-03-29,Sunday,8,959,South Indian,4.4,36,5,1,Late Night,1
O004296,C0279,R0120,2025-11-15,Saturday,12,594,Biryani,4.0,39,5,1,Date Night,0
O004297,C0279,R0010,2026-01-30,Friday,23,451,Desserts,3.5,15,4,0,Late Night,1
O004298,C0279,R0101,2025-11-08,Saturday,10,426,Chinese,4.2,27,5,1,Work Lunch,1
O004299,C0279,R0011,2025-10-19,Sunday,21,360,Chinese,4.0,36,3,1,Work Lunch,0
O004300,C0279,R0051,2025-11-14,Friday,14,533,Desserts,4.1,22,4,1,Routine,0
O004301,C0279,R0023,2026-06-29,Monday,13,827,Cafe,4.1,21,5,1,Date Night,1
O004302,C0279,R0023,2025-11-13,Thursday,22,535,Cafe,4.1,21,4,1,Movie Night,1
O004303,C0279,R0101,2026-08-08,Saturday,22,393,Chinese,4.2,27,4,1,Routine,1
O004304,C0279,R0087,2026-01-19,Monday,13,750,Cafe,4.3,36,5,0,Date Night,0
O004305,C0279,R0023,2026-04-18,Saturday,23,818,Cafe,4.1,21,3,1,Movie Night,1
O004306,C0279,R0150,2025-12-03,Wednesday,17,524,Maharashtrian,4.0,36,4,0,Family,0
O004307,C0280,R0095,2025-12-17,Wednesday,21,504,North Indian,3.8,25,4,0,Routine,0
O004308,C0280,R0130,2026-07-27,Monday,21,371,South Indian,4.1,26,4,0,Work Lunch,0
O004309,C0280,R0102,2025-10-20,Monday,12,668,Cafe,3.7,34,3,1,Late Night,0
O004310,C0280,R0045,2026-04-30,Thursday,17,1173,Maharashtrian,4.7,38,5,1,Routine,0
O004311,C0280,R0039,2026-04-28,Tuesday,20,633,Biryani,3.7,28,4,1,Date Night,0
O004312,C0280,R0017,2026-06-14,Sunday,8,266,Chinese,4.4,65,3,0,Late Night,0
O004313,C0280,R0115,2026-08-14,Friday,10,626,Biryani,3.6,38,4,0,Routine,0
O004314,C0280,R0106,2026-02-25,Wednesday,22,235,Healthy,4.3,46,4,1,Work Lunch,0
O004315,C0281,R0068,2026-06-05,Friday,14,484,Thai,4.3,20,5,1,Routine,1
O004316,C0281,R0083,2025-09-20,Saturday,10,653,Healthy,4.3,36,5,0,Routine,0
O004317,C0281,R0068,2026-06-23,Tuesday,21,677,Thai,4.3,20,5,1,Routine,1
O004318,C0281,R0068,2026-06-03,Wednesday,20,472,Thai,4.3,20,3,1,Late Night,1
O004319,C0281,R0068,2025-10-18,Saturday,10,562,Thai,4.3,20,4,1,Date Night,1
O004320,C0281,R0068,2026-06-05,Friday,17,639,Thai,4.3,20,4,1,Late Night,1
O004321,C0281,R0035,2026-08-27,Thursday,13,289,Desserts,4.6,27,5,1,Friends,1
O004322,C0281,R0035,2026-06-03,Wednesday,17,274,Desserts,4.6,27,3,1,Routine,1
O004323,C0281,R0068,2026-06-13,Saturday,17,366,Thai,4.3,20,4,1,Date Night,1
O004324,C0281,R0068,2026-05-23,Saturday,21,481,Thai,4.3,20,2,1,Work Lunch,1
O004325,C0281,R0086,2025-12-20,Saturday,18,250,Italian,4.4,23,4,1,Work Lunch,1
O004326,C0281,R0060,2025-10-02,Thursday,8,418,Italian,4.3,43,4,1,Family,0
O004327,C0281,R0035,2026-01-17,Saturday,13,345,Desserts,4.6,27,4,1,Work Lunch,1
O004328,C0281,R0035,2025-09-14,Sunday,19,429,Desserts,4.6,27,5,1,Date Night,1
O004329,C0281,R0035,2026-04-14,Tuesday,21,333,Desserts,4.6,27,3,1,Family,1
O004330,C0281,R0086,2025-10-17,Friday,20,292,Italian,4.4,23,4,1,Routine,1
O004331,C0281,R0068,2025-09-18,Thursday,18,826,Thai,4.3,20,5,1,Routine,1
O004332,C0282,R0014,2026-06-19,Friday,10,613,Maharashtrian,4.1,35,4,0,Routine,1
O004333,C0282,R0078,2026-02-02,Monday,8,342,Biryani,3.7,15,4,0,Routine,0
O004334,C0282,R0096,2026-06-21,Sunday,22,424,Chinese,4.1,24,4,0,Friends,0
O004335,C0282,R0014,2026-05-30,Saturday,23,609,Maharashtrian,4.1,35,4,0,Movie Night,1
O004336,C0282,R0084,2025-12-14,Sunday,17,836,Desserts,4.1,32,5,0,Family,0
O004337,C0282,R0095,2026-07-19,Sunday,10,578,North Indian,3.8,25,3,1,Movie Night,0
O004338,C0282,R0098,2026-02-15,Sunday,12,810,Burgers,4.1,33,2,0,Routine,1
O004339,C0282,R0028,2026-01-17,Saturday,19,503,South Indian,4.2,38,5,1,Work Lunch,0
O004340,C0282,R0041,2026-04-19,Sunday,8,985,Biryani,4.5,30,3,0,Family,0
O004341,C0282,R0085,2025-11-01,Saturday,12,252,Desserts,3.4,26,4,1,Family,0
O004342,C0282,R0130,2026-05-30,Saturday,17,363,South Indian,4.1,26,4,0,Routine,1
O004343,C0282,R0026,2026-04-11,Saturday,10,641,Healthy,4.0,38,4,0,Routine,0
O004344,C0282,R0130,2025-09-06,Saturday,10,371,South Indian,4.1,26,4,0,Routine,1
O004345,C0282,R0098,2025-11-26,Wednesday,12,655,Burgers,4.1,33,4,0,Date Night,1
O004346,C0282,R0109,2026-05-11,Monday,21,1526,Desserts,4.3,29,4,0,Late Night,0
O004347,C0282,R0014,2025-11-16,Sunday,8,833,Maharashtrian,4.1,35,4,0,Work Lunch,1
O004348,C0283,R0125,2026-02-17,Tuesday,8,295,Pizza,3.8,29,2,0,Movie Night,0
O004349,C0283,R0111,2025-12-22,Monday,8,509,Desserts,3.6,21,5,1,Routine,0
O004350,C0283,R0132,2025-09-11,Thursday,19,688,Desserts,4.2,38,5,0,Family,0
O004351,C0283,R0027,2026-01-07,Wednesday,23,449,Maharashtrian,4.5,48,3,1,Routine,0
O004352,C0283,R0011,2026-03-27,Friday,18,305,Chinese,4.0,36,3,1,Routine,0
O004353,C0283,R0019,2025-10-28,Tuesday,20,407,Biryani,4.1,34,3,0,Routine,0
O004354,C0283,R0026,2026-05-24,Sunday,19,821,Healthy,4.0,38,4,1,Family,0
O004355,C0283,R0084,2026-06-19,Friday,9,654,Desserts,4.1,32,5,1,Routine,0
O004356,C0283,R0146,2025-11-01,Saturday,17,329,Chinese,3.2,28,5,0,Date Night,0
O004357,C0283,R0054,2025-09-13,Saturday,20,404,Chinese,3.6,34,4,0,Late Night,0
O004358,C0283,R0144,2025-10-19,Sunday,17,304,Burgers,4.2,23,3,0,Family,0
O004359,C0283,R0008,2026-07-20,Monday,10,704,Biryani,3.9,25,4,1,Movie Night,0
O004360,C0284,R0009,2025-11-12,Wednesday,21,422,Biryani,4.4,30,3,0,Work Lunch,1
O004361,C0284,R0051,2026-04-23,Thursday,22,604,Desserts,4.1,22,4,0,Movie Night,0
O004362,C0284,R0053,2026-08-12,Wednesday,19,259,Cafe,4.4,26,4,1,Late Night,0
O004363,C0284,R0063,2026-06-24,Wednesday,22,347,Pizza,4.2,32,5,0,Work Lunch,0
O004364,C0284,R0003,2026-07-15,Wednesday,8,277,Chinese,4.0,24,5,1,Work Lunch,0
O004365,C0284,R0146,2026-06-06,Saturday,23,293,Chinese,3.2,28,4,1,Friends,0
O004366,C0284,R0076,2026-02-02,Monday,19,496,Healthy,3.8,19,5,0,Late Night,1
O004367,C0284,R0113,2025-10-14,Tuesday,19,374,Healthy,4.2,42,4,0,Work Lunch,1
O004368,C0284,R0010,2026-01-12,Monday,17,358,Desserts,3.5,15,2,1,Routine,1
O004369,C0284,R0009,2025-09-27,Saturday,8,391,Biryani,4.4,30,3,0,Late Night,1
O004370,C0284,R0100,2026-06-30,Tuesday,19,270,Chinese,4.4,29,3,1,Routine,0
O004371,C0284,R0145,2025-12-23,Tuesday,12,915,South Indian,4.5,28,4,0,Work Lunch,1
O004372,C0284,R0076,2025-10-21,Tuesday,22,320,Healthy,3.8,19,4,1,Movie Night,1
O004373,C0284,R0145,2026-04-18,Saturday,9,729,South Indian,4.5,28,5,0,Late Night,1
O004374,C0284,R0135,2026-05-27,Wednesday,9,482,Desserts,4.2,31,3,0,Routine,0
O004375,C0284,R0010,2026-08-07,Friday,20,413,Desserts,3.5,15,5,0,Family,1
O004376,C0284,R0034,2026-03-10,Tuesday,22,441,Burgers,4.8,40,4,1,Routine,0
O004377,C0284,R0113,2026-05-16,Saturday,10,619,Healthy,4.2,42,5,0,Date Night,1
O004378,C0284,R0073,2026-02-07,Saturday,10,757,Maharashtrian,4.4,18,5,1,Late Night,1
O004379,C0284,R0057,2025-12-07,Sunday,21,222,Maharashtrian,4.6,32,4,1,Routine,0
O004380,C0284,R0065,2026-08-08,Saturday,8,834,Healthy,4.8,37,5,0,Routine,0
O004381,C0284,R0073,2025-12-15,Monday,14,742,Maharashtrian,4.4,18,4,0,Date Night,1
O004382,C0285,R0085,2026-01-22,Thursday,17,376,Desserts,3.4,26,5,0,Work Lunch,1
O004383,C0285,R0127,2026-04-18,Saturday,14,475,Pizza,4.4,34,5,0,Work Lunch,0
O004384,C0285,R0002,2026-06-23,Tuesday,20,252,Maharashtrian,4.4,29,5,0,Family,1
O004385,C0285,R0095,2026-01-25,Sunday,20,456,North Indian,3.8,25,5,0,Movie Night,1
O004386,C0285,R0064,2026-01-19,Monday,17,838,North Indian,3.9,53,5,0,Work Lunch,1
O004387,C0285,R0041,2025-11-16,Sunday,22,834,Biryani,4.5,30,4,0,Routine,1
O004388,C0285,R0095,2025-10-01,Wednesday,19,605,North Indian,3.8,25,5,1,Routine,1
O004389,C0285,R0004,2026-07-28,Tuesday,22,196,South Indian,4.4,43,3,1,Routine,1
O004390,C0285,R0106,2025-11-12,Wednesday,22,393,Healthy,4.3,46,3,0,Date Night,0
O004391,C0285,R0002,2025-10-18,Saturday,22,329,Maharashtrian,4.4,29,4,0,Family,1
O004392,C0285,R0039,2025-11-11,Tuesday,21,823,Biryani,3.7,28,4,1,Routine,1
O004393,C0285,R0078,2026-04-18,Saturday,20,384,Biryani,3.7,15,2,0,Late Night,1
O004394,C0285,R0045,2026-01-27,Tuesday,8,848,Maharashtrian,4.7,38,5,1,Routine,0
O004395,C0285,R0039,2026-03-21,Saturday,10,572,Biryani,3.7,28,4,0,Routine,1
O004396,C0285,R0115,2026-02-26,Thursday,19,608,Biryani,3.6,38,4,1,Movie Night,0
O004397,C0285,R0130,2026-05-14,Thursday,13,385,South Indian,4.1,26,5,1,Friends,1
O004398,C0285,R0121,2025-11-10,Monday,18,509,Italian,4.8,41,3,1,Routine,1
O004399,C0285,R0078,2026-03-04,Wednesday,21,332,Biryani,3.7,15,4,1,Late Night,1
O004400,C0285,R0121,2026-03-31,Tuesday,13,429,Italian,4.8,41,3,0,Routine,1
O004401,C0285,R0130,2025-12-24,Wednesday,14,395,South Indian,4.1,26,3,1,Late Night,1
O004402,C0285,R0054,2025-09-10,Wednesday,8,579,Chinese,3.6,34,3,0,Routine,0
O004403,C0285,R0028,2025-11-22,Saturday,20,441,South Indian,4.2,38,2,0,Routine,0
O004404,C0285,R0004,2026-06-15,Monday,10,244,South Indian,4.4,43,4,0,Family,1
O004405,C0285,R0064,2026-02-18,Wednesday,9,1062,North Indian,3.9,53,4,1,Family,1
O004406,C0285,R0130,2026-08-19,Wednesday,17,395,South Indian,4.1,26,5,1,Late Night,1
O004407,C0285,R0085,2026-07-20,Monday,10,264,Desserts,3.4,26,5,1,Date Night,1
O004408,C0285,R0097,2026-02-16,Monday,14,390,Chinese,4.9,24,4,1,Family,0
O004409,C0285,R0014,2026-01-26,Monday,21,808,Maharashtrian,4.1,35,5,1,Movie Night,0
O004410,C0285,R0015,2026-03-24,Tuesday,9,383,Healthy,4.3,15,3,0,Movie Night,0
O004411,C0285,R0064,2025-10-03,Friday,18,943,North Indian,3.9,53,3,1,Family,1
O004412,C0285,R0130,2025-12-23,Tuesday,8,309,South Indian,4.1,26,3,1,Routine,1
O004413,C0285,R0041,2026-03-30,Monday,8,868,Biryani,4.5,30,3,0,Routine,1
O004414,C0286,R0131,2025-11-06,Thursday,19,556,South Indian,4.4,28,3,1,Routine,1
O004415,C0286,R0043,2025-11-14,Friday,18,329,Pizza,4.3,15,2,1,Routine,1
O004416,C0286,R0147,2025-10-17,Friday,22,473,Biryani,3.9,17,5,1,Movie Night,1
O004417,C0286,R0131,2025-11-30,Sunday,12,503,South Indian,4.4,28,4,1,Late Night,1
O004418,C0286,R0141,2025-11-06,Thursday,20,710,Burgers,4.2,26,5,1,Friends,0
O004419,C0286,R0020,2026-07-20,Monday,17,909,Biryani,4.2,28,4,1,Routine,1
O004420,C0286,R0126,2025-10-17,Friday,10,672,Italian,4.1,21,3,1,Routine,1
O004421,C0286,R0092,2026-01-15,Thursday,19,1168,South Indian,4.5,15,4,1,Friends,0
O004422,C0286,R0049,2025-09-07,Sunday,18,306,Desserts,4.6,22,5,1,Friends,1
O004423,C0286,R0043,2026-04-12,Sunday,23,342,Pizza,4.3,15,5,1,Routine,1
O004424,C0286,R0126,2026-01-12,Monday,13,524,Italian,4.1,21,4,1,Work Lunch,1
O004425,C0286,R0138,2025-09-25,Thursday,13,1026,North Indian,4.6,22,5,1,Friends,1
O004426,C0286,R0020,2025-11-14,Friday,18,746,Biryani,4.2,28,4,1,Work Lunch,1
O004427,C0286,R0126,2025-12-23,Tuesday,21,473,Italian,4.1,21,4,1,Routine,1
O004428,C0286,R0021,2025-09-14,Sunday,9,517,Thai,4.1,34,2,1,Friends,0
O004429,C0286,R0020,2026-02-19,Thursday,12,781,Biryani,4.2,28,4,1,Routine,1
O004430,C0286,R0126,2026-05-15,Friday,22,538,Italian,4.1,21,3,1,Date Night,1
O004431,C0286,R0049,2026-07-19,Sunday,12,298,Desserts,4.6,22,5,0,Late Night,1
O004432,C0286,R0080,2026-02-07,Saturday,18,265,South Indian,4.7,27,3,1,Movie Night,0
O004433,C0286,R0079,2026-01-12,Monday,12,513,Chinese,4.1,36,5,0,Routine,1
O004434,C0286,R0131,2026-04-05,Sunday,9,679,South Indian,4.4,28,4,1,Work Lunch,1
O004435,C0286,R0090,2026-03-30,Monday,19,728,Maharashtrian,4.5,33,5,1,Routine,0
O004436,C0286,R0147,2026-02-11,Wednesday,23,323,Biryani,3.9,17,5,1,Routine,1
O004437,C0286,R0079,2026-08-15,Saturday,10,537,Chinese,4.1,36,3,0,Movie Night,1
O004438,C0286,R0138,2026-08-10,Monday,10,1173,North Indian,4.6,22,5,1,Work Lunch,1
O004439,C0287,R0126,2025-09-03,Wednesday,19,574,Italian,4.1,21,5,0,Work Lunch,0
O004440,C0287,R0079,2026-04-04,Saturday,22,589,Chinese,4.1,36,3,1,Date Night,0
O004441,C0287,R0043,2026-02-28,Saturday,22,375,Pizza,4.3,15,5,1,Date Night,0
O004442,C0287,R0090,2025-11-19,Wednesday,10,585,Maharashtrian,4.5,33,4,1,Routine,0
O004443,C0287,R0131,2025-10-11,Saturday,20,732,South Indian,4.4,28,3,1,Movie Night,1
O004444,C0287,R0080,2026-03-30,Monday,19,629,South Indian,4.7,27,5,1,Work Lunch,0
O004445,C0287,R0141,2026-01-18,Sunday,23,568,Burgers,4.2,26,2,0,Friends,0
O004446,C0287,R0138,2026-05-02,Saturday,18,759,North Indian,4.6,22,3,0,Movie Night,1
O004447,C0287,R0138,2026-08-07,Friday,10,1104,North Indian,4.6,22,4,0,Family,1
O004448,C0287,R0147,2026-07-26,Sunday,12,559,Biryani,3.9,17,4,1,Work Lunch,0
O004449,C0287,R0049,2025-09-20,Saturday,17,419,Desserts,4.6,22,5,1,Late Night,0
O004450,C0287,R0131,2025-10-27,Monday,23,735,South Indian,4.4,28,3,1,Family,1
O004451,C0288,R0048,2026-05-16,Saturday,20,213,Cafe,4.6,29,5,1,Work Lunch,1
O004452,C0288,R0072,2026-02-03,Tuesday,10,254,Cafe,4.4,19,3,0,Routine,1
O004453,C0288,R0033,2026-02-09,Monday,13,282,Cafe,4.2,33,4,1,Date Night,0
O004454,C0288,R0048,2026-02-06,Friday,8,263,Cafe,4.6,29,4,1,Routine,1
O004455,C0288,R0122,2026-04-04,Saturday,22,331,North Indian,4.0,35,5,1,Date Night,1
O004456,C0288,R0066,2026-06-09,Tuesday,10,844,Pizza,4.3,30,5,0,Late Night,0
O004457,C0288,R0112,2025-11-18,Tuesday,9,270,Thai,4.2,34,4,0,Routine,1
O004458,C0288,R0112,2026-07-25,Saturday,17,236,Thai,4.2,34,3,1,Movie Night,1
O004459,C0288,R0122,2026-07-08,Wednesday,22,334,North Indian,4.0,35,5,1,Date Night,1
O004460,C0288,R0111,2025-11-24,Monday,14,510,Desserts,3.6,21,4,0,Routine,0
O004461,C0288,R0005,2025-11-29,Saturday,8,558,Pizza,4.0,36,3,0,Late Night,1
O004462,C0288,R0122,2026-08-05,Wednesday,22,260,North Indian,4.0,35,2,0,Routine,1
O004463,C0288,R0027,2026-01-24,Saturday,21,334,Maharashtrian,4.5,48,4,1,Date Night,0
O004464,C0288,R0008,2025-11-04,Tuesday,9,532,Biryani,3.9,25,5,0,Friends,1
O004465,C0288,R0008,2026-07-12,Sunday,18,311,Biryani,3.9,25,5,1,Date Night,1
O004466,C0288,R0044,2026-06-08,Monday,19,321,Thai,4.2,17,5,1,Routine,0
O004467,C0288,R0072,2025-11-16,Sunday,18,290,Cafe,4.4,19,5,1,Routine,1
O004468,C0288,R0048,2026-08-10,Monday,17,347,Cafe,4.6,29,4,1,Routine,1
O004469,C0288,R0005,2025-12-26,Friday,14,609,Pizza,4.0,36,5,0,Friends,1
O004470,C0288,R0056,2026-01-27,Tuesday,19,600,Biryani,3.8,49,4,1,Movie Night,0
O004471,C0288,R0048,2026-05-17,Sunday,23,172,Cafe,4.6,29,5,0,Routine,1
O004472,C0289,R0089,2025-10-05,Sunday,19,458,Chinese,3.9,30,5,1,Family,0
O004473,C0289,R0060,2026-06-29,Monday,23,357,Italian,4.3,43,5,1,Work Lunch,0
O004474,C0289,R0037,2025-09-13,Saturday,17,321,Maharashtrian,4.6,45,3,0,Work Lunch,0
O004475,C0289,R0083,2025-09-11,Thursday,14,505,Healthy,4.3,36,5,1,Movie Night,0
O004476,C0289,R0086,2025-10-23,Thursday,8,213,Italian,4.4,23,4,1,Routine,0
O004477,C0289,R0035,2025-11-23,Sunday,14,482,Desserts,4.6,27,5,1,Routine,1
O004478,C0289,R0035,2026-08-04,Tuesday,22,659,Desserts,4.6,27,4,1,Routine,1
O004479,C0290,R0100,2025-12-06,Saturday,12,157,Chinese,4.4,29,3,0,Movie Night,0
O004480,C0290,R0013,2025-11-01,Saturday,22,1298,South Indian,4.1,44,5,1,Work Lunch,0
O004481,C0290,R0029,2026-02-08,Sunday,20,944,Chinese,4.3,43,4,1,Date Night,0
O004482,C0290,R0051,2026-05-30,Saturday,17,584,Desserts,4.1,22,3,0,Routine,1
O004483,C0290,R0148,2026-01-02,Friday,18,357,Burgers,3.8,32,4,1,Routine,0
O004484,C0290,R0134,2026-07-27,Monday,19,808,Maharashtrian,4.3,28,4,0,Work Lunch,1
O004485,C0290,R0087,2025-10-01,Wednesday,12,769,Cafe,4.3,36,4,1,Routine,0
O004486,C0290,R0051,2026-08-25,Tuesday,12,573,Desserts,4.1,22,4,1,Routine,1
O004487,C0290,R0010,2026-04-18,Saturday,19,446,Desserts,3.5,15,5,1,Movie Night,1
O004488,C0290,R0146,2026-07-17,Friday,20,348,Chinese,3.2,28,5,0,Movie Night,0
O004489,C0290,R0145,2025-09-27,Saturday,9,1002,South Indian,4.5,28,4,0,Routine,0
O004490,C0290,R0010,2026-01-21,Wednesday,8,296,Desserts,3.5,15,3,1,Late Night,1
O004491,C0290,R0135,2025-12-18,Thursday,13,535,Desserts,4.2,31,4,1,Movie Night,1
O004492,C0290,R0069,2026-05-03,Sunday,9,720,South Indian,4.4,30,4,0,Routine,0
O004493,C0290,R0055,2026-08-21,Friday,18,742,Biryani,3.6,31,5,1,Date Night,1
O004494,C0290,R0134,2026-06-30,Tuesday,18,744,Maharashtrian,4.3,28,4,0,Date Night,1
O004495,C0290,R0101,2026-06-13,Saturday,17,442,Chinese,4.2,27,4,0,Routine,0
O004496,C0290,R0135,2025-10-25,Saturday,21,656,Desserts,4.2,31,3,1,Date Night,1
O004497,C0290,R0010,2025-11-20,Thursday,23,431,Desserts,3.5,15,2,0,Late Night,1
O004498,C0290,R0055,2026-03-02,Monday,21,962,Biryani,3.6,31,4,1,Friends,1
O004499,C0290,R0055,2025-09-28,Sunday,22,1002,Biryani,3.6,31,5,0,Family,1
O004500,C0290,R0055,2025-10-22,Wednesday,20,989,Biryani,3.6,31,5,1,Friends,1
O004501,C0290,R0075,2026-07-24,Friday,18,342,South Indian,4.2,43,4,0,Movie Night,0
O004502,C0290,R0051,2026-02-17,Tuesday,14,629,Desserts,4.1,22,4,0,Late Night,1
O004503,C0291,R0135,2026-07-20,Monday,9,565,Desserts,4.2,31,1,1,Routine,0
O004504,C0291,R0051,2026-04-14,Tuesday,14,695,Desserts,4.1,22,4,0,Routine,0
O004505,C0291,R0149,2026-05-31,Sunday,10,246,North Indian,4.7,34,4,1,Friends,0
O004506,C0291,R0120,2025-09-13,Saturday,18,453,Biryani,4.0,39,3,1,Late Night,0
O004507,C0291,R0013,2026-06-14,Sunday,19,770,South Indian,4.1,44,5,1,Friends,0
O004508,C0291,R0069,2026-04-17,Friday,19,649,South Indian,4.4,30,4,1,Date Night,0
O004509,C0292,R0041,2026-05-01,Friday,10,896,Biryani,4.5,30,4,0,Date Night,0
O004510,C0292,R0028,2026-07-05,Sunday,23,362,South Indian,4.2,38,4,1,Routine,1
O004511,C0292,R0098,2025-12-27,Saturday,18,648,Burgers,4.1,33,5,0,Routine,0
O004512,C0292,R0085,2026-04-02,Thursday,9,333,Desserts,3.4,26,2,1,Work Lunch,1
O004513,C0292,R0096,2026-06-11,Thursday,22,535,Chinese,4.1,24,3,1,Family,1
O004514,C0292,R0102,2026-07-14,Tuesday,18,949,Cafe,3.7,34,4,1,Late Night,1
O004515,C0292,R0102,2025-11-20,Thursday,10,969,Cafe,3.7,34,3,0,Movie Night,1
O004516,C0292,R0004,2026-08-14,Friday,20,256,South Indian,4.4,43,5,0,Movie Night,0
O004517,C0292,R0109,2026-06-30,Tuesday,21,1089,Desserts,4.3,29,4,1,Late Night,0
O004518,C0292,R0085,2026-01-08,Thursday,18,319,Desserts,3.4,26,5,0,Work Lunch,1
O004519,C0292,R0064,2025-11-02,Sunday,19,1090,North Indian,3.9,53,4,0,Routine,0
O004520,C0292,R0085,2026-02-22,Sunday,12,256,Desserts,3.4,26,2,0,Routine,1
O004521,C0292,R0096,2026-04-04,Saturday,19,396,Chinese,4.1,24,4,0,Movie Night,1
O004522,C0292,R0017,2025-09-05,Friday,10,214,Chinese,4.4,65,3,1,Date Night,0
O004523,C0292,R0078,2026-06-09,Tuesday,8,338,Biryani,3.7,15,4,0,Friends,1
O004524,C0292,R0054,2026-06-10,Wednesday,14,518,Chinese,3.6,34,5,0,Date Night,0
O004525,C0292,R0062,2026-04-28,Tuesday,19,379,Maharashtrian,3.7,23,3,1,Routine,1
O004526,C0292,R0014,2025-11-27,Thursday,21,606,Maharashtrian,4.1,35,3,0,Routine,0
O004527,C0292,R0026,2026-01-30,Friday,12,589,Healthy,4.0,38,4,0,Date Night,1
O004528,C0292,R0026,2025-11-10,Monday,12,692,Healthy,4.0,38,3,0,Movie Night,1
O004529,C0292,R0062,2025-12-06,Saturday,10,369,Maharashtrian,3.7,23,3,0,Late Night,1
O004530,C0292,R0117,2025-11-03,Monday,17,605,Italian,3.9,43,4,0,Family,0
O004531,C0292,R0028,2026-03-17,Tuesday,20,726,South Indian,4.2,38,4,0,Friends,1
O004532,C0292,R0078,2026-03-16,Monday,19,182,Biryani,3.7,15,4,0,Work Lunch,1
O004533,C0292,R0045,2026-04-23,Thursday,13,1052,Maharashtrian,4.7,38,3,0,Work Lunch,0
O004534,C0293,R0125,2026-05-01,Friday,8,327,Pizza,3.8,29,4,1,Work Lunch,0
O004535,C0293,R0067,2026-04-16,Thursday,21,352,Cafe,3.9,32,4,1,Friends,0
O004536,C0293,R0110,2025-10-05,Sunday,17,397,Italian,4.7,33,4,1,Family,1
O004537,C0293,R0031,2025-11-01,Saturday,12,460,Italian,4.2,31,5,1,Family,0
O004538,C0293,R0119,2026-03-07,Saturday,22,402,Desserts,4.2,37,3,1,Date Night,1
O004539,C0293,R0099,2025-11-13,Thursday,9,236,North Indian,3.8,28,4,0,Routine,1
O004540,C0293,R0032,2025-10-31,Friday,17,448,Italian,4.3,34,3,1,Movie Night,1
O004541,C0293,R0077,2025-11-15,Saturday,17,1024,Maharashtrian,4.0,41,4,1,Routine,1
O004542,C0293,R0110,2026-05-05,Tuesday,8,376,Italian,4.7,33,2,1,Routine,1
O004543,C0293,R0006,2026-03-07,Saturday,8,489,Chinese,3.5,26,4,1,Late Night,0
O004544,C0293,R0107,2026-07-31,Friday,19,319,Healthy,4.0,48,5,0,Date Night,0
O004545,C0293,R0099,2025-11-21,Friday,13,246,North Indian,3.8,28,3,0,Movie Night,1
O004546,C0293,R0032,2026-08-27,Thursday,22,604,Italian,4.3,34,5,1,Friends,1
O004547,C0293,R0119,2026-07-16,Thursday,19,351,Desserts,4.2,37,5,1,Movie Night,1
O004548,C0293,R0032,2026-06-24,Wednesday,10,702,Italian,4.3,34,5,1,Routine,1
O004549,C0293,R0032,2026-01-29,Thursday,19,497,Italian,4.3,34,4,1,Routine,1
O004550,C0293,R0077,2025-09-14,Sunday,8,619,Maharashtrian,4.0,41,5,1,Routine,1
O004551,C0294,R0130,2025-10-26,Sunday,22,278,South Indian,4.1,26,3,0,Work Lunch,0
O004552,C0294,R0028,2025-10-10,Friday,8,465,South Indian,4.2,38,4,0,Routine,0
O004553,C0294,R0084,2025-12-28,Sunday,8,476,Desserts,4.1,32,4,0,Routine,0
O004554,C0294,R0102,2026-03-09,Monday,9,746,Cafe,3.7,34,4,0,Work Lunch,0
O004555,C0294,R0002,2026-03-07,Saturday,23,294,Maharashtrian,4.4,29,5,0,Date Night,0
O004556,C0294,R0121,2026-06-10,Wednesday,17,209,Italian,4.8,41,5,0,Friends,0
O004557,C0294,R0054,2026-03-27,Friday,22,519,Chinese,3.6,34,4,0,Date Night,0
O004558,C0294,R0117,2025-12-29,Monday,21,526,Italian,3.9,43,3,0,Movie Night,0
O004559,C0295,R0018,2026-07-13,Monday,14,247,Pizza,3.5,47,4,0,Routine,0
O004560,C0295,R0068,2026-06-10,Wednesday,9,429,Thai,4.3,20,4,1,Routine,1
O004561,C0295,R0086,2026-02-15,Sunday,8,199,Italian,4.4,23,3,1,Movie Night,1
O004562,C0295,R0060,2026-01-21,Wednesday,18,424,Italian,4.3,43,4,0,Work Lunch,1
O004563,C0295,R0035,2025-11-20,Thursday,18,271,Desserts,4.6,27,3,1,Family,1
O004564,C0295,R0068,2026-06-28,Sunday,23,480,Thai,4.3,20,5,0,Work Lunch,1
O004565,C0295,R0060,2025-11-03,Monday,14,430,Italian,4.3,43,4,1,Work Lunch,1
O004566,C0295,R0035,2026-06-11,Thursday,14,456,Desserts,4.6,27,3,0,Routine,1
O004567,C0295,R0037,2025-10-28,Tuesday,10,396,Maharashtrian,4.6,45,4,0,Family,1
O004568,C0295,R0037,2025-10-11,Saturday,18,331,Maharashtrian,4.6,45,5,1,Movie Night,1
O004569,C0295,R0114,2026-02-17,Tuesday,23,204,Chinese,3.6,33,3,0,Routine,0
O004570,C0295,R0089,2025-12-30,Tuesday,20,367,Chinese,3.9,30,2,0,Work Lunch,0
O004571,C0295,R0086,2026-06-17,Wednesday,18,239,Italian,4.4,23,3,0,Family,1
O004572,C0295,R0094,2026-02-23,Monday,14,416,Italian,4.4,42,5,0,Routine,1
O004573,C0295,R0086,2026-03-13,Friday,21,146,Italian,4.4,23,4,1,Routine,1
O004574,C0295,R0094,2026-08-11,Tuesday,23,341,Italian,4.4,42,4,0,Family,1
O004575,C0296,R0098,2025-11-23,Sunday,12,613,Burgers,4.1,33,3,1,Friends,0
O004576,C0296,R0026,2025-09-11,Thursday,10,575,Healthy,4.0,38,5,0,Routine,0
O004577,C0296,R0078,2026-01-29,Thursday,17,294,Biryani,3.7,15,4,1,Date Night,1
O004578,C0296,R0121,2026-03-10,Tuesday,23,320,Italian,4.8,41,5,1,Routine,0
O004579,C0296,R0078,2026-04-26,Sunday,18,285,Biryani,3.7,15,3,1,Routine,1
O004580,C0296,R0015,2026-03-04,Wednesday,9,279,Healthy,4.3,15,4,1,Work Lunch,1
O004581,C0296,R0096,2025-09-15,Monday,18,576,Chinese,4.1,24,3,1,Routine,0
O004582,C0296,R0095,2026-05-16,Saturday,18,391,North Indian,3.8,25,4,1,Routine,0
O004583,C0296,R0002,2026-03-17,Tuesday,23,248,Maharashtrian,4.4,29,4,1,Routine,0
O004584,C0296,R0014,2026-08-01,Saturday,18,583,Maharashtrian,4.1,35,3,1,Family,0
O004585,C0296,R0015,2026-07-27,Monday,23,289,Healthy,4.3,15,4,0,Routine,1
O004586,C0296,R0015,2026-08-08,Saturday,22,269,Healthy,4.3,15,2,1,Routine,1
O004587,C0297,R0101,2025-10-22,Wednesday,18,477,Chinese,4.2,27,4,1,Routine,1
O004588,C0297,R0145,2025-12-27,Saturday,19,780,South Indian,4.5,28,5,1,Routine,1
O004589,C0297,R0101,2025-12-06,Saturday,18,405,Chinese,4.2,27,4,1,Routine,1
O004590,C0297,R0150,2025-10-09,Thursday,13,724,Maharashtrian,4.0,36,2,1,Family,1
O004591,C0297,R0011,2026-02-15,Sunday,22,448,Chinese,4.0,36,5,0,Work Lunch,1
O004592,C0297,R0069,2025-12-03,Wednesday,17,535,South Indian,4.4,30,5,0,Routine,0
O004593,C0297,R0150,2026-06-17,Wednesday,10,633,Maharashtrian,4.0,36,3,1,Routine,1
O004594,C0297,R0065,2026-03-22,Sunday,21,933,Healthy,4.8,37,3,1,Family,1
O004595,C0297,R0118,2025-11-16,Sunday,18,405,Chinese,4.6,37,5,1,Routine,0
O004596,C0297,R0003,2026-05-24,Sunday,13,257,Chinese,4.0,24,4,0,Late Night,1
O004597,C0297,R0113,2026-04-19,Sunday,17,440,Healthy,4.2,42,3,0,Work Lunch,0
O004598,C0297,R0148,2025-11-10,Monday,8,372,Burgers,3.8,32,4,1,Work Lunch,0
O004599,C0297,R0065,2026-03-14,Saturday,21,965,Healthy,4.8,37,5,0,Routine,1
O004600,C0297,R0003,2026-05-04,Monday,9,245,Chinese,4.0,24,4,1,Movie Night,1
O004601,C0297,R0003,2026-08-29,Saturday,12,273,Chinese,4.0,24,4,1,Late Night,1
O004602,C0297,R0145,2025-12-17,Wednesday,22,765,South Indian,4.5,28,4,1,Family,1
O004603,C0297,R0116,2026-03-26,Thursday,18,377,Maharashtrian,4.2,35,2,0,Work Lunch,0
O004604,C0297,R0011,2025-11-11,Tuesday,14,265,Chinese,4.0,36,4,1,Family,1
O004605,C0297,R0009,2025-12-22,Monday,19,368,Biryani,4.4,30,4,0,Work Lunch,0
O004606,C0297,R0134,2026-05-18,Monday,18,1189,Maharashtrian,4.3,28,5,1,Family,0
O004607,C0297,R0135,2026-03-29,Sunday,21,616,Desserts,4.2,31,5,1,Friends,0
O004608,C0297,R0013,2026-01-14,Wednesday,19,1053,South Indian,4.1,44,4,1,Movie Night,0
O004609,C0297,R0057,2026-05-27,Wednesday,17,195,Maharashtrian,4.6,32,3,1,Family,0
O004610,C0297,R0120,2025-12-30,Tuesday,10,501,Biryani,4.0,39,4,0,Routine,0
O004611,C0297,R0076,2026-02-20,Friday,23,561,Healthy,3.8,19,4,0,Work Lunch,0
O004612,C0297,R0149,2025-12-31,Wednesday,13,367,North Indian,4.7,34,3,0,Routine,0
O004613,C0298,R0115,2025-09-15,Monday,21,734,Biryani,3.6,38,4,0,Family,1
O004614,C0298,R0078,2026-07-08,Wednesday,23,355,Biryani,3.7,15,3,0,Routine,0
O004615,C0298,R0096,2025-12-13,Saturday,20,618,Chinese,4.1,24,3,0,Work Lunch,0
O004616,C0298,R0109,2025-10-14,Tuesday,14,1211,Desserts,4.3,29,4,1,Family,0
O004617,C0298,R0117,2026-04-20,Monday,17,649,Italian,3.9,43,5,0,Late Night,0
O004618,C0298,R0102,2025-09-06,Saturday,14,712,Cafe,3.7,34,5,0,Routine,0
O004619,C0298,R0017,2026-08-03,Monday,22,299,Chinese,4.4,65,2,0,Routine,0
O004620,C0298,R0115,2026-04-20,Monday,8,587,Biryani,3.6,38,5,0,Friends,1
O004621,C0298,R0095,2026-05-16,Saturday,20,454,North Indian,3.8,25,5,1,Movie Night,0
O004622,C0299,R0068,2026-05-15,Friday,22,347,Thai,4.3,20,5,0,Routine,1
O004623,C0299,R0012,2026-01-10,Saturday,10,326,Pizza,3.3,27,5,0,Work Lunch,1
O004624,C0299,R0089,2025-10-11,Saturday,20,309,Chinese,3.9,30,4,1,Friends,1
O004625,C0299,R0060,2025-09-16,Tuesday,12,275,Italian,4.3,43,4,0,Movie Night,0
O004626,C0299,R0089,2026-05-29,Friday,13,385,Chinese,3.9,30,4,0,Routine,1
O004627,C0299,R0114,2025-12-03,Wednesday,18,320,Chinese,3.6,33,3,0,Routine,1
O004628,C0299,R0114,2026-03-27,Friday,22,218,Chinese,3.6,33,5,0,Movie Night,1
O004629,C0299,R0089,2026-04-23,Thursday,22,404,Chinese,3.9,30,2,0,Routine,1
O004630,C0299,R0012,2025-10-02,Thursday,22,385,Pizza,3.3,27,4,1,Routine,1
O004631,C0299,R0094,2026-07-28,Tuesday,10,256,Italian,4.4,42,5,0,Work Lunch,0
O004632,C0299,R0012,2025-10-26,Sunday,23,304,Pizza,3.3,27,5,0,Routine,1
O004633,C0299,R0089,2026-04-27,Monday,14,494,Chinese,3.9,30,5,0,Friends,1
O004634,C0299,R0018,2026-05-10,Sunday,17,214,Pizza,3.5,47,4,0,Family,1
O004635,C0299,R0068,2026-05-11,Monday,9,299,Thai,4.3,20,3,0,Work Lunch,1
O004636,C0299,R0012,2025-10-01,Wednesday,23,405,Pizza,3.3,27,3,1,Routine,1
O004637,C0299,R0086,2026-07-14,Tuesday,19,259,Italian,4.4,23,4,1,Work Lunch,0
O004638,C0299,R0012,2026-01-27,Tuesday,13,244,Pizza,3.3,27,5,0,Movie Night,1
O004639,C0299,R0035,2026-03-27,Friday,20,378,Desserts,4.6,27,4,0,Family,1
O004640,C0299,R0089,2025-09-18,Thursday,14,356,Chinese,3.9,30,3,0,Routine,1
O004641,C0299,R0083,2025-10-25,Saturday,17,437,Healthy,4.3,36,3,0,Late Night,1
O004642,C0299,R0012,2025-09-06,Saturday,12,306,Pizza,3.3,27,3,0,Family,1
O004643,C0299,R0035,2025-12-02,Tuesday,10,282,Desserts,4.6,27,3,1,Routine,1
O004644,C0299,R0012,2025-12-03,Wednesday,22,435,Pizza,3.3,27,4,0,Work Lunch,1
O004645,C0299,R0083,2026-06-20,Saturday,23,712,Healthy,4.3,36,3,0,Family,1
O004646,C0299,R0114,2025-10-20,Monday,13,281,Chinese,3.6,33,4,0,Routine,1
O004647,C0299,R0068,2026-03-24,Tuesday,13,483,Thai,4.3,20,3,1,Work Lunch,1
O004648,C0299,R0018,2025-10-11,Saturday,8,312,Pizza,3.5,47,5,0,Work Lunch,1
O004649,C0299,R0018,2025-09-14,Sunday,9,273,Pizza,3.5,47,4,1,Work Lunch,1
O004650,C0300,R0080,2025-09-11,Thursday,12,527,South Indian,4.7,27,4,1,Date Night,1
O004651,C0300,R0080,2025-10-13,Monday,17,503,South Indian,4.7,27,4,1,Late Night,1
O004652,C0300,R0090,2026-04-18,Saturday,23,893,Maharashtrian,4.5,33,5,0,Routine,0
O004653,C0300,R0092,2026-02-24,Tuesday,21,1046,South Indian,4.5,15,5,1,Routine,0
O004654,C0300,R0131,2025-09-18,Thursday,13,484,South Indian,4.4,28,3,1,Family,0
O004655,C0300,R0080,2025-12-17,Wednesday,10,524,South Indian,4.7,27,5,0,Work Lunch,1
O004656,C0300,R0080,2026-04-24,Friday,10,442,South Indian,4.7,27,5,1,Routine,1
O004657,C0300,R0138,2026-01-23,Friday,17,1406,North Indian,4.6,22,4,0,Family,1
O004658,C0300,R0138,2025-10-29,Wednesday,23,532,North Indian,4.6,22,3,1,Work Lunch,1
O004659,C0300,R0049,2026-06-17,Wednesday,13,442,Desserts,4.6,22,2,0,Date Night,0
O004660,C0300,R0080,2026-04-11,Saturday,12,688,South Indian,4.7,27,5,0,Movie Night,1
O004661,C0300,R0138,2025-09-04,Thursday,19,1183,North Indian,4.6,22,5,1,Routine,1
O004662,C0301,R0015,2026-06-17,Wednesday,8,305,Healthy,4.3,15,5,1,Date Night,1
O004663,C0301,R0109,2026-02-15,Sunday,13,1099,Desserts,4.3,29,4,1,Routine,1
O004664,C0301,R0064,2026-02-28,Saturday,20,1220,North Indian,3.9,53,3,0,Friends,1
O004665,C0301,R0109,2026-06-10,Wednesday,14,958,Desserts,4.3,29,4,0,Routine,1
O004666,C0301,R0041,2026-07-08,Wednesday,12,759,Biryani,4.5,30,4,1,Friends,1
O004667,C0301,R0041,2025-12-26,Friday,10,1054,Biryani,4.5,30,4,1,Work Lunch,1
O004668,C0301,R0041,2025-11-21,Friday,23,954,Biryani,4.5,30,4,1,Work Lunch,1
O004669,C0301,R0095,2026-06-05,Friday,9,497,North Indian,3.8,25,5,1,Routine,1
O004670,C0301,R0109,2026-06-22,Monday,9,995,Desserts,4.3,29,4,1,Movie Night,1
O004671,C0301,R0078,2025-12-24,Wednesday,14,315,Biryani,3.7,15,4,0,Friends,0
O004672,C0301,R0064,2026-02-01,Sunday,23,866,North Indian,3.9,53,3,1,Family,1
O004673,C0301,R0130,2026-04-09,Thursday,8,267,South Indian,4.1,26,5,1,Routine,0
O004674,C0301,R0015,2026-04-10,Friday,22,256,Healthy,4.3,15,5,1,Work Lunch,1
O004675,C0301,R0084,2026-03-23,Monday,21,649,Desserts,4.1,32,5,1,Routine,0
O004676,C0301,R0064,2025-11-28,Friday,18,954,North Indian,3.9,53,4,1,Movie Night,1
O004677,C0301,R0015,2026-06-12,Friday,21,244,Healthy,4.3,15,2,1,Routine,1
O004678,C0301,R0041,2025-12-16,Tuesday,20,579,Biryani,4.5,30,5,1,Work Lunch,1
O004679,C0301,R0002,2026-07-18,Saturday,22,296,Maharashtrian,4.4,29,4,1,Friends,0
O004680,C0301,R0117,2026-03-12,Thursday,8,456,Italian,3.9,43,4,1,Work Lunch,0
O004681,C0301,R0095,2025-09-02,Tuesday,19,535,North Indian,3.8,25,5,1,Movie Night,1
O004682,C0302,R0089,2026-04-12,Sunday,13,454,Chinese,3.9,30,4,0,Date Night,0
O004683,C0302,R0012,2026-04-04,Saturday,22,401,Pizza,3.3,27,4,0,Work Lunch,1
O004684,C0302,R0060,2026-03-07,Saturday,23,328,Italian,4.3,43,3,1,Work Lunch,0
O004685,C0302,R0018,2025-09-13,Saturday,10,323,Pizza,3.5,47,4,0,Routine,1
O004686,C0302,R0035,2025-09-07,Sunday,21,334,Desserts,4.6,27,4,0,Friends,1
O004687,C0302,R0068,2025-10-24,Friday,20,662,Thai,4.3,20,3,0,Late Night,1
O004688,C0302,R0012,2025-11-28,Friday,20,337,Pizza,3.3,27,5,0,Routine,1
O004689,C0302,R0068,2025-12-06,Saturday,23,627,Thai,4.3,20,4,0,Routine,1
O004690,C0302,R0035,2026-03-11,Wednesday,23,389,Desserts,4.6,27,4,0,Movie Night,1
O004691,C0302,R0083,2026-02-02,Monday,12,605,Healthy,4.3,36,4,1,Family,0
O004692,C0302,R0018,2026-01-23,Friday,13,202,Pizza,3.5,47,5,0,Family,1
O004693,C0302,R0086,2025-09-19,Friday,20,206,Italian,4.4,23,5,0,Routine,0
O004694,C0302,R0068,2025-11-21,Friday,14,642,Thai,4.3,20,4,0,Late Night,1
O004695,C0302,R0114,2026-01-06,Tuesday,12,276,Chinese,3.6,33,5,0,Routine,0
O004696,C0302,R0094,2025-11-26,Wednesday,12,470,Italian,4.4,42,4,1,Work Lunch,0
O004697,C0302,R0035,2025-09-22,Monday,10,419,Desserts,4.6,27,4,1,Date Night,1
O004698,C0303,R0015,2026-08-01,Saturday,23,298,Healthy,4.3,15,3,0,Routine,1
O004699,C0303,R0117,2025-10-02,Thursday,9,528,Italian,3.9,43,5,0,Family,1
O004700,C0303,R0045,2025-12-26,Friday,14,1095,Maharashtrian,4.7,38,4,0,Routine,0
O004701,C0303,R0102,2026-08-17,Monday,8,645,Cafe,3.7,34,4,0,Routine,0
O004702,C0303,R0117,2026-03-28,Saturday,20,691,Italian,3.9,43,5,1,Family,1
O004703,C0303,R0121,2026-06-12,Friday,23,508,Italian,4.8,41,5,1,Family,1
O004704,C0303,R0015,2026-08-23,Sunday,23,400,Healthy,4.3,15,4,1,Routine,1
O004705,C0303,R0121,2025-12-10,Wednesday,23,378,Italian,4.8,41,5,0,Date Night,1
O004706,C0303,R0028,2025-12-09,Tuesday,10,496,South Indian,4.2,38,4,1,Routine,0
O004707,C0303,R0106,2026-01-06,Tuesday,17,230,Healthy,4.3,46,4,0,Movie Night,0
O004708,C0304,R0001,2026-07-02,Thursday,17,267,South Indian,3.9,38,4,1,Routine,1
O004709,C0304,R0051,2026-06-04,Thursday,8,638,Desserts,4.1,22,5,1,Routine,0
O004710,C0304,R0011,2026-06-04,Thursday,21,364,Chinese,4.0,36,4,1,Routine,0
O004711,C0304,R0113,2025-11-05,Wednesday,23,602,Healthy,4.2,42,3,1,Routine,0
O004712,C0304,R0116,2026-01-18,Sunday,9,334,Maharashtrian,4.2,35,4,0,Routine,1
O004713,C0304,R0146,2026-06-25,Thursday,8,317,Chinese,3.2,28,3,1,Work Lunch,0
O004714,C0304,R0148,2026-02-19,Thursday,23,344,Burgers,3.8,32,2,0,Family,1
O004715,C0304,R0116,2026-02-09,Monday,20,347,Maharashtrian,4.2,35,5,1,Family,1
O004716,C0304,R0001,2025-11-09,Sunday,8,238,South Indian,3.9,38,4,0,Routine,1
O004717,C0304,R0057,2026-01-04,Sunday,18,257,Maharashtrian,4.6,32,4,1,Work Lunch,0
O004718,C0304,R0087,2025-10-10,Friday,18,757,Cafe,4.3,36,3,1,Work Lunch,0
O004719,C0304,R0076,2026-06-30,Tuesday,14,393,Healthy,3.8,19,2,0,Routine,0
O004720,C0304,R0101,2025-10-05,Sunday,8,319,Chinese,4.2,27,4,0,Work Lunch,0
O004721,C0304,R0148,2026-07-03,Friday,23,285,Burgers,3.8,32,4,1,Movie Night,1
O004722,C0304,R0145,2026-07-27,Monday,9,632,South Indian,4.5,28,5,1,Family,0
O004723,C0304,R0010,2026-04-19,Sunday,14,241,Desserts,3.5,15,3,1,Friends,0
O004724,C0304,R0034,2025-10-22,Wednesday,20,539,Burgers,4.8,40,4,1,Routine,0
O004725,C0305,R0077,2026-03-23,Monday,18,996,Maharashtrian,4.0,41,4,0,Routine,1
O004726,C0305,R0032,2025-12-28,Sunday,9,571,Italian,4.3,34,4,0,Work Lunch,1
O004727,C0305,R0119,2025-12-29,Monday,22,509,Desserts,4.2,37,3,0,Work Lunch,0
O004728,C0305,R0031,2026-04-06,Monday,13,448,Italian,4.2,31,4,0,Work Lunch,1
O004729,C0305,R0093,2025-11-18,Tuesday,21,319,Pizza,4.7,28,4,0,Movie Night,0
O004730,C0305,R0070,2026-07-21,Tuesday,17,243,Cafe,3.6,24,3,0,Routine,0
O004731,C0305,R0110,2025-10-24,Friday,10,233,Italian,4.7,33,3,0,Friends,1
O004732,C0305,R0133,2026-07-16,Thursday,17,570,Chinese,3.6,43,3,0,Routine,0
O004733,C0305,R0136,2025-12-28,Sunday,8,398,Chinese,3.6,45,5,0,Routine,0
O004734,C0305,R0031,2026-07-02,Thursday,10,536,Italian,4.2,31,4,0,Friends,1
O004735,C0305,R0032,2026-06-01,Monday,13,482,Italian,4.3,34,4,1,Routine,1
O004736,C0305,R0124,2025-11-11,Tuesday,13,411,Healthy,4.4,15,2,0,Routine,0
O004737,C0305,R0099,2025-11-26,Wednesday,22,305,North Indian,3.8,28,3,0,Routine,0
O004738,C0305,R0077,2026-03-02,Monday,22,658,Maharashtrian,4.0,41,4,0,Routine,1
O004739,C0305,R0110,2026-02-18,Wednesday,14,358,Italian,4.7,33,4,0,Routine,1
O004740,C0305,R0105,2025-10-20,Monday,13,467,North Indian,3.8,47,3,0,Routine,1
O004741,C0305,R0139,2025-11-12,Wednesday,9,327,North Indian,4.4,29,4,0,Family,0
O004742,C0305,R0105,2025-10-25,Saturday,13,290,North Indian,3.8,47,5,0,Routine,1
O004743,C0305,R0077,2025-09-27,Saturday,19,942,Maharashtrian,4.0,41,5,1,Movie Night,1
O004744,C0306,R0053,2026-05-08,Friday,20,352,Cafe,4.4,26,4,1,Work Lunch,0
O004745,C0306,R0069,2025-11-12,Wednesday,13,634,South Indian,4.4,30,3,1,Work Lunch,0
O004746,C0306,R0011,2025-11-05,Wednesday,14,404,Chinese,4.0,36,4,1,Friends,0
O004747,C0306,R0150,2026-01-08,Thursday,10,829,Maharashtrian,4.0,36,3,0,Routine,1
O004748,C0306,R0023,2025-10-19,Sunday,19,639,Cafe,4.1,21,4,1,Family,0
O004749,C0306,R0134,2026-08-30,Sunday,13,903,Maharashtrian,4.3,28,5,1,Friends,0
O004750,C0306,R0137,2026-08-13,Thursday,14,332,Chinese,4.3,35,5,1,Friends,0
O004751,C0306,R0150,2026-06-05,Friday,23,429,Maharashtrian,4.0,36,4,1,Routine,1
O004752,C0306,R0065,2025-12-03,Wednesday,22,641,Healthy,4.8,37,5,1,Late Night,0
O004753,C0306,R0145,2025-09-05,Friday,13,888,South Indian,4.5,28,5,1,Date Night,0
O004754,C0306,R0149,2026-05-07,Thursday,18,424,North Indian,4.7,34,5,0,Routine,0
O004755,C0306,R0029,2026-05-12,Tuesday,21,1092,Chinese,4.3,43,5,0,Work Lunch,0
O004756,C0306,R0073,2026-06-23,Tuesday,12,822,Maharashtrian,4.4,18,3,0,Late Night,0
O004757,C0306,R0009,2025-12-31,Wednesday,23,310,Biryani,4.4,30,4,0,Routine,0
O004758,C0306,R0101,2026-06-30,Tuesday,19,458,Chinese,4.2,27,5,0,Work Lunch,0
O004759,C0306,R0100,2025-10-20,Monday,14,307,Chinese,4.4,29,5,1,Movie Night,0
O004760,C0306,R0034,2025-10-01,Wednesday,10,443,Burgers,4.8,40,3,1,Routine,0
O004761,C0306,R0135,2026-06-06,Saturday,21,817,Desserts,4.2,31,5,1,Routine,0
O004762,C0307,R0010,2026-04-11,Saturday,13,283,Desserts,3.5,15,3,0,Routine,0
O004763,C0307,R0135,2026-05-26,Tuesday,14,674,Desserts,4.2,31,5,0,Friends,0
O004764,C0307,R0053,2026-03-04,Wednesday,22,441,Cafe,4.4,26,4,0,Family,0
O004765,C0307,R0029,2025-12-09,Tuesday,22,1017,Chinese,4.3,43,4,0,Family,0
O004766,C0307,R0134,2026-02-13,Friday,22,732,Maharashtrian,4.3,28,5,1,Work Lunch,0
O004767,C0307,R0013,2026-05-04,Monday,10,1013,South Indian,4.1,44,2,1,Work Lunch,0
O004768,C0307,R0034,2025-11-29,Saturday,8,315,Burgers,4.8,40,4,1,Friends,0
O004769,C0307,R0063,2026-01-16,Friday,17,341,Pizza,4.2,32,5,1,Work Lunch,0
O004770,C0307,R0051,2026-08-05,Wednesday,20,500,Desserts,4.1,22,4,1,Date Night,0
O004771,C0307,R0100,2026-03-06,Friday,13,297,Chinese,4.4,29,5,0,Late Night,0
O004772,C0308,R0011,2026-07-25,Saturday,14,283,Chinese,4.0,36,4,1,Friends,1
O004773,C0308,R0029,2025-10-13,Monday,23,803,Chinese,4.3,43,4,0,Family,1
O004774,C0308,R0011,2025-11-27,Thursday,19,337,Chinese,4.0,36,4,1,Routine,1
O004775,C0308,R0137,2025-12-04,Thursday,14,304,Chinese,4.3,35,5,0,Routine,1
O004776,C0308,R0029,2025-10-26,Sunday,19,1182,Chinese,4.3,43,5,0,Routine,1
O004777,C0308,R0011,2026-08-07,Friday,21,402,Chinese,4.0,36,4,1,Work Lunch,1
O004778,C0308,R0113,2026-02-02,Monday,18,540,Healthy,4.2,42,4,0,Routine,0
O004779,C0308,R0009,2026-03-31,Tuesday,12,384,Biryani,4.4,30,4,0,Family,0
O004780,C0308,R0003,2026-01-08,Thursday,10,268,Chinese,4.0,24,5,1,Friends,0
O004781,C0308,R0010,2025-10-18,Saturday,10,377,Desserts,3.5,15,5,1,Date Night,0
O004782,C0308,R0001,2026-01-05,Monday,13,239,South Indian,3.9,38,2,0,Routine,0
O004783,C0308,R0118,2026-06-20,Saturday,20,600,Chinese,4.6,37,4,0,Routine,1
O004784,C0308,R0101,2025-09-07,Sunday,23,355,Chinese,4.2,27,2,1,Routine,0
O004785,C0308,R0029,2026-08-27,Thursday,21,1044,Chinese,4.3,43,4,0,Work Lunch,1
O004786,C0308,R0029,2025-11-28,Friday,22,825,Chinese,4.3,43,5,1,Work Lunch,1
O004787,C0308,R0137,2025-11-09,Sunday,17,505,Chinese,4.3,35,4,0,Work Lunch,1
O004788,C0308,R0087,2026-01-14,Wednesday,14,827,Cafe,4.3,36,3,0,Movie Night,0
O004789,C0308,R0118,2025-09-28,Sunday,20,837,Chinese,4.6,37,4,1,Work Lunch,1
O004790,C0308,R0075,2025-12-10,Wednesday,10,417,South Indian,4.2,43,4,1,Routine,0
O004791,C0308,R0029,2026-01-25,Sunday,21,1287,Chinese,4.3,43,3,1,Routine,1
O004792,C0308,R0149,2025-12-29,Monday,20,169,North Indian,4.7,34,4,1,Routine,0
O004793,C0309,R0105,2025-10-15,Wednesday,20,283,North Indian,3.8,47,2,1,Routine,0
O004794,C0309,R0119,2026-03-10,Tuesday,23,530,Desserts,4.2,37,4,1,Routine,1
O004795,C0309,R0119,2026-07-16,Thursday,10,267,Desserts,4.2,37,5,1,Routine,1
O004796,C0309,R0123,2026-02-01,Sunday,18,771,South Indian,3.8,37,5,1,Routine,1
O004797,C0309,R0007,2026-07-02,Thursday,12,996,Chinese,4.2,23,4,1,Work Lunch,1
O004798,C0309,R0093,2025-09-04,Thursday,22,343,Pizza,4.7,28,4,1,Routine,1
O004799,C0309,R0124,2025-09-12,Friday,19,447,Healthy,4.4,15,3,1,Routine,0
O004800,C0309,R0133,2026-05-08,Friday,21,615,Chinese,3.6,43,3,0,Routine,0
O004801,C0309,R0107,2026-03-25,Wednesday,13,280,Healthy,4.0,48,5,1,Work Lunch,0
O004802,C0309,R0007,2026-08-18,Tuesday,22,739,Chinese,4.2,23,4,1,Work Lunch,1
O004803,C0309,R0093,2025-09-30,Tuesday,18,270,Pizza,4.7,28,4,1,Late Night,1
O004804,C0309,R0024,2025-11-07,Friday,17,655,Burgers,4.1,43,3,1,Routine,0
O004805,C0309,R0123,2026-08-30,Sunday,19,929,South Indian,3.8,37,4,1,Friends,1
O004806,C0309,R0007,2026-03-02,Monday,8,786,Chinese,4.2,23,4,1,Routine,1
O004807,C0309,R0032,2026-02-15,Sunday,12,580,Italian,4.3,34,5,1,Work Lunch,0
O004808,C0310,R0123,2025-12-13,Saturday,13,857,South Indian,3.8,37,5,0,Work Lunch,0
O004809,C0310,R0104,2026-04-17,Friday,17,552,Cafe,4.3,38,3,0,Friends,1
O004810,C0310,R0136,2025-12-25,Thursday,21,537,Chinese,3.6,45,5,0,Routine,1
O004811,C0310,R0139,2025-12-12,Friday,23,468,North Indian,4.4,29,2,1,Work Lunch,1
O004812,C0310,R0139,2025-09-08,Monday,21,255,North Indian,4.4,29,2,0,Late Night,1
O004813,C0310,R0110,2026-07-15,Wednesday,13,323,Italian,4.7,33,4,0,Routine,1
O004814,C0310,R0136,2025-10-19,Sunday,17,462,Chinese,3.6,45,5,0,Routine,1
O004815,C0310,R0077,2025-12-13,Saturday,22,535,Maharashtrian,4.0,41,5,0,Routine,1
O004816,C0310,R0129,2026-02-27,Friday,13,355,Cafe,4.6,46,4,0,Movie Night,0
O004817,C0310,R0133,2026-01-27,Tuesday,9,424,Chinese,3.6,43,3,0,Movie Night,1
O004818,C0310,R0133,2025-12-11,Thursday,18,362,Chinese,3.6,43,3,0,Routine,1
O004819,C0310,R0125,2026-04-30,Thursday,21,156,Pizza,3.8,29,5,0,Movie Night,0
O004820,C0310,R0077,2026-05-27,Wednesday,14,836,Maharashtrian,4.0,41,1,1,Work Lunch,1
O004821,C0310,R0031,2026-04-05,Sunday,23,469,Italian,4.2,31,4,0,Routine,0
O004822,C0310,R0067,2026-08-22,Saturday,12,397,Cafe,3.9,32,4,1,Date Night,0
O004823,C0310,R0124,2026-07-08,Wednesday,13,309,Healthy,4.4,15,4,0,Routine,0
O004824,C0310,R0046,2025-09-25,Thursday,13,405,South Indian,4.4,45,3,1,Movie Night,0
O004825,C0310,R0093,2025-10-07,Tuesday,18,246,Pizza,4.7,28,5,0,Routine,0
O004826,C0310,R0104,2026-02-23,Monday,9,549,Cafe,4.3,38,3,0,Family,1
O004827,C0310,R0105,2026-04-15,Wednesday,8,372,North Indian,3.8,47,3,0,Late Night,0
O004828,C0310,R0136,2026-05-13,Wednesday,20,413,Chinese,3.6,45,4,0,Family,1
O004829,C0310,R0110,2025-12-07,Sunday,10,259,Italian,4.7,33,5,1,Routine,1
O004830,C0311,R0058,2025-12-04,Thursday,8,596,North Indian,4.7,24,5,0,Movie Night,0
O004831,C0311,R0074,2026-01-26,Monday,19,274,Cafe,4.6,27,4,1,Routine,0
O004832,C0311,R0008,2026-02-06,Friday,13,926,Biryani,3.9,25,4,1,Date Night,0
O004833,C0311,R0005,2025-10-11,Saturday,23,498,Pizza,4.0,36,4,0,Work Lunch,0
O004834,C0311,R0044,2025-12-23,Tuesday,13,324,Thai,4.2,17,4,1,Routine,0
O004835,C0311,R0103,2026-02-20,Friday,23,248,Italian,4.9,32,3,0,Routine,0
O004836,C0311,R0022,2026-03-20,Friday,20,640,Biryani,3.7,38,2,1,Routine,0
O004837,C0312,R0144,2026-06-20,Saturday,23,170,Burgers,4.2,23,5,1,Late Night,1
O004838,C0312,R0022,2025-11-25,Tuesday,14,689,Biryani,3.7,38,4,1,Movie Night,0
O004839,C0312,R0056,2026-06-03,Wednesday,14,443,Biryani,3.8,49,4,1,Date Night,0
O004840,C0312,R0111,2026-03-14,Saturday,23,349,Desserts,3.6,21,5,1,Routine,0
O004841,C0312,R0005,2026-06-15,Monday,20,616,Pizza,4.0,36,3,0,Routine,0
O004842,C0312,R0108,2026-08-20,Thursday,18,242,North Indian,4.5,36,4,1,Routine,0
O004843,C0312,R0019,2026-05-24,Sunday,17,363,Biryani,4.1,34,5,0,Friends,0
O004844,C0312,R0036,2026-01-16,Friday,9,718,Biryani,3.9,40,4,0,Friends,0
O004845,C0312,R0027,2025-09-03,Wednesday,20,361,Maharashtrian,4.5,48,3,0,Routine,0
O004846,C0312,R0144,2026-05-16,Saturday,14,255,Burgers,4.2,23,3,0,Friends,1
O004847,C0313,R0015,2026-02-09,Monday,18,330,Healthy,4.3,15,5,1,Date Night,0
O004848,C0313,R0097,2026-01-17,Saturday,10,365,Chinese,4.9,24,5,1,Routine,0
O004849,C0313,R0127,2026-01-22,Thursday,12,346,Pizza,4.4,34,5,1,Routine,1
O004850,C0313,R0078,2026-07-01,Wednesday,20,329,Biryani,3.7,15,5,0,Routine,0
O004851,C0313,R0127,2025-09-18,Thursday,20,350,Pizza,4.4,34,2,0,Date Night,1
O004852,C0313,R0127,2026-05-04,Monday,19,354,Pizza,4.4,34,3,0,Routine,1
O004853,C0313,R0127,2026-08-12,Wednesday,17,378,Pizza,4.4,34,3,1,Routine,1
O004854,C0313,R0127,2026-05-10,Sunday,21,441,Pizza,4.4,34,4,0,Friends,1
O004855,C0313,R0127,2025-10-20,Monday,13,346,Pizza,4.4,34,3,0,Routine,1
O004856,C0314,R0080,2026-05-18,Monday,19,629,South Indian,4.7,27,5,1,Routine,0
O004857,C0314,R0042,2025-12-19,Friday,18,412,Chinese,4.4,21,4,0,Routine,0
O004858,C0314,R0082,2026-03-13,Friday,9,312,Italian,3.6,28,5,0,Family,0
O004859,C0314,R0109,2026-04-21,Tuesday,21,1261,Desserts,4.3,29,5,1,Late Night,0
O004860,C0314,R0113,2026-02-28,Saturday,17,443,Healthy,4.2,42,4,0,Routine,0
O004861,C0314,R0024,2026-04-02,Thursday,18,629,Burgers,4.1,43,3,0,Routine,0
O004862,C0315,R0072,2026-03-19,Thursday,23,289,Cafe,4.4,19,4,0,Routine,1
O004863,C0315,R0058,2026-06-12,Friday,23,456,North Indian,4.7,24,3,0,Movie Night,0
O004864,C0315,R0033,2025-10-06,Monday,14,660,Cafe,4.2,33,5,1,Friends,1
O004865,C0315,R0112,2026-08-23,Sunday,9,288,Thai,4.2,34,4,0,Family,0
O004866,C0315,R0008,2026-05-24,Sunday,22,746,Biryani,3.9,25,2,1,Family,0
O004867,C0315,R0074,2025-09-19,Friday,8,273,Cafe,4.6,27,5,0,Routine,0
O004868,C0315,R0072,2026-05-03,Sunday,22,177,Cafe,4.4,19,4,0,Routine,1
O004869,C0315,R0048,2025-10-28,Tuesday,8,257,Cafe,4.6,29,3,1,Date Night,1
O004870,C0315,R0033,2026-02-06,Friday,14,660,Cafe,4.2,33,5,1,Routine,1
O004871,C0315,R0048,2026-04-22,Wednesday,21,304,Cafe,4.6,29,5,0,Movie Night,1
O004872,C0315,R0111,2026-06-16,Tuesday,17,381,Desserts,3.6,21,4,0,Routine,0
O004873,C0315,R0108,2025-12-31,Wednesday,14,268,North Indian,4.5,36,3,1,Work Lunch,0
O004874,C0315,R0122,2026-04-09,Thursday,8,350,North Indian,4.0,35,4,0,Routine,0
O004875,C0315,R0040,2025-09-20,Saturday,12,522,South Indian,4.6,27,4,0,Friends,0
O004876,C0316,R0079,2026-04-17,Friday,13,538,Chinese,4.1,36,3,1,Movie Night,0
O004877,C0316,R0147,2026-07-02,Thursday,19,393,Biryani,3.9,17,4,0,Routine,1
O004878,C0316,R0043,2025-09-15,Monday,17,281,Pizza,4.3,15,5,0,Work Lunch,1
O004879,C0316,R0020,2026-04-15,Wednesday,21,705,Biryani,4.2,28,5,1,Routine,1
O004880,C0316,R0025,2026-03-28,Saturday,18,906,Cafe,4.1,35,5,1,Friends,0
O004881,C0316,R0020,2025-11-02,Sunday,19,785,Biryani,4.2,28,4,1,Late Night,1
O004882,C0316,R0043,2025-12-04,Thursday,22,364,Pizza,4.3,15,5,1,Routine,1
O004883,C0316,R0143,2026-03-31,Tuesday,18,307,Desserts,4.0,25,5,1,Movie Night,0
O004884,C0316,R0131,2026-07-27,Monday,13,653,South Indian,4.4,28,4,1,Date Night,0
O004885,C0316,R0021,2026-07-13,Monday,8,580,Thai,4.1,34,4,0,Date Night,0
O004886,C0316,R0141,2026-04-21,Tuesday,19,443,Burgers,4.2,26,3,0,Friends,0
O004887,C0316,R0090,2026-04-10,Friday,14,830,Maharashtrian,4.5,33,2,1,Routine,1
O004888,C0316,R0090,2026-02-17,Tuesday,21,990,Maharashtrian,4.5,33,4,1,Family,1
O004889,C0316,R0049,2025-09-25,Thursday,17,265,Desserts,4.6,22,3,0,Work Lunch,0
O004890,C0316,R0147,2025-12-16,Tuesday,20,395,Biryani,3.9,17,4,1,Work Lunch,1
O004891,C0316,R0043,2026-02-04,Wednesday,21,244,Pizza,4.3,15,3,0,Date Night,1
O004892,C0316,R0020,2026-08-24,Monday,19,888,Biryani,4.2,28,3,1,Friends,1
O004893,C0317,R0107,2026-05-17,Sunday,23,330,Healthy,4.0,48,3,0,Work Lunch,0
O004894,C0317,R0077,2026-03-25,Wednesday,8,597,Maharashtrian,4.0,41,3,1,Date Night,1
O004895,C0317,R0070,2026-02-10,Tuesday,23,195,Cafe,3.6,24,5,0,Late Night,1
O004896,C0317,R0032,2026-02-14,Saturday,8,497,Italian,4.3,34,4,1,Movie Night,0
O004897,C0317,R0105,2026-07-25,Saturday,13,466,North Indian,3.8,47,4,1,Family,0
O004898,C0317,R0136,2025-11-12,Wednesday,9,419,Chinese,3.6,45,4,0,Friends,1
O004899,C0317,R0070,2025-10-02,Thursday,13,223,Cafe,3.6,24,5,0,Friends,1
O004900,C0317,R0129,2026-06-16,Tuesday,17,362,Cafe,4.6,46,3,0,Date Night,0
O004901,C0317,R0031,2025-10-11,Saturday,19,477,Italian,4.2,31,4,0,Movie Night,0
O004902,C0317,R0136,2026-08-17,Monday,22,530,Chinese,3.6,45,3,1,Work Lunch,1
O004903,C0317,R0070,2026-03-29,Sunday,17,214,Cafe,3.6,24,4,0,Routine,1
O004904,C0317,R0077,2025-10-03,Friday,23,786,Maharashtrian,4.0,41,5,1,Routine,1
O004905,C0317,R0077,2025-11-24,Monday,20,877,Maharashtrian,4.0,41,4,1,Late Night,1
O004906,C0317,R0119,2026-08-14,Friday,8,532,Desserts,4.2,37,5,1,Work Lunch,1
O004907,C0317,R0119,2026-06-26,Friday,20,522,Desserts,4.2,37,5,0,Routine,1
O004908,C0317,R0093,2026-05-20,Wednesday,20,323,Pizza,4.7,28,4,1,Routine,0
O004909,C0317,R0099,2026-06-19,Friday,19,223,North Indian,3.8,28,4,1,Late Night,1
O004910,C0317,R0006,2026-05-11,Monday,9,678,Chinese,3.5,26,5,1,Family,1
O004911,C0317,R0067,2026-04-04,Saturday,22,440,Cafe,3.9,32,3,1,Routine,0
O004912,C0317,R0070,2025-12-15,Monday,23,324,Cafe,3.6,24,4,1,Date Night,1
O004913,C0317,R0104,2026-04-27,Monday,9,568,Cafe,4.3,38,4,1,Work Lunch,1
O004914,C0317,R0104,2025-09-05,Friday,19,636,Cafe,4.3,38,4,1,Work Lunch,1
O004915,C0317,R0119,2026-02-06,Friday,20,447,Desserts,4.2,37,4,0,Routine,1
O004916,C0317,R0119,2026-03-28,Saturday,20,297,Desserts,4.2,37,3,1,Routine,1
O004917,C0317,R0046,2025-09-17,Wednesday,12,352,South Indian,4.4,45,4,1,Friends,0
O004918,C0317,R0123,2026-07-01,Wednesday,19,721,South Indian,3.8,37,4,1,Friends,0
O004919,C0317,R0006,2026-08-08,Saturday,12,560,Chinese,3.5,26,5,1,Late Night,1
O004920,C0317,R0119,2025-10-16,Thursday,21,526,Desserts,4.2,37,4,1,Date Night,1
O004921,C0317,R0024,2026-02-16,Monday,13,631,Burgers,4.1,43,4,1,Friends,0
O004922,C0317,R0119,2026-07-26,Sunday,20,409,Desserts,4.2,37,5,1,Friends,1
O004923,C0317,R0099,2025-10-29,Wednesday,13,210,North Indian,3.8,28,5,1,Work Lunch,1
O004924,C0317,R0077,2026-06-18,Thursday,20,899,Maharashtrian,4.0,41,3,1,Late Night,1
O004925,C0318,R0072,2026-04-20,Monday,8,203,Cafe,4.4,19,3,1,Late Night,0
O004926,C0318,R0108,2026-07-05,Sunday,10,229,North Indian,4.5,36,4,1,Routine,0
O004927,C0318,R0074,2026-02-23,Monday,19,242,Cafe,4.6,27,5,1,Work Lunch,0
O004928,C0318,R0066,2025-09-03,Wednesday,14,813,Pizza,4.3,30,5,1,Routine,0
O004929,C0318,R0112,2026-07-09,Thursday,19,303,Thai,4.2,34,3,0,Routine,0
O004930,C0319,R0081,2026-01-19,Monday,12,378,Pizza,4.1,42,5,1,Family,0
O004931,C0319,R0056,2026-05-22,Friday,22,679,Biryani,3.8,49,5,1,Date Night,0
O004932,C0319,R0144,2026-08-05,Wednesday,23,296,Burgers,4.2,23,2,1,Routine,0
O004933,C0319,R0111,2025-09-29,Monday,22,566,Desserts,3.6,21,5,1,Routine,0
O004934,C0319,R0027,2026-08-23,Sunday,21,406,Maharashtrian,4.5,48,4,1,Movie Night,0
O004935,C0319,R0103,2025-10-10,Friday,18,266,Italian,4.9,32,3,0,Friends,0
O004936,C0319,R0058,2025-10-29,Wednesday,17,596,North Indian,4.7,24,4,0,Work Lunch,0
O004937,C0319,R0033,2025-09-04,Thursday,17,492,Cafe,4.2,33,2,1,Friends,0
O004938,C0320,R0032,2026-07-27,Monday,13,434,Italian,4.3,34,4,1,Friends,1
O004939,C0320,R0031,2026-08-15,Saturday,9,370,Italian,4.2,31,5,1,Routine,0
O004940,C0320,R0125,2026-07-29,Wednesday,19,315,Pizza,3.8,29,5,1,Family,1
O004941,C0320,R0129,2025-09-28,Sunday,9,301,Cafe,4.6,46,5,1,Work Lunch,0
O004942,C0320,R0099,2026-01-09,Friday,23,266,North Indian,3.8,28,4,1,Family,0
O004943,C0320,R0024,2026-08-04,Tuesday,10,680,Burgers,4.1,43,3,1,Movie Night,0
O004944,C0320,R0030,2026-08-02,Sunday,19,318,Thai,4.0,38,5,1,Routine,0
O004945,C0320,R0125,2025-09-02,Tuesday,12,384,Pizza,3.8,29,4,1,Late Night,1
O004946,C0320,R0136,2025-09-25,Thursday,9,520,Chinese,3.6,45,4,1,Work Lunch,0
O004947,C0320,R0032,2026-07-05,Sunday,10,579,Italian,4.3,34,4,1,Work Lunch,1
O004948,C0320,R0006,2026-02-01,Sunday,8,589,Chinese,3.5,26,5,0,Work Lunch,1
O004949,C0320,R0067,2025-09-26,Friday,12,362,Cafe,3.9,32,4,1,Routine,0
O004950,C0320,R0006,2026-07-21,Tuesday,19,496,Chinese,3.5,26,3,1,Routine,1
O004951,C0320,R0125,2026-07-26,Sunday,9,239,Pizza,3.8,29,3,1,Work Lunch,1
O004952,C0320,R0093,2026-03-26,Thursday,10,320,Pizza,4.7,28,4,0,Family,0
O004953,C0320,R0110,2026-07-06,Monday,17,283,Italian,4.7,33,5,1,Family,0
O004954,C0320,R0077,2026-08-01,Saturday,23,768,Maharashtrian,4.0,41,4,1,Routine,0
O004955,C0321,R0009,2026-02-02,Monday,19,344,Biryani,4.4,30,4,0,Routine,0
O004956,C0321,R0023,2025-09-17,Wednesday,21,766,Cafe,4.1,21,5,0,Movie Night,0
O004957,C0321,R0010,2026-04-24,Friday,10,378,Desserts,3.5,15,3,1,Family,0
O004958,C0321,R0051,2026-08-05,Wednesday,20,596,Desserts,4.1,22,3,0,Late Night,0
O004959,C0321,R0073,2026-06-18,Thursday,10,749,Maharashtrian,4.4,18,5,0,Friends,0
O004960,C0321,R0148,2026-04-29,Wednesday,21,414,Burgers,3.8,32,4,0,Routine,0
O004961,C0321,R0145,2025-10-10,Friday,17,657,South Indian,4.5,28,4,1,Family,0
O004962,C0321,R0120,2026-04-06,Monday,20,598,Biryani,4.0,39,5,0,Friends,0
O004963,C0321,R0003,2026-07-06,Monday,17,231,Chinese,4.0,24,4,1,Movie Night,0
O004964,C0321,R0057,2025-11-28,Friday,23,274,Maharashtrian,4.6,32,2,0,Work Lunch,0
O004965,C0322,R0044,2026-03-21,Saturday,10,291,Thai,4.2,17,3,1,Routine,0
O004966,C0322,R0144,2025-09-18,Thursday,19,227,Burgers,4.2,23,4,1,Routine,1
O004967,C0322,R0112,2025-09-10,Wednesday,12,295,Thai,4.2,34,5,1,Friends,0
O004968,C0322,R0056,2026-04-23,Thursday,8,424,Biryani,3.8,49,3,1,Friends,0
O004969,C0322,R0144,2025-11-30,Sunday,17,187,Burgers,4.2,23,3,0,Routine,1
O004970,C0322,R0058,2026-01-15,Thursday,13,538,North Indian,4.7,24,5,0,Routine,0
O004971,C0322,R0027,2026-02-15,Sunday,23,327,Maharashtrian,4.5,48,4,1,Family,0
O004972,C0322,R0066,2026-07-21,Tuesday,21,1092,Pizza,4.3,30,2,0,Routine,0
O004973,C0322,R0036,2026-01-09,Friday,14,727,Biryani,3.9,40,5,0,Late Night,0
O004974,C0322,R0074,2026-08-16,Sunday,18,301,Cafe,4.6,27,4,0,Movie Night,0
O004975,C0322,R0122,2025-10-13,Monday,10,400,North Indian,4.0,35,5,0,Routine,0
O004976,C0322,R0108,2026-01-31,Saturday,23,237,North Indian,4.5,36,4,0,Friends,0
O004977,C0323,R0150,2026-08-04,Tuesday,10,542,Maharashtrian,4.0,36,5,1,Routine,0
O004978,C0323,R0029,2026-08-04,Tuesday,14,994,Chinese,4.3,43,4,1,Routine,0
O004979,C0323,R0059,2026-07-04,Saturday,8,479,Cafe,4.4,33,4,0,Family,0
O004980,C0323,R0057,2025-11-20,Thursday,12,337,Maharashtrian,4.6,32,3,1,Work Lunch,1
O004981,C0323,R0146,2026-01-07,Wednesday,8,226,Chinese,3.2,28,4,1,Routine,1
O004982,C0323,R0051,2026-01-16,Friday,20,522,Desserts,4.1,22,4,1,Work Lunch,1
O004983,C0323,R0065,2026-08-28,Friday,8,607,Healthy,4.8,37,4,1,Routine,0
O004984,C0323,R0013,2026-03-13,Friday,21,1313,South Indian,4.1,44,3,0,Date Night,1
O004985,C0323,R0075,2025-09-02,Tuesday,10,443,South Indian,4.2,43,4,0,Movie Night,0
O004986,C0323,R0137,2026-01-30,Friday,12,250,Chinese,4.3,35,3,0,Work Lunch,0
O004987,C0323,R0051,2025-11-09,Sunday,23,411,Desserts,4.1,22,5,0,Movie Night,1
O004988,C0323,R0135,2026-02-06,Friday,8,544,Desserts,4.2,31,4,1,Work Lunch,0
O004989,C0323,R0146,2025-12-24,Wednesday,22,368,Chinese,3.2,28,4,1,Date Night,1
O004990,C0323,R0010,2026-01-10,Saturday,19,314,Desserts,3.5,15,5,1,Date Night,0
O004991,C0323,R0134,2026-08-26,Wednesday,19,728,Maharashtrian,4.3,28,3,0,Date Night,0
O004992,C0323,R0034,2026-03-09,Monday,23,444,Burgers,4.8,40,4,1,Late Night,0
O004993,C0323,R0013,2026-08-15,Saturday,8,846,South Indian,4.1,44,5,1,Late Night,1
O004994,C0323,R0100,2026-03-25,Wednesday,22,204,Chinese,4.4,29,5,1,Routine,0
O004995,C0323,R0120,2026-05-21,Thursday,19,608,Biryani,4.0,39,4,1,Routine,0
O004996,C0323,R0057,2026-03-01,Sunday,22,274,Maharashtrian,4.6,32,3,1,Family,1
O004997,C0324,R0094,2026-05-15,Friday,12,322,Italian,4.4,42,5,0,Family,1
O004998,C0324,R0089,2026-01-21,Wednesday,22,581,Chinese,3.9,30,3,0,Work Lunch,0
O004999,C0324,R0035,2025-11-18,Tuesday,12,368,Desserts,4.6,27,4,0,Late Night,0
O005000,C0324,R0037,2025-12-29,Monday,17,340,Maharashtrian,4.6,45,3,0,Routine,1
O005001,C0324,R0037,2026-03-27,Friday,23,453,Maharashtrian,4.6,45,5,0,Work Lunch,1
O005002,C0324,R0094,2026-07-18,Saturday,19,424,Italian,4.4,42,4,1,Work Lunch,1
O005003,C0324,R0114,2026-06-28,Sunday,9,205,Chinese,3.6,33,5,1,Routine,0
O005004,C0324,R0086,2026-06-26,Friday,13,182,Italian,4.4,23,4,0,Family,0
O005005,C0324,R0068,2026-05-08,Friday,21,801,Thai,4.3,20,5,0,Movie Night,0
O005006,C0324,R0012,2025-11-10,Monday,22,394,Pizza,3.3,27,4,0,Routine,0
O005007,C0324,R0083,2026-01-11,Sunday,10,839,Healthy,4.3,36,4,0,Family,1
O005008,C0324,R0060,2026-03-19,Thursday,10,337,Italian,4.3,43,4,1,Routine,0
O005009,C0324,R0083,2026-03-31,Tuesday,20,488,Healthy,4.3,36,5,0,Family,1
O005010,C0325,R0146,2025-09-07,Sunday,17,176,Chinese,3.2,28,5,1,Work Lunch,0
O005011,C0325,R0013,2025-10-09,Thursday,18,1045,South Indian,4.1,44,3,1,Late Night,0
O005012,C0325,R0023,2026-06-20,Saturday,20,595,Cafe,4.1,21,4,1,Work Lunch,1
O005013,C0325,R0100,2025-12-07,Sunday,14,230,Chinese,4.4,29,5,1,Work Lunch,0
O005014,C0325,R0055,2026-07-01,Wednesday,20,1016,Biryani,3.6,31,5,1,Friends,0
O005015,C0325,R0051,2025-11-20,Thursday,20,572,Desserts,4.1,22,4,1,Movie Night,0
O005016,C0325,R0101,2026-07-07,Tuesday,23,298,Chinese,4.2,27,5,1,Late Night,0
O005017,C0325,R0063,2026-06-09,Tuesday,12,246,Pizza,4.2,32,5,1,Routine,0
O005018,C0325,R0023,2026-06-12,Friday,22,783,Cafe,4.1,21,4,1,Work Lunch,1
O005019,C0326,R0045,2026-03-25,Wednesday,19,1030,Maharashtrian,4.7,38,5,1,Family,0
O005020,C0326,R0054,2026-08-31,Monday,18,376,Chinese,3.6,34,4,0,Work Lunch,0
O005021,C0326,R0078,2025-12-06,Saturday,14,280,Biryani,3.7,15,4,1,Movie Night,0
O005022,C0326,R0130,2026-04-12,Sunday,8,292,South Indian,4.1,26,5,1,Routine,0
O005023,C0326,R0062,2026-01-06,Tuesday,13,376,Maharashtrian,3.7,23,4,0,Family,0
O005024,C0326,R0026,2025-09-27,Saturday,19,627,Healthy,4.0,38,4,1,Late Night,1
O005025,C0326,R0096,2026-01-08,Thursday,20,489,Chinese,4.1,24,4,0,Date Night,0
O005026,C0326,R0028,2025-10-20,Monday,14,436,South Indian,4.2,38,4,1,Routine,0
O005027,C0326,R0015,2026-05-30,Saturday,22,340,Healthy,4.3,15,3,0,Routine,1
O005028,C0326,R0004,2026-07-05,Sunday,9,220,South Indian,4.4,43,4,1,Routine,0
O005029,C0326,R0002,2025-11-05,Wednesday,17,289,Maharashtrian,4.4,29,4,0,Routine,0
O005030,C0326,R0064,2025-09-04,Thursday,9,950,North Indian,3.9,53,4,0,Routine,1
O005031,C0326,R0064,2025-09-27,Saturday,21,1095,North Indian,3.9,53,5,0,Late Night,1
O005032,C0326,R0026,2026-08-25,Tuesday,18,466,Healthy,4.0,38,4,0,Late Night,1
O005033,C0326,R0109,2025-11-16,Sunday,20,662,Desserts,4.3,29,4,0,Friends,0
O005034,C0326,R0015,2025-10-06,Monday,23,397,Healthy,4.3,15,5,0,Routine,1
O005035,C0327,R0016,2026-08-01,Saturday,21,496,Burgers,4.5,33,3,1,Routine,1
O005036,C0327,R0088,2025-09-19,Friday,13,284,Biryani,4.1,33,4,1,Friends,0
O005037,C0327,R0042,2026-06-17,Wednesday,9,415,Chinese,4.4,21,3,1,Routine,1
O005038,C0327,R0091,2025-11-01,Saturday,8,359,Biryani,4.0,34,4,1,Routine,0
O005039,C0327,R0050,2026-06-23,Tuesday,18,578,Biryani,4.0,26,5,0,Routine,1
O005040,C0327,R0016,2026-07-24,Friday,19,434,Burgers,4.5,33,4,1,Work Lunch,1
O005041,C0327,R0038,2025-09-18,Thursday,20,598,Chinese,4.0,29,3,1,Family,1
O005042,C0327,R0140,2026-04-12,Sunday,21,427,Biryani,4.5,15,4,0,Routine,0
O005043,C0327,R0050,2026-08-11,Tuesday,17,527,Biryani,4.0,26,4,1,Routine,1
O005044,C0327,R0038,2026-08-09,Sunday,22,558,Chinese,4.0,29,3,1,Routine,1
O005045,C0327,R0038,2025-09-07,Sunday,14,427,Chinese,4.0,29,4,1,Friends,1
O005046,C0327,R0050,2026-08-31,Monday,21,723,Biryani,4.0,26,3,1,Routine,1
O005047,C0327,R0016,2026-05-25,Monday,10,300,Burgers,4.5,33,4,0,Routine,1
O005048,C0327,R0071,2025-12-29,Monday,8,228,South Indian,4.1,48,5,1,Family,1
O005049,C0327,R0042,2026-05-08,Friday,17,328,Chinese,4.4,21,5,0,Work Lunch,1
O005050,C0327,R0071,2025-10-24,Friday,20,260,South Indian,4.1,48,3,1,Late Night,1
O005051,C0327,R0038,2026-06-15,Monday,20,581,Chinese,4.0,29,3,1,Work Lunch,1
O005052,C0327,R0052,2026-06-20,Saturday,23,400,Thai,4.7,29,3,1,Family,1
O005053,C0327,R0071,2025-09-19,Friday,21,218,South Indian,4.1,48,4,0,Late Night,1
O005054,C0327,R0016,2026-03-10,Tuesday,17,524,Burgers,4.5,33,3,1,Family,1
O005055,C0327,R0052,2025-09-04,Thursday,9,524,Thai,4.7,29,5,1,Work Lunch,1
O005056,C0327,R0050,2026-03-07,Saturday,12,557,Biryani,4.0,26,3,1,Friends,1
O005057,C0328,R0131,2025-09-03,Wednesday,18,707,South Indian,4.4,28,5,0,Family,1
O005058,C0328,R0143,2026-03-30,Monday,9,276,Desserts,4.0,25,5,0,Late Night,1
O005059,C0328,R0049,2026-04-10,Friday,20,246,Desserts,4.6,22,4,0,Routine,0
O005060,C0328,R0043,2026-05-05,Tuesday,10,311,Pizza,4.3,15,4,0,Date Night,0
O005061,C0328,R0143,2026-08-01,Saturday,22,329,Desserts,4.0,25,4,1,Friends,1
O005062,C0328,R0143,2026-01-28,Wednesday,8,253,Desserts,4.0,25,4,0,Routine,1
O005063,C0328,R0079,2026-02-06,Friday,18,450,Chinese,4.1,36,5,1,Routine,0
O005064,C0328,R0020,2026-08-31,Monday,10,834,Biryani,4.2,28,3,0,Routine,1
O005065,C0328,R0131,2025-10-09,Thursday,21,442,South Indian,4.4,28,5,0,Routine,1
O005066,C0328,R0141,2026-08-06,Thursday,20,657,Burgers,4.2,26,4,0,Routine,0
O005067,C0328,R0020,2026-03-28,Saturday,9,832,Biryani,4.2,28,5,0,Routine,1
O005068,C0329,R0057,2026-05-14,Thursday,18,276,Maharashtrian,4.6,32,5,1,Work Lunch,0
O005069,C0329,R0148,2026-07-27,Monday,10,369,Burgers,3.8,32,4,0,Routine,0
O005070,C0329,R0113,2026-02-28,Saturday,8,715,Healthy,4.2,42,5,0,Routine,0
O005071,C0329,R0076,2025-10-16,Thursday,23,466,Healthy,3.8,19,5,1,Family,0
O005072,C0329,R0023,2026-08-07,Friday,10,789,Cafe,4.1,21,3,1,Late Night,0
O005073,C0330,R0053,2025-11-16,Sunday,22,268,Cafe,4.4,26,5,1,Routine,0
O005074,C0330,R0055,2026-07-17,Friday,22,891,Biryani,3.6,31,3,1,Movie Night,1
O005075,C0330,R0051,2026-07-04,Saturday,22,514,Desserts,4.1,22,5,1,Routine,0
O005076,C0330,R0149,2025-12-12,Friday,19,357,North Indian,4.7,34,3,0,Work Lunch,1
O005077,C0330,R0148,2025-12-18,Thursday,18,536,Burgers,3.8,32,2,1,Routine,0
O005078,C0330,R0087,2026-02-01,Sunday,22,572,Cafe,4.3,36,3,1,Routine,0
O005079,C0330,R0150,2026-01-30,Friday,13,730,Maharashtrian,4.0,36,4,1,Routine,1
O005080,C0330,R0150,2026-04-19,Sunday,13,522,Maharashtrian,4.0,36,5,1,Family,1
O005081,C0330,R0055,2025-09-02,Tuesday,23,857,Biryani,3.6,31,4,1,Routine,1
O005082,C0330,R0063,2026-04-10,Friday,8,366,Pizza,4.2,32,4,1,Work Lunch,0
O005083,C0330,R0149,2026-06-02,Tuesday,17,322,North Indian,4.7,34,2,1,Movie Night,1
O005084,C0331,R0087,2025-12-26,Friday,14,648,Cafe,4.3,36,5,0,Late Night,1
O005085,C0331,R0059,2025-09-04,Thursday,22,525,Cafe,4.4,33,4,1,Movie Night,1
O005086,C0331,R0116,2026-04-01,Wednesday,14,338,Maharashtrian,4.2,35,3,0,Routine,0
O005087,C0331,R0023,2026-07-10,Friday,9,567,Cafe,4.1,21,5,1,Date Night,0
O005088,C0331,R0053,2026-07-21,Tuesday,8,300,Cafe,4.4,26,4,1,Late Night,0
O005089,C0331,R0063,2026-08-20,Thursday,19,290,Pizza,4.2,32,4,1,Movie Night,0
O005090,C0331,R0145,2026-03-03,Tuesday,9,803,South Indian,4.5,28,3,0,Work Lunch,0
O005091,C0331,R0087,2026-01-02,Friday,21,771,Cafe,4.3,36,5,1,Routine,1
O005092,C0331,R0150,2026-06-04,Thursday,20,634,Maharashtrian,4.0,36,3,1,Routine,0
O005093,C0331,R0013,2026-01-17,Saturday,14,879,South Indian,4.1,44,4,1,Work Lunch,0
O005094,C0331,R0065,2026-01-10,Saturday,8,943,Healthy,4.8,37,3,1,Family,0
O005095,C0331,R0059,2025-10-09,Thursday,19,634,Cafe,4.4,33,3,1,Date Night,1
O005096,C0331,R0087,2026-05-20,Wednesday,8,746,Cafe,4.3,36,4,1,Routine,1
O005097,C0331,R0134,2026-06-07,Sunday,22,689,Maharashtrian,4.3,28,4,1,Routine,0
O005098,C0331,R0137,2025-10-20,Monday,14,297,Chinese,4.3,35,5,1,Movie Night,0
O005099,C0331,R0101,2026-04-21,Tuesday,13,477,Chinese,4.2,27,4,1,Routine,0
O005100,C0331,R0100,2026-07-16,Thursday,17,249,Chinese,4.4,29,4,1,Friends,0
O005101,C0331,R0149,2026-01-07,Wednesday,20,318,North Indian,4.7,34,4,1,Friends,0
O005102,C0331,R0059,2026-03-24,Tuesday,8,647,Cafe,4.4,33,5,1,Friends,1
O005103,C0331,R0135,2026-05-02,Saturday,8,634,Desserts,4.2,31,5,1,Routine,0
O005104,C0332,R0083,2025-09-07,Sunday,20,860,Healthy,4.3,36,5,0,Routine,1
O005105,C0332,R0035,2025-09-08,Monday,22,236,Desserts,4.6,27,4,1,Routine,0
O005106,C0332,R0018,2026-02-08,Sunday,9,243,Pizza,3.5,47,4,1,Family,0
O005107,C0332,R0083,2025-09-11,Thursday,23,676,Healthy,4.3,36,4,0,Routine,1
O005108,C0332,R0060,2026-09-01,Tuesday,19,390,Italian,4.3,43,5,0,Routine,0
O005109,C0332,R0086,2025-10-13,Monday,23,192,Italian,4.4,23,4,1,Family,1
O005110,C0332,R0037,2026-08-16,Sunday,12,230,Maharashtrian,4.6,45,5,0,Family,0
O005111,C0332,R0114,2026-03-22,Sunday,23,363,Chinese,3.6,33,4,1,Routine,0
O005112,C0332,R0086,2025-09-22,Monday,12,275,Italian,4.4,23,3,0,Family,1
O005113,C0332,R0012,2026-06-07,Sunday,19,462,Pizza,3.3,27,3,1,Work Lunch,0
O005114,C0332,R0083,2026-01-22,Thursday,21,820,Healthy,4.3,36,3,0,Late Night,1
O005115,C0333,R0038,2025-09-12,Friday,21,599,Chinese,4.0,29,5,1,Work Lunch,0
O005116,C0333,R0091,2026-06-05,Friday,8,297,Biryani,4.0,34,5,1,Routine,1
O005117,C0333,R0091,2026-02-13,Friday,10,312,Biryani,4.0,34,4,0,Family,1
O005118,C0333,R0052,2026-02-22,Sunday,9,495,Thai,4.7,29,5,1,Late Night,0
O005119,C0333,R0050,2026-03-16,Monday,13,619,Biryani,4.0,26,3,0,Friends,1
O005120,C0333,R0071,2026-08-31,Monday,20,269,South Indian,4.1,48,5,1,Routine,1
O005121,C0333,R0050,2025-12-15,Monday,22,811,Biryani,4.0,26,4,1,Routine,1
O005122,C0333,R0071,2026-04-03,Friday,10,239,South Indian,4.1,48,4,1,Routine,1
O005123,C0333,R0042,2025-12-08,Monday,20,421,Chinese,4.4,21,4,1,Late Night,0
O005124,C0334,R0070,2026-02-02,Monday,13,255,Cafe,3.6,24,5,0,Movie Night,1
O005125,C0334,R0030,2026-05-17,Sunday,19,257,Thai,4.0,38,3,0,Movie Night,0
O005126,C0334,R0031,2026-04-11,Saturday,18,576,Italian,4.2,31,5,0,Routine,0
O005127,C0334,R0129,2026-07-08,Wednesday,19,264,Cafe,4.6,46,5,0,Work Lunch,1
O005128,C0334,R0123,2025-09-23,Tuesday,20,843,South Indian,3.8,37,3,0,Routine,1
O005129,C0334,R0070,2026-08-15,Saturday,22,251,Cafe,3.6,24,5,0,Routine,1
O005130,C0334,R0129,2026-08-26,Wednesday,20,322,Cafe,4.6,46,4,1,Routine,1
O005131,C0334,R0024,2026-08-22,Saturday,21,557,Burgers,4.1,43,4,1,Movie Night,0
O005132,C0334,R0107,2026-01-24,Saturday,12,258,Healthy,4.0,48,5,0,Routine,0
O005133,C0334,R0129,2025-12-13,Saturday,21,499,Cafe,4.6,46,4,1,Movie Night,1
O005134,C0334,R0129,2025-11-15,Saturday,23,176,Cafe,4.6,46,5,0,Work Lunch,1
O005135,C0334,R0070,2025-10-23,Thursday,9,312,Cafe,3.6,24,5,1,Routine,1
O005136,C0334,R0123,2026-01-21,Wednesday,19,1012,South Indian,3.8,37,4,0,Routine,1
O005137,C0334,R0077,2025-09-26,Friday,14,727,Maharashtrian,4.0,41,3,1,Routine,0
O005138,C0335,R0088,2026-03-25,Wednesday,12,316,Biryani,4.1,33,5,1,Routine,1
O005139,C0335,R0016,2025-11-02,Sunday,9,561,Burgers,4.5,33,3,1,Family,1
O005140,C0335,R0088,2026-03-27,Friday,8,338,Biryani,4.1,33,3,1,Routine,1
O005141,C0335,R0140,2026-04-22,Wednesday,23,440,Biryani,4.5,15,5,1,Friends,1
O005142,C0335,R0140,2025-11-22,Saturday,10,379,Biryani,4.5,15,5,1,Routine,1
O005143,C0335,R0091,2025-12-26,Friday,20,342,Biryani,4.0,34,5,1,Movie Night,1
O005144,C0335,R0050,2026-08-15,Saturday,8,606,Biryani,4.0,26,4,1,Work Lunch,0
O005145,C0335,R0016,2026-01-19,Monday,14,530,Burgers,4.5,33,3,1,Friends,1
O005146,C0335,R0091,2026-01-31,Saturday,18,315,Biryani,4.0,34,3,1,Friends,1
O005147,C0335,R0016,2025-10-01,Wednesday,19,643,Burgers,4.5,33,4,0,Friends,1
O005148,C0335,R0042,2026-08-15,Saturday,23,303,Chinese,4.4,21,5,1,Routine,1
O005149,C0335,R0088,2026-07-26,Sunday,12,360,Biryani,4.1,33,3,1,Routine,1
O005150,C0335,R0042,2025-10-04,Saturday,13,440,Chinese,4.4,21,3,1,Work Lunch,1
O005151,C0335,R0091,2025-10-09,Thursday,20,120,Biryani,4.0,34,3,1,Family,1
O005152,C0335,R0091,2026-01-04,Sunday,20,267,Biryani,4.0,34,5,0,Routine,1
O005153,C0335,R0091,2026-05-08,Friday,23,266,Biryani,4.0,34,5,1,Work Lunch,1
O005154,C0336,R0092,2026-03-29,Sunday,10,1055,South Indian,4.5,15,3,0,Movie Night,1
O005155,C0336,R0021,2025-12-03,Wednesday,12,739,Thai,4.1,34,4,1,Routine,0
O005156,C0336,R0143,2026-06-24,Wednesday,17,355,Desserts,4.0,25,5,0,Late Night,0
O005157,C0336,R0025,2026-03-07,Saturday,12,626,Cafe,4.1,35,5,1,Late Night,1
O005158,C0336,R0079,2025-11-11,Tuesday,22,250,Chinese,4.1,36,3,1,Work Lunch,0
O005159,C0336,R0025,2026-06-02,Tuesday,13,902,Cafe,4.1,35,5,0,Routine,1
O005160,C0336,R0049,2026-03-12,Thursday,18,428,Desserts,4.6,22,2,0,Date Night,1
O005161,C0336,R0138,2026-04-19,Sunday,8,870,North Indian,4.6,22,4,1,Routine,1
O005162,C0336,R0126,2026-03-19,Thursday,19,585,Italian,4.1,21,4,0,Work Lunch,1
O005163,C0336,R0049,2026-02-18,Wednesday,8,405,Desserts,4.6,22,3,1,Work Lunch,1
O005164,C0336,R0141,2025-09-23,Tuesday,17,398,Burgers,4.2,26,3,0,Work Lunch,0
O005165,C0336,R0138,2026-04-12,Sunday,8,1078,North Indian,4.6,22,3,1,Work Lunch,1
O005166,C0336,R0131,2025-11-07,Friday,22,625,South Indian,4.4,28,5,0,Family,0
O005167,C0336,R0138,2026-07-27,Monday,9,966,North Indian,4.6,22,4,0,Friends,1
O005168,C0336,R0126,2026-04-09,Thursday,13,444,Italian,4.1,21,4,1,Movie Night,1
O005169,C0336,R0092,2026-07-18,Saturday,19,931,South Indian,4.5,15,4,1,Family,1
O005170,C0336,R0080,2025-09-07,Sunday,12,559,South Indian,4.7,27,5,1,Family,0
O005171,C0337,R0126,2026-07-02,Thursday,9,412,Italian,4.1,21,3,1,Late Night,1
O005172,C0337,R0092,2025-10-02,Thursday,23,839,South Indian,4.5,15,3,1,Date Night,0
O005173,C0337,R0080,2026-07-26,Sunday,8,498,South Indian,4.7,27,5,0,Routine,1
O005174,C0337,R0080,2025-11-10,Monday,8,579,South Indian,4.7,27,5,1,Family,1
O005175,C0337,R0090,2026-02-22,Sunday,10,857,Maharashtrian,4.5,33,4,1,Friends,1
O005176,C0337,R0079,2026-04-25,Saturday,23,608,Chinese,4.1,36,4,1,Work Lunch,0
O005177,C0337,R0131,2026-04-29,Wednesday,22,309,South Indian,4.4,28,5,0,Family,0
O005178,C0337,R0126,2025-12-29,Monday,9,526,Italian,4.1,21,4,0,Family,1
O005179,C0337,R0090,2025-12-06,Saturday,17,761,Maharashtrian,4.5,33,3,0,Routine,1
O005180,C0337,R0090,2026-07-18,Saturday,22,643,Maharashtrian,4.5,33,5,0,Family,1
O005181,C0338,R0116,2025-09-24,Wednesday,10,328,Maharashtrian,4.2,35,5,0,Movie Night,1
O005182,C0338,R0029,2026-04-27,Monday,14,831,Chinese,4.3,43,3,1,Movie Night,0
O005183,C0338,R0118,2026-05-12,Tuesday,13,536,Chinese,4.6,37,5,0,Friends,0
O005184,C0338,R0001,2026-01-11,Sunday,23,313,South Indian,3.9,38,4,0,Routine,0
O005185,C0338,R0100,2026-07-21,Tuesday,20,250,Chinese,4.4,29,5,1,Late Night,1
O005186,C0338,R0065,2025-09-24,Wednesday,14,762,Healthy,4.8,37,3,0,Routine,0
O005187,C0338,R0053,2026-06-14,Sunday,20,304,Cafe,4.4,26,5,0,Routine,0
O005188,C0338,R0100,2026-01-26,Monday,14,194,Chinese,4.4,29,4,1,Routine,1
O005189,C0338,R0116,2025-10-18,Saturday,9,414,Maharashtrian,4.2,35,3,0,Family,1
O005190,C0338,R0149,2026-07-21,Tuesday,19,518,North Indian,4.7,34,3,0,Routine,0
O005191,C0338,R0137,2026-06-09,Tuesday,20,312,Chinese,4.3,35,4,0,Work Lunch,0
O005192,C0338,R0120,2026-07-21,Tuesday,14,709,Biryani,4.0,39,5,0,Family,0
O005193,C0338,R0076,2026-01-25,Sunday,13,490,Healthy,3.8,19,5,1,Date Night,0
O005194,C0338,R0063,2026-03-24,Tuesday,17,282,Pizza,4.2,32,5,1,Routine,0
O005195,C0338,R0003,2025-11-26,Wednesday,20,261,Chinese,4.0,24,4,0,Date Night,0
O005196,C0338,R0059,2026-03-10,Tuesday,10,710,Cafe,4.4,33,4,1,Routine,0
O005197,C0339,R0144,2026-07-14,Tuesday,18,237,Burgers,4.2,23,4,1,Routine,1
O005198,C0339,R0044,2026-08-26,Wednesday,17,381,Thai,4.2,17,4,1,Work Lunch,0
O005199,C0339,R0144,2025-12-31,Wednesday,23,267,Burgers,4.2,23,3,1,Work Lunch,1
O005200,C0339,R0022,2026-04-05,Sunday,10,736,Biryani,3.7,38,4,1,Routine,0
O005201,C0339,R0111,2026-04-06,Monday,8,383,Desserts,3.6,21,4,1,Work Lunch,1
O005202,C0339,R0081,2026-01-31,Saturday,18,473,Pizza,4.1,42,4,1,Movie Night,0
O005203,C0339,R0112,2025-11-19,Wednesday,23,196,Thai,4.2,34,5,1,Work Lunch,1
O005204,C0339,R0005,2026-03-28,Saturday,8,541,Pizza,4.0,36,3,1,Routine,1
O005205,C0339,R0019,2026-03-01,Sunday,23,424,Biryani,4.1,34,3,1,Late Night,0
O005206,C0339,R0008,2026-03-08,Sunday,19,599,Biryani,3.9,25,4,1,Work Lunch,1
O005207,C0339,R0074,2025-10-08,Wednesday,14,199,Cafe,4.6,27,3,1,Late Night,1
O005208,C0339,R0074,2026-08-16,Sunday,8,209,Cafe,4.6,27,5,0,Routine,1
O005209,C0339,R0144,2025-12-28,Sunday,21,202,Burgers,4.2,23,5,1,Friends,1
O005210,C0339,R0058,2025-10-18,Saturday,17,463,North Indian,4.7,24,5,1,Work Lunch,0
O005211,C0339,R0008,2025-10-20,Monday,14,712,Biryani,3.9,25,5,1,Work Lunch,1
O005212,C0339,R0033,2026-02-26,Thursday,19,337,Cafe,4.2,33,4,1,Work Lunch,0
O005213,C0339,R0005,2025-10-03,Friday,14,699,Pizza,4.0,36,4,1,Routine,1
O005214,C0339,R0111,2026-01-10,Saturday,13,429,Desserts,3.6,21,4,1,Routine,1
O005215,C0339,R0112,2026-01-05,Monday,20,223,Thai,4.2,34,3,1,Routine,1
O005216,C0339,R0144,2026-04-16,Thursday,20,231,Burgers,4.2,23,4,1,Routine,1
O005217,C0340,R0125,2026-08-31,Monday,17,364,Pizza,3.8,29,4,0,Late Night,0
O005218,C0340,R0077,2026-03-08,Sunday,12,794,Maharashtrian,4.0,41,5,1,Routine,1
O005219,C0340,R0031,2026-02-12,Thursday,22,323,Italian,4.2,31,5,1,Late Night,0
O005220,C0340,R0077,2026-04-29,Wednesday,20,1039,Maharashtrian,4.0,41,4,0,Routine,1
O005221,C0340,R0032,2026-04-25,Saturday,9,623,Italian,4.3,34,2,0,Family,0
O005222,C0340,R0077,2025-10-12,Sunday,23,673,Maharashtrian,4.0,41,4,1,Friends,1
O005223,C0340,R0093,2026-05-28,Thursday,21,231,Pizza,4.7,28,2,0,Family,0
O005224,C0340,R0070,2026-03-24,Tuesday,17,245,Cafe,3.6,24,5,0,Late Night,0
O005225,C0340,R0136,2026-02-02,Monday,22,428,Chinese,3.6,45,4,0,Work Lunch,0
O005226,C0341,R0058,2025-12-20,Saturday,17,464,North Indian,4.7,24,5,1,Routine,1
O005227,C0341,R0103,2025-11-04,Tuesday,19,345,Italian,4.9,32,5,1,Routine,1
O005228,C0341,R0108,2026-02-14,Saturday,22,277,North Indian,4.5,36,4,1,Family,0
O005229,C0341,R0111,2026-01-15,Thursday,21,352,Desserts,3.6,21,4,1,Friends,1
O005230,C0341,R0072,2026-04-25,Saturday,17,324,Cafe,4.4,19,5,0,Family,1
O005231,C0341,R0111,2025-09-05,Friday,14,365,Desserts,3.6,21,3,0,Friends,1
O005232,C0341,R0058,2025-09-27,Saturday,23,585,North Indian,4.7,24,5,0,Routine,1
O005233,C0341,R0072,2026-01-04,Sunday,22,397,Cafe,4.4,19,4,0,Friends,1
O005234,C0341,R0103,2026-05-02,Saturday,23,419,Italian,4.9,32,4,0,Friends,1
O005235,C0341,R0048,2026-06-06,Saturday,13,178,Cafe,4.6,29,3,0,Routine,0
O005236,C0341,R0019,2025-09-05,Friday,23,400,Biryani,4.1,34,4,1,Friends,0
O005237,C0341,R0044,2026-06-17,Wednesday,10,391,Thai,4.2,17,4,0,Routine,0
O005238,C0341,R0072,2026-07-07,Tuesday,14,340,Cafe,4.4,19,5,1,Work Lunch,1
O005239,C0341,R0033,2026-01-03,Saturday,12,391,Cafe,4.2,33,4,0,Routine,0
O005240,C0341,R0027,2025-11-14,Friday,22,424,Maharashtrian,4.5,48,3,0,Friends,0
O005241,C0342,R0124,2026-08-25,Tuesday,18,293,Healthy,4.4,15,4,0,Routine,1
O005242,C0342,R0031,2026-08-17,Monday,10,395,Italian,4.2,31,3,0,Routine,0
O005243,C0342,R0067,2026-03-28,Saturday,13,473,Cafe,3.9,32,5,1,Routine,1
O005244,C0342,R0024,2025-12-06,Saturday,19,548,Burgers,4.1,43,4,0,Late Night,1
O005245,C0342,R0024,2026-02-13,Friday,12,770,Burgers,4.1,43,3,1,Date Night,1
O005246,C0342,R0104,2026-03-23,Monday,23,638,Cafe,4.3,38,3,0,Movie Night,0
O005247,C0342,R0030,2026-04-25,Saturday,17,225,Thai,4.0,38,4,1,Family,0
O005248,C0342,R0007,2026-07-02,Thursday,21,681,Chinese,4.2,23,4,1,Routine,1
O005249,C0342,R0133,2025-11-25,Tuesday,18,447,Chinese,3.6,43,3,1,Work Lunch,0
O005250,C0342,R0093,2026-01-01,Thursday,20,242,Pizza,4.7,28,3,0,Late Night,0
O005251,C0342,R0024,2025-11-22,Saturday,12,842,Burgers,4.1,43,4,1,Friends,1
O005252,C0342,R0007,2026-02-22,Sunday,21,1102,Chinese,4.2,23,3,0,Routine,1
O005253,C0342,R0024,2025-11-10,Monday,12,513,Burgers,4.1,43,4,0,Friends,1
O005254,C0342,R0077,2025-09-13,Saturday,20,730,Maharashtrian,4.0,41,2,1,Routine,1
O005255,C0342,R0107,2026-08-20,Thursday,8,235,Healthy,4.0,48,4,0,Routine,0
O005256,C0342,R0105,2026-07-14,Tuesday,12,303,North Indian,3.8,47,4,0,Routine,1
O005257,C0342,R0024,2025-11-30,Sunday,19,470,Burgers,4.1,43,5,1,Routine,1
O005258,C0342,R0105,2025-11-11,Tuesday,12,263,North Indian,3.8,47,5,0,Late Night,1
O005259,C0342,R0067,2026-05-13,Wednesday,21,452,Cafe,3.9,32,3,0,Routine,1
O005260,C0342,R0077,2026-07-01,Wednesday,19,766,Maharashtrian,4.0,41,4,1,Routine,1
O005261,C0342,R0124,2026-07-10,Friday,8,310,Healthy,4.4,15,5,0,Date Night,1
O005262,C0343,R0056,2026-05-07,Thursday,14,538,Biryani,3.8,49,2,1,Date Night,0
O005263,C0343,R0005,2025-10-15,Wednesday,14,396,Pizza,4.0,36,4,0,Movie Night,1
O005264,C0343,R0066,2026-08-21,Friday,14,927,Pizza,4.3,30,5,0,Routine,1
O005265,C0343,R0022,2026-03-20,Friday,8,749,Biryani,3.7,38,5,1,Movie Night,1
O005266,C0343,R0108,2026-04-16,Thursday,14,240,North Indian,4.5,36,4,1,Work Lunch,1
O005267,C0343,R0033,2026-08-21,Friday,20,418,Cafe,4.2,33,4,0,Friends,1
O005268,C0343,R0074,2025-12-14,Sunday,19,305,Cafe,4.6,27,5,1,Late Night,1
O005269,C0343,R0074,2025-11-04,Tuesday,8,191,Cafe,4.6,27,3,0,Routine,1
O005270,C0343,R0072,2026-03-22,Sunday,23,303,Cafe,4.4,19,5,0,Routine,1
O005271,C0343,R0033,2026-01-05,Monday,12,349,Cafe,4.2,33,3,1,Friends,1
O005272,C0343,R0033,2025-12-05,Friday,23,374,Cafe,4.2,33,5,1,Date Night,1
O005273,C0343,R0111,2026-07-19,Sunday,22,472,Desserts,3.6,21,4,0,Date Night,0
O005274,C0343,R0005,2025-11-06,Thursday,18,616,Pizza,4.0,36,4,1,Work Lunch,1
O005275,C0343,R0027,2026-04-29,Wednesday,12,416,Maharashtrian,4.5,48,5,0,Routine,0
O005276,C0343,R0072,2025-10-10,Friday,17,358,Cafe,4.4,19,5,1,Movie Night,1
O005277,C0343,R0108,2026-05-19,Tuesday,22,305,North Indian,4.5,36,5,0,Late Night,1
O005278,C0343,R0044,2026-03-24,Tuesday,17,430,Thai,4.2,17,5,1,Late Night,1
O005279,C0343,R0074,2026-05-04,Monday,8,220,Cafe,4.6,27,4,0,Late Night,1
O005280,C0343,R0066,2026-04-16,Thursday,8,984,Pizza,4.3,30,4,1,Routine,1
O005281,C0343,R0008,2026-03-06,Friday,8,701,Biryani,3.9,25,4,1,Routine,0
O005282,C0343,R0072,2025-09-19,Friday,14,277,Cafe,4.4,19,4,1,Family,1
O005283,C0343,R0108,2025-11-27,Thursday,20,206,North Indian,4.5,36,3,0,Family,1
O005284,C0343,R0144,2026-02-04,Wednesday,10,306,Burgers,4.2,23,5,0,Friends,0
O005285,C0343,R0005,2025-10-15,Wednesday,22,558,Pizza,4.0,36,5,0,Movie Night,1
O005286,C0343,R0074,2026-07-26,Sunday,18,306,Cafe,4.6,27,3,0,Date Night,1
O005287,C0343,R0048,2026-02-01,Sunday,22,200,Cafe,4.6,29,3,0,Routine,0
O005288,C0343,R0005,2026-05-13,Wednesday,13,540,Pizza,4.0,36,3,0,Routine,1
O005289,C0343,R0072,2026-07-30,Thursday,17,292,Cafe,4.4,19,3,0,Work Lunch,1
O005290,C0343,R0022,2026-03-08,Sunday,19,652,Biryani,3.7,38,3,0,Routine,1
O005291,C0343,R0044,2026-04-22,Wednesday,17,352,Thai,4.2,17,4,0,Routine,1
O005292,C0343,R0033,2026-06-20,Saturday,8,421,Cafe,4.2,33,3,1,Movie Night,1
O005293,C0344,R0086,2026-04-10,Friday,10,245,Italian,4.4,23,4,1,Routine,0
O005294,C0344,R0068,2025-09-22,Monday,12,570,Thai,4.3,20,5,1,Friends,1
O005295,C0344,R0068,2025-12-08,Monday,23,377,Thai,4.3,20,5,1,Family,1
O005296,C0344,R0037,2026-03-03,Tuesday,21,223,Maharashtrian,4.6,45,3,1,Movie Night,1
O005297,C0344,R0089,2026-03-27,Friday,23,392,Chinese,3.9,30,5,0,Routine,0
O005298,C0344,R0012,2026-03-31,Tuesday,22,347,Pizza,3.3,27,4,1,Routine,0
O005299,C0344,R0060,2026-06-22,Monday,18,290,Italian,4.3,43,3,1,Routine,0
O005300,C0344,R0083,2026-07-03,Friday,18,515,Healthy,4.3,36,4,0,Friends,0
O005301,C0344,R0094,2025-12-17,Wednesday,9,282,Italian,4.4,42,5,1,Family,1
O005302,C0344,R0037,2025-12-22,Monday,20,345,Maharashtrian,4.6,45,3,1,Friends,1
O005303,C0344,R0068,2026-06-21,Sunday,21,539,Thai,4.3,20,4,1,Work Lunch,1
O005304,C0344,R0068,2026-06-23,Tuesday,19,693,Thai,4.3,20,5,1,Friends,1
O005305,C0344,R0094,2026-07-05,Sunday,23,435,Italian,4.4,42,4,0,Routine,1
O005306,C0345,R0009,2026-07-05,Sunday,22,374,Biryani,4.4,30,3,1,Family,0
O005307,C0345,R0135,2025-09-19,Friday,20,674,Desserts,4.2,31,2,1,Date Night,0
O005308,C0345,R0145,2026-02-10,Tuesday,14,744,South Indian,4.5,28,4,0,Routine,1
O005309,C0345,R0101,2026-01-24,Saturday,20,344,Chinese,4.2,27,5,1,Friends,0
O005310,C0345,R0065,2026-08-06,Thursday,12,972,Healthy,4.8,37,4,0,Routine,0
O005311,C0345,R0145,2026-04-03,Friday,23,975,South Indian,4.5,28,5,1,Movie Night,1
O005312,C0345,R0134,2026-01-31,Saturday,12,1020,Maharashtrian,4.3,28,5,0,Routine,0
O005313,C0345,R0100,2025-12-24,Wednesday,20,284,Chinese,4.4,29,4,0,Routine,0
O005314,C0345,R0055,2026-03-16,Monday,9,1328,Biryani,3.6,31,5,0,Routine,0
O005315,C0346,R0092,2025-11-21,Friday,22,753,South Indian,4.5,15,3,1,Family,1
O005316,C0346,R0147,2026-08-28,Friday,19,416,Biryani,3.9,17,3,1,Date Night,1
O005317,C0346,R0126,2025-10-10,Friday,21,496,Italian,4.1,21,5,0,Movie Night,0
O005318,C0346,R0147,2025-10-25,Saturday,14,493,Biryani,3.9,17,4,0,Family,1
O005319,C0346,R0141,2026-06-16,Tuesday,14,747,Burgers,4.2,26,5,1,Routine,1
O005320,C0346,R0131,2025-09-10,Wednesday,8,435,South Indian,4.4,28,5,0,Friends,1
O005321,C0346,R0079,2025-12-04,Thursday,21,426,Chinese,4.1,36,3,1,Work Lunch,1
O005322,C0346,R0079,2026-08-25,Tuesday,10,609,Chinese,4.1,36,5,0,Routine,1
O005323,C0346,R0131,2025-12-09,Tuesday,20,583,South Indian,4.4,28,4,0,Late Night,1
O005324,C0346,R0090,2026-08-28,Friday,13,798,Maharashtrian,4.5,33,3,0,Late Night,0
O005325,C0346,R0141,2026-02-02,Monday,10,816,Burgers,4.2,26,3,1,Movie Night,1
O005326,C0346,R0141,2026-07-25,Saturday,10,525,Burgers,4.2,26,3,1,Routine,1
O005327,C0346,R0079,2026-04-26,Sunday,22,408,Chinese,4.1,36,5,0,Family,1
O005328,C0346,R0138,2026-05-11,Monday,9,895,North Indian,4.6,22,4,1,Movie Night,0
O005329,C0346,R0092,2026-05-16,Saturday,19,898,South Indian,4.5,15,3,1,Routine,1
O005330,C0346,R0079,2025-11-06,Thursday,12,594,Chinese,4.1,36,3,0,Work Lunch,1
O005331,C0346,R0080,2026-07-28,Tuesday,19,564,South Indian,4.7,27,5,0,Friends,0
O005332,C0346,R0143,2025-10-01,Wednesday,14,377,Desserts,4.0,25,5,1,Friends,0
O005333,C0347,R0071,2026-01-28,Wednesday,9,273,South Indian,4.1,48,4,1,Work Lunch,1
O005334,C0347,R0050,2025-09-27,Saturday,17,594,Biryani,4.0,26,3,1,Friends,1
O005335,C0347,R0050,2025-12-13,Saturday,22,779,Biryani,4.0,26,4,1,Friends,1
O005336,C0347,R0091,2026-06-23,Tuesday,21,279,Biryani,4.0,34,4,1,Work Lunch,1
O005337,C0347,R0042,2026-02-05,Thursday,18,449,Chinese,4.4,21,4,1,Date Night,0
O005338,C0347,R0091,2026-06-23,Tuesday,20,247,Biryani,4.0,34,5,1,Family,1
O005339,C0347,R0140,2026-01-18,Sunday,17,389,Biryani,4.5,15,4,0,Routine,0
O005340,C0347,R0088,2026-08-15,Saturday,14,309,Biryani,4.1,33,5,1,Family,1
O005341,C0347,R0088,2026-08-19,Wednesday,18,371,Biryani,4.1,33,4,1,Friends,1
O005342,C0347,R0071,2026-06-19,Friday,23,225,South Indian,4.1,48,5,1,Date Night,1
O005343,C0348,R0088,2025-12-09,Tuesday,21,379,Biryani,4.1,33,4,1,Family,1
O005344,C0348,R0140,2025-09-03,Wednesday,20,546,Biryani,4.5,15,5,1,Movie Night,1
O005345,C0348,R0042,2026-04-17,Friday,10,483,Chinese,4.4,21,4,1,Routine,1
O005346,C0348,R0091,2025-11-02,Sunday,8,314,Biryani,4.0,34,5,1,Movie Night,1
O005347,C0348,R0042,2025-10-02,Thursday,20,304,Chinese,4.4,21,5,1,Movie Night,1
O005348,C0348,R0050,2026-04-03,Friday,9,759,Biryani,4.0,26,4,1,Work Lunch,0
O005349,C0348,R0038,2025-11-08,Saturday,8,594,Chinese,4.0,29,3,1,Routine,1
O005350,C0348,R0052,2026-02-14,Saturday,14,476,Thai,4.7,29,5,0,Movie Night,1
O005351,C0348,R0091,2026-04-20,Monday,21,315,Biryani,4.0,34,3,1,Family,1
O005352,C0348,R0071,2026-01-22,Thursday,14,245,South Indian,4.1,48,4,1,Work Lunch,1
O005353,C0348,R0038,2026-05-27,Wednesday,17,607,Chinese,4.0,29,5,1,Routine,1
O005354,C0348,R0042,2026-03-04,Wednesday,18,405,Chinese,4.4,21,4,0,Work Lunch,1
O005355,C0348,R0071,2025-11-29,Saturday,13,193,South Indian,4.1,48,3,1,Work Lunch,1
O005356,C0348,R0071,2026-01-20,Tuesday,8,301,South Indian,4.1,48,5,1,Routine,1
O005357,C0348,R0071,2026-03-18,Wednesday,19,342,South Indian,4.1,48,4,1,Work Lunch,1
O005358,C0348,R0016,2026-05-26,Tuesday,23,531,Burgers,4.5,33,5,1,Date Night,0
O005359,C0348,R0088,2026-05-31,Sunday,10,415,Biryani,4.1,33,4,0,Routine,1
O005360,C0348,R0140,2025-10-01,Wednesday,14,357,Biryani,4.5,15,4,1,Routine,1
O005361,C0348,R0052,2026-03-16,Monday,14,564,Thai,4.7,29,5,1,Routine,1
O005362,C0349,R0136,2025-10-26,Sunday,10,328,Chinese,3.6,45,4,0,Routine,1
O005363,C0349,R0093,2026-01-11,Sunday,13,220,Pizza,4.7,28,4,1,Routine,1
O005364,C0349,R0119,2026-05-22,Friday,20,477,Desserts,4.2,37,4,0,Family,1
O005365,C0349,R0119,2026-01-31,Saturday,8,464,Desserts,4.2,37,4,1,Routine,1
O005366,C0349,R0129,2025-12-14,Sunday,12,291,Cafe,4.6,46,5,0,Family,0
O005367,C0349,R0119,2026-06-02,Tuesday,17,403,Desserts,4.2,37,4,1,Routine,1
O005368,C0349,R0104,2025-12-30,Tuesday,14,790,Cafe,4.3,38,5,0,Movie Night,0
O005369,C0349,R0123,2025-09-23,Tuesday,22,757,South Indian,3.8,37,4,1,Routine,0
O005370,C0349,R0124,2025-09-12,Friday,12,405,Healthy,4.4,15,4,0,Work Lunch,1
O005371,C0349,R0032,2025-09-25,Thursday,20,517,Italian,4.3,34,3,1,Routine,0
O005372,C0349,R0030,2026-01-17,Saturday,10,269,Thai,4.0,38,5,1,Movie Night,0
O005373,C0349,R0024,2026-05-22,Friday,21,536,Burgers,4.1,43,5,0,Work Lunch,0
O005374,C0349,R0077,2025-11-29,Saturday,8,607,Maharashtrian,4.0,41,4,0,Date Night,0
O005375,C0349,R0093,2026-02-19,Thursday,22,197,Pizza,4.7,28,5,1,Routine,1
O005376,C0349,R0107,2026-07-12,Sunday,22,204,Healthy,4.0,48,4,0,Family,0
O005377,C0349,R0136,2025-09-17,Wednesday,20,312,Chinese,3.6,45,3,0,Date Night,1
O005378,C0349,R0070,2026-01-22,Thursday,22,221,Cafe,3.6,24,3,0,Routine,0
O005379,C0349,R0124,2026-01-17,Saturday,21,302,Healthy,4.4,15,3,1,Family,1
O005380,C0350,R0012,2026-06-27,Saturday,23,251,Pizza,3.3,27,3,1,Work Lunch,1
O005381,C0350,R0018,2025-10-05,Sunday,20,217,Pizza,3.5,47,3,0,Work Lunch,1
O005382,C0350,R0037,2026-05-08,Friday,20,261,Maharashtrian,4.6,45,5,1,Movie Night,1
O005383,C0350,R0037,2025-11-10,Monday,13,305,Maharashtrian,4.6,45,4,1,Routine,1
O005384,C0350,R0012,2025-11-19,Wednesday,19,404,Pizza,3.3,27,5,0,Routine,1
O005385,C0350,R0018,2025-12-18,Thursday,14,280,Pizza,3.5,47,5,1,Work Lunch,1
O005386,C0350,R0018,2026-01-18,Sunday,19,211,Pizza,3.5,47,4,1,Routine,1
O005387,C0350,R0012,2026-02-11,Wednesday,8,313,Pizza,3.3,27,5,0,Work Lunch,1
O005388,C0350,R0035,2026-03-02,Monday,23,270,Desserts,4.6,27,5,0,Date Night,0
O005389,C0350,R0012,2026-08-21,Friday,18,363,Pizza,3.3,27,4,1,Routine,1
O005390,C0350,R0086,2026-05-20,Wednesday,8,282,Italian,4.4,23,3,0,Family,0
O005391,C0351,R0053,2026-05-15,Friday,21,417,Cafe,4.4,26,4,0,Friends,1
O005392,C0351,R0023,2025-12-25,Thursday,20,694,Cafe,4.1,21,5,1,Routine,0
O005393,C0351,R0113,2025-09-11,Thursday,14,538,Healthy,4.2,42,5,0,Family,0
O005394,C0351,R0087,2026-07-20,Monday,23,712,Cafe,4.3,36,4,0,Family,1
O005395,C0351,R0101,2025-11-12,Wednesday,21,400,Chinese,4.2,27,4,0,Late Night,0
O005396,C0351,R0057,2025-09-02,Tuesday,10,279,Maharashtrian,4.6,32,3,0,Friends,0
O005397,C0351,R0134,2026-01-08,Thursday,13,964,Maharashtrian,4.3,28,4,0,Routine,0
O005398,C0351,R0013,2025-09-24,Wednesday,23,992,South Indian,4.1,44,5,1,Routine,0
O005399,C0351,R0087,2025-10-18,Saturday,14,519,Cafe,4.3,36,3,0,Movie Night,1
O005400,C0351,R0053,2026-07-06,Monday,23,406,Cafe,4.4,26,5,1,Routine,1
O005401,C0351,R0075,2026-05-26,Tuesday,13,348,South Indian,4.2,43,4,0,Family,0
O005402,C0352,R0020,2025-09-10,Wednesday,18,775,Biryani,4.2,28,4,1,Routine,1
O005403,C0352,R0092,2026-02-08,Sunday,10,913,South Indian,4.5,15,5,0,Routine,0
O005404,C0352,R0126,2025-10-21,Tuesday,20,428,Italian,4.1,21,3,1,Date Night,0
O005405,C0352,R0020,2026-08-08,Saturday,18,639,Biryani,4.2,28,5,1,Work Lunch,1
O005406,C0352,R0043,2026-06-01,Monday,17,316,Pizza,4.3,15,3,0,Work Lunch,0
O005407,C0352,R0141,2026-07-11,Saturday,14,570,Burgers,4.2,26,5,1,Late Night,0
O005408,C0353,R0058,2025-10-30,Thursday,21,545,North Indian,4.7,24,4,1,Routine,0
O005409,C0353,R0111,2026-05-22,Friday,17,355,Desserts,3.6,21,5,0,Friends,0
O005410,C0353,R0022,2026-08-19,Wednesday,19,701,Biryani,3.7,38,3,0,Friends,1
O005411,C0353,R0022,2025-12-14,Sunday,8,610,Biryani,3.7,38,5,0,Family,1
O005412,C0353,R0036,2025-11-07,Friday,20,716,Biryani,3.9,40,2,0,Routine,0
O005413,C0354,R0063,2026-07-27,Monday,19,255,Pizza,4.2,32,4,1,Movie Night,0
O005414,C0354,R0137,2026-08-24,Monday,19,275,Chinese,4.3,35,3,1,Date Night,0
O005415,C0354,R0003,2026-01-21,Wednesday,9,272,Chinese,4.0,24,4,1,Family,0
O005416,C0354,R0011,2025-11-22,Saturday,12,336,Chinese,4.0,36,5,0,Friends,0
O005417,C0354,R0116,2025-12-23,Tuesday,10,375,Maharashtrian,4.2,35,4,1,Late Night,1
O005418,C0354,R0057,2026-04-09,Thursday,8,344,Maharashtrian,4.6,32,5,1,Friends,1
O005419,C0354,R0149,2026-03-05,Thursday,22,434,North Indian,4.7,34,4,1,Family,0
O005420,C0354,R0065,2026-07-17,Friday,23,825,Healthy,4.8,37,4,1,Routine,1
O005421,C0354,R0065,2026-04-25,Saturday,17,740,Healthy,4.8,37,3,1,Movie Night,1
O005422,C0354,R0116,2026-01-29,Thursday,19,327,Maharashtrian,4.2,35,3,0,Routine,1
O005423,C0354,R0134,2026-04-17,Friday,12,515,Maharashtrian,4.3,28,4,1,Friends,1
O005424,C0354,R0073,2026-03-17,Tuesday,17,711,Maharashtrian,4.4,18,3,1,Routine,0
O005425,C0354,R0034,2026-07-01,Wednesday,12,374,Burgers,4.8,40,5,1,Friends,0
O005426,C0354,R0134,2026-07-27,Monday,21,852,Maharashtrian,4.3,28,4,1,Routine,1
O005427,C0354,R0057,2025-10-19,Sunday,23,342,Maharashtrian,4.6,32,5,1,Family,1
O005428,C0354,R0029,2025-10-18,Saturday,18,1101,Chinese,4.3,43,4,0,Family,0
O005429,C0354,R0113,2025-11-17,Monday,13,586,Healthy,4.2,42,5,1,Date Night,1
O005430,C0354,R0010,2026-03-16,Monday,14,340,Desserts,3.5,15,4,1,Movie Night,0
O005431,C0354,R0150,2026-06-17,Wednesday,13,556,Maharashtrian,4.0,36,5,1,Work Lunch,0
O005432,C0354,R0113,2026-06-09,Tuesday,20,509,Healthy,4.2,42,2,1,Movie Night,1
O005433,C0355,R0131,2026-04-05,Sunday,10,530,South Indian,4.4,28,4,0,Routine,0
O005434,C0355,R0020,2026-04-25,Saturday,22,881,Biryani,4.2,28,5,1,Routine,1
O005435,C0355,R0092,2026-08-02,Sunday,18,920,South Indian,4.5,15,5,1,Routine,0
O005436,C0355,R0020,2026-07-18,Saturday,19,876,Biryani,4.2,28,4,1,Late Night,1
O005437,C0355,R0025,2025-09-15,Monday,10,799,Cafe,4.1,35,5,0,Movie Night,0
O005438,C0355,R0080,2025-12-27,Saturday,18,537,South Indian,4.7,27,4,1,Friends,0
O005439,C0355,R0020,2026-06-22,Monday,8,660,Biryani,4.2,28,5,0,Routine,1
O005440,C0355,R0021,2026-04-09,Thursday,14,655,Thai,4.1,34,3,1,Movie Night,0
O005441,C0355,R0079,2026-06-06,Saturday,21,367,Chinese,4.1,36,3,0,Friends,1
O005442,C0355,R0079,2025-09-30,Tuesday,21,493,Chinese,4.1,36,4,0,Movie Night,1
O005443,C0356,R0028,2026-01-23,Friday,23,360,South Indian,4.2,38,4,1,Work Lunch,0
O005444,C0356,R0084,2026-04-18,Saturday,20,483,Desserts,4.1,32,5,1,Routine,1
O005445,C0356,R0002,2026-01-12,Monday,9,226,Maharashtrian,4.4,29,5,1,Friends,0
O005446,C0356,R0084,2026-04-17,Friday,17,491,Desserts,4.1,32,5,1,Work Lunch,1
O005447,C0356,R0127,2026-02-09,Monday,12,428,Pizza,4.4,34,4,1,Family,1
O005448,C0356,R0017,2025-10-11,Saturday,19,238,Chinese,4.4,65,4,1,Family,0
O005449,C0356,R0085,2026-08-18,Tuesday,8,317,Desserts,3.4,26,5,0,Movie Night,0
O005450,C0356,R0127,2025-12-18,Thursday,18,464,Pizza,4.4,34,4,0,Family,1
O005451,C0356,R0109,2026-03-01,Sunday,20,1037,Desserts,4.3,29,4,1,Routine,1
O005452,C0356,R0109,2026-05-12,Tuesday,20,1043,Desserts,4.3,29,5,0,Routine,1
O005453,C0356,R0109,2026-06-26,Friday,13,1019,Desserts,4.3,29,4,0,Work Lunch,1
O005454,C0356,R0045,2026-07-10,Friday,23,1090,Maharashtrian,4.7,38,3,0,Friends,0
O005455,C0356,R0117,2026-03-20,Friday,10,479,Italian,3.9,43,3,1,Work Lunch,0
O005456,C0356,R0121,2026-06-10,Wednesday,12,314,Italian,4.8,41,4,1,Family,0
O005457,C0356,R0084,2026-06-10,Wednesday,19,618,Desserts,4.1,32,4,1,Work Lunch,1
O005458,C0356,R0054,2025-12-16,Tuesday,19,597,Chinese,3.6,34,5,0,Routine,0
O005459,C0356,R0064,2025-11-20,Thursday,8,995,North Indian,3.9,53,3,1,Friends,0
O005460,C0357,R0129,2026-03-25,Wednesday,9,249,Cafe,4.6,46,4,1,Routine,1
O005461,C0357,R0007,2026-07-02,Thursday,17,957,Chinese,4.2,23,4,1,Friends,1
O005462,C0357,R0119,2025-12-03,Wednesday,9,284,Desserts,4.2,37,5,1,Late Night,0
O005463,C0357,R0104,2026-08-09,Sunday,20,883,Cafe,4.3,38,3,1,Routine,1
O005464,C0357,R0125,2026-02-19,Thursday,22,247,Pizza,3.8,29,3,1,Routine,0
O005465,C0357,R0099,2026-06-08,Monday,9,289,North Indian,3.8,28,4,1,Routine,0
O005466,C0357,R0104,2026-06-19,Friday,21,579,Cafe,4.3,38,3,1,Date Night,1
O005467,C0357,R0007,2026-05-27,Wednesday,21,772,Chinese,4.2,23,5,0,Work Lunch,1
O005468,C0357,R0110,2026-08-03,Monday,23,354,Italian,4.7,33,4,1,Date Night,0
O005469,C0357,R0032,2026-05-21,Thursday,23,392,Italian,4.3,34,5,1,Routine,0
O005470,C0357,R0006,2025-09-15,Monday,21,494,Chinese,3.5,26,5,1,Movie Night,0
O005471,C0357,R0007,2025-09-05,Friday,17,796,Chinese,4.2,23,5,1,Work Lunch,1
O005472,C0357,R0136,2026-07-04,Saturday,8,342,Chinese,3.6,45,3,1,Movie Night,1
O005473,C0357,R0061,2025-09-26,Friday,18,645,Burgers,4.5,34,4,1,Family,0
O005474,C0357,R0129,2025-12-23,Tuesday,18,234,Cafe,4.6,46,2,1,Date Night,1
O005475,C0357,R0136,2026-06-30,Tuesday,19,408,Chinese,3.6,45,4,1,Routine,1
O005476,C0357,R0136,2026-06-12,Friday,20,406,Chinese,3.6,45,5,1,Movie Night,1
O005477,C0357,R0129,2025-12-25,Thursday,13,336,Cafe,4.6,46,3,1,Movie Night,1
O005478,C0357,R0133,2026-05-21,Thursday,21,465,Chinese,3.6,43,4,1,Late Night,0
O005479,C0357,R0046,2026-04-13,Monday,21,279,South Indian,4.4,45,4,1,Routine,0
O005480,C0357,R0030,2026-04-22,Wednesday,8,285,Thai,4.0,38,4,1,Routine,0
O005481,C0357,R0107,2026-02-10,Tuesday,8,310,Healthy,4.0,48,5,1,Work Lunch,0
O005482,C0358,R0044,2026-02-16,Monday,18,241,Thai,4.2,17,5,0,Family,1
O005483,C0358,R0044,2026-04-01,Wednesday,19,399,Thai,4.2,17,4,1,Date Night,1
O005484,C0358,R0036,2025-12-26,Friday,12,664,Biryani,3.9,40,3,1,Routine,0
O005485,C0358,R0056,2026-08-21,Friday,18,742,Biryani,3.8,49,4,1,Routine,1
O005486,C0358,R0074,2026-05-09,Saturday,18,302,Cafe,4.6,27,5,1,Routine,0
O005487,C0358,R0040,2025-10-23,Thursday,23,471,South Indian,4.6,27,4,1,Routine,0
O005488,C0358,R0019,2026-08-04,Tuesday,12,450,Biryani,4.1,34,3,1,Routine,0
O005489,C0358,R0103,2026-02-17,Tuesday,14,255,Italian,4.9,32,4,1,Friends,0
O005490,C0358,R0056,2026-08-16,Sunday,23,625,Biryani,3.8,49,5,1,Routine,1
O005491,C0359,R0011,2026-08-14,Friday,8,358,Chinese,4.0,36,5,0,Work Lunch,0
O005492,C0359,R0023,2026-07-28,Tuesday,9,960,Cafe,4.1,21,4,0,Family,0
O005493,C0359,R0145,2026-07-15,Wednesday,20,1054,South Indian,4.5,28,5,0,Friends,0
O005494,C0359,R0150,2025-12-24,Wednesday,19,674,Maharashtrian,4.0,36,5,1,Routine,0
O005495,C0359,R0057,2026-01-23,Friday,13,328,Maharashtrian,4.6,32,3,0,Routine,0
O005496,C0359,R0053,2026-03-09,Monday,19,291,Cafe,4.4,26,3,0,Family,0
O005497,C0359,R0029,2025-10-25,Saturday,9,1064,Chinese,4.3,43,3,0,Routine,1
O005498,C0359,R0137,2026-02-06,Friday,18,393,Chinese,4.3,35,5,0,Late Night,0
O005499,C0359,R0029,2026-08-01,Saturday,22,947,Chinese,4.3,43,4,0,Routine,1
O005500,C0359,R0146,2025-11-19,Wednesday,12,317,Chinese,3.2,28,5,0,Late Night,0
O005501,C0359,R0113,2026-02-14,Saturday,8,614,Healthy,4.2,42,5,1,Routine,0
O005502,C0360,R0143,2026-06-03,Wednesday,18,345,Desserts,4.0,25,3,0,Routine,1
O005503,C0360,R0143,2026-07-20,Monday,23,249,Desserts,4.0,25,5,1,Work Lunch,1
O005504,C0360,R0049,2026-06-02,Tuesday,20,457,Desserts,4.6,22,5,0,Routine,0
O005505,C0360,R0141,2025-09-21,Sunday,20,443,Burgers,4.2,26,4,0,Friends,0
O005506,C0360,R0021,2026-04-20,Monday,20,736,Thai,4.1,34,4,0,Work Lunch,0
O005507,C0361,R0131,2025-09-29,Monday,10,559,South Indian,4.4,28,5,1,Routine,1
O005508,C0361,R0131,2026-02-03,Tuesday,23,469,South Indian,4.4,28,4,0,Date Night,1
O005509,C0361,R0025,2026-01-16,Friday,14,616,Cafe,4.1,35,4,0,Work Lunch,0
O005510,C0361,R0021,2026-01-29,Thursday,13,643,Thai,4.1,34,4,0,Work Lunch,0
O005511,C0361,R0079,2026-05-02,Saturday,20,441,Chinese,4.1,36,5,0,Date Night,0
O005512,C0362,R0060,2025-09-14,Sunday,23,363,Italian,4.3,43,4,0,Late Night,1
O005513,C0362,R0068,2026-04-06,Monday,22,497,Thai,4.3,20,4,1,Movie Night,0
O005514,C0362,R0089,2026-02-01,Sunday,8,528,Chinese,3.9,30,3,0,Routine,1
O005515,C0362,R0037,2025-12-22,Monday,10,324,Maharashtrian,4.6,45,3,1,Family,1
O005516,C0362,R0089,2026-05-05,Tuesday,12,452,Chinese,3.9,30,4,1,Date Night,1
O005517,C0362,R0060,2026-05-19,Tuesday,21,391,Italian,4.3,43,4,1,Routine,1
O005518,C0362,R0037,2025-11-01,Saturday,14,465,Maharashtrian,4.6,45,4,0,Family,1
O005519,C0363,R0079,2026-05-15,Friday,14,467,Chinese,4.1,36,4,1,Work Lunch,1
O005520,C0363,R0080,2025-11-23,Sunday,20,721,South Indian,4.7,27,4,0,Movie Night,1
O005521,C0363,R0092,2026-08-10,Monday,10,951,South Indian,4.5,15,3,1,Friends,1
O005522,C0363,R0043,2025-12-30,Tuesday,9,342,Pizza,4.3,15,3,0,Family,1
O005523,C0363,R0138,2026-06-15,Monday,23,893,North Indian,4.6,22,3,0,Date Night,0
O005524,C0363,R0092,2026-08-31,Monday,8,1015,South Indian,4.5,15,4,0,Routine,1
O005525,C0363,R0049,2025-10-17,Friday,14,400,Desserts,4.6,22,5,0,Family,1
O005526,C0363,R0090,2026-08-29,Saturday,21,808,Maharashtrian,4.5,33,3,0,Routine,1
O005527,C0363,R0147,2025-11-24,Monday,12,442,Biryani,3.9,17,5,1,Routine,0
O005528,C0363,R0020,2026-02-02,Monday,9,1035,Biryani,4.2,28,4,0,Work Lunch,0
O005529,C0363,R0043,2026-03-11,Wednesday,9,385,Pizza,4.3,15,5,1,Family,1
O005530,C0363,R0090,2026-07-19,Sunday,22,689,Maharashtrian,4.5,33,3,0,Routine,1
O005531,C0363,R0126,2026-01-06,Tuesday,20,548,Italian,4.1,21,5,0,Work Lunch,1
O005532,C0363,R0043,2026-03-20,Friday,8,317,Pizza,4.3,15,5,1,Late Night,1
O005533,C0363,R0143,2025-12-17,Wednesday,13,347,Desserts,4.0,25,4,0,Routine,1
O005534,C0363,R0126,2026-03-17,Tuesday,18,492,Italian,4.1,21,4,0,Friends,1
O005535,C0363,R0141,2026-03-20,Friday,10,706,Burgers,4.2,26,5,1,Friends,1
O005536,C0363,R0079,2026-02-25,Wednesday,22,377,Chinese,4.1,36,3,0,Friends,1
O005537,C0363,R0141,2026-03-03,Tuesday,19,475,Burgers,4.2,26,5,1,Routine,1
O005538,C0363,R0080,2025-10-14,Tuesday,21,585,South Indian,4.7,27,3,1,Work Lunch,1
O005539,C0363,R0049,2026-07-11,Saturday,9,342,Desserts,4.6,22,4,1,Work Lunch,1
O005540,C0363,R0143,2026-04-16,Thursday,8,434,Desserts,4.0,25,4,1,Routine,1
O005541,C0364,R0088,2025-11-23,Sunday,10,359,Biryani,4.1,33,3,1,Routine,0
O005542,C0364,R0071,2026-08-08,Saturday,9,204,South Indian,4.1,48,3,1,Work Lunch,1
O005543,C0364,R0016,2026-06-11,Thursday,9,343,Burgers,4.5,33,4,1,Friends,1
O005544,C0364,R0071,2026-01-26,Monday,9,273,South Indian,4.1,48,5,0,Routine,1
O005545,C0364,R0052,2026-02-02,Monday,13,431,Thai,4.7,29,4,1,Friends,0
O005546,C0364,R0140,2026-03-18,Wednesday,22,385,Biryani,4.5,15,3,1,Movie Night,1
O005547,C0364,R0091,2026-08-29,Saturday,20,296,Biryani,4.0,34,4,1,Routine,0
O005548,C0364,R0016,2026-06-16,Tuesday,12,463,Burgers,4.5,33,4,1,Friends,1
O005549,C0364,R0016,2026-04-20,Monday,13,296,Burgers,4.5,33,3,0,Routine,1
O005550,C0364,R0038,2025-11-06,Thursday,20,378,Chinese,4.0,29,3,0,Date Night,1
O005551,C0364,R0140,2025-11-05,Wednesday,19,465,Biryani,4.5,15,5,1,Work Lunch,1
O005552,C0364,R0016,2026-08-08,Saturday,21,386,Burgers,4.5,33,5,1,Late Night,1
O005553,C0364,R0071,2025-12-14,Sunday,23,254,South Indian,4.1,48,3,0,Late Night,1
O005554,C0364,R0071,2025-11-18,Tuesday,17,259,South Indian,4.1,48,4,1,Late Night,1
O005555,C0364,R0071,2026-07-23,Thursday,14,259,South Indian,4.1,48,4,0,Late Night,1
O005556,C0364,R0038,2025-09-17,Wednesday,20,734,Chinese,4.0,29,5,1,Friends,1
O005557,C0364,R0038,2026-06-28,Sunday,17,429,Chinese,4.0,29,5,1,Friends,1
O005558,C0364,R0050,2025-12-06,Saturday,9,567,Biryani,4.0,26,5,1,Family,0
O005559,C0364,R0016,2025-12-07,Sunday,17,333,Burgers,4.5,33,4,1,Work Lunch,1
O005560,C0364,R0016,2026-04-25,Saturday,9,501,Burgers,4.5,33,5,1,Family,1
O005561,C0365,R0003,2026-03-14,Saturday,17,361,Chinese,4.0,24,3,1,Work Lunch,1
O005562,C0365,R0087,2025-10-11,Saturday,8,665,Cafe,4.3,36,4,0,Routine,0
O005563,C0365,R0034,2026-02-09,Monday,22,338,Burgers,4.8,40,4,0,Work Lunch,1
O005564,C0365,R0010,2026-01-03,Saturday,13,340,Desserts,3.5,15,5,1,Routine,1
O005565,C0365,R0118,2025-09-18,Thursday,10,645,Chinese,4.6,37,3,1,Date Night,1
O005566,C0365,R0076,2025-11-06,Thursday,10,360,Healthy,3.8,19,5,1,Friends,1
O005567,C0365,R0134,2025-12-23,Tuesday,13,1113,Maharashtrian,4.3,28,2,1,Family,0
O005568,C0365,R0113,2026-06-07,Sunday,8,615,Healthy,4.2,42,4,1,Routine,0
O005569,C0365,R0118,2025-12-17,Wednesday,22,715,Chinese,4.6,37,3,1,Work Lunch,1
O005570,C0365,R0057,2026-04-06,Monday,19,306,Maharashtrian,4.6,32,4,1,Routine,0
O005571,C0365,R0053,2026-04-05,Sunday,18,385,Cafe,4.4,26,4,1,Work Lunch,0
O005572,C0365,R0101,2025-09-10,Wednesday,9,351,Chinese,4.2,27,5,1,Work Lunch,1
O005573,C0365,R0029,2026-04-21,Tuesday,20,1093,Chinese,4.3,43,4,1,Routine,0
O005574,C0365,R0135,2025-11-17,Monday,21,601,Desserts,4.2,31,5,0,Routine,0
O005575,C0365,R0076,2026-03-27,Friday,9,440,Healthy,3.8,19,3,0,Routine,1
O005576,C0365,R0034,2025-09-15,Monday,20,486,Burgers,4.8,40,3,1,Routine,1
O005577,C0365,R0101,2026-01-05,Monday,23,398,Chinese,4.2,27,5,0,Movie Night,1
O005578,C0365,R0148,2025-10-04,Saturday,18,435,Burgers,3.8,32,3,0,Routine,0
O005579,C0365,R0010,2026-03-23,Monday,14,282,Desserts,3.5,15,5,1,Work Lunch,1
O005580,C0365,R0011,2026-02-06,Friday,10,285,Chinese,4.0,36,5,0,Movie Night,1
O005581,C0365,R0137,2026-03-13,Friday,8,197,Chinese,4.3,35,4,1,Routine,0
O005582,C0365,R0011,2026-03-17,Tuesday,12,351,Chinese,4.0,36,5,1,Work Lunch,1
O005583,C0365,R0003,2025-11-06,Thursday,17,257,Chinese,4.0,24,4,0,Routine,1
O005584,C0365,R0063,2026-06-19,Friday,20,357,Pizza,4.2,32,4,0,Date Night,0
O005585,C0366,R0131,2026-03-03,Tuesday,22,750,South Indian,4.4,28,2,1,Movie Night,0
O005586,C0366,R0021,2026-03-16,Monday,20,743,Thai,4.1,34,5,1,Friends,1
O005587,C0366,R0138,2026-03-03,Tuesday,20,1124,North Indian,4.6,22,3,1,Date Night,0
O005588,C0366,R0021,2026-07-26,Sunday,10,549,Thai,4.1,34,4,0,Work Lunch,1
O005589,C0366,R0147,2026-04-14,Tuesday,17,493,Biryani,3.9,17,3,0,Movie Night,0
O005590,C0366,R0025,2026-01-14,Wednesday,23,569,Cafe,4.1,35,5,0,Routine,1
O005591,C0366,R0092,2026-07-10,Friday,8,1072,South Indian,4.5,15,4,0,Routine,0
O005592,C0366,R0021,2026-06-09,Tuesday,14,713,Thai,4.1,34,4,0,Routine,1
O005593,C0366,R0025,2025-12-02,Tuesday,22,705,Cafe,4.1,35,4,0,Date Night,1
O005594,C0366,R0049,2026-02-24,Tuesday,9,251,Desserts,4.6,22,5,0,Friends,0
O005595,C0366,R0080,2025-12-17,Wednesday,23,501,South Indian,4.7,27,5,0,Late Night,0
O005596,C0367,R0033,2026-01-27,Tuesday,21,450,Cafe,4.2,33,4,0,Routine,0
O005597,C0367,R0081,2026-06-10,Wednesday,17,448,Pizza,4.1,42,4,0,Work Lunch,1
O005598,C0367,R0019,2025-12-03,Wednesday,19,532,Biryani,4.1,34,4,0,Movie Night,0
O005599,C0367,R0112,2025-12-28,Sunday,20,216,Thai,4.2,34,2,0,Routine,0
O005600,C0367,R0022,2026-04-30,Thursday,23,643,Biryani,3.7,38,4,0,Routine,0
O005601,C0367,R0074,2025-12-30,Tuesday,9,205,Cafe,4.6,27,3,0,Routine,0
O005602,C0367,R0066,2026-03-05,Thursday,13,1162,Pizza,4.3,30,3,0,Work Lunch,1
O005603,C0367,R0103,2026-08-24,Monday,9,334,Italian,4.9,32,5,1,Work Lunch,0
O005604,C0367,R0066,2026-05-06,Wednesday,13,958,Pizza,4.3,30,4,1,Family,1
O005605,C0367,R0005,2025-12-12,Friday,10,303,Pizza,4.0,36,4,0,Work Lunch,0
O005606,C0367,R0081,2025-10-30,Thursday,13,342,Pizza,4.1,42,2,1,Friends,1
O005607,C0367,R0040,2026-06-30,Tuesday,18,494,South Indian,4.6,27,3,0,Family,1
O005608,C0367,R0040,2026-04-28,Tuesday,20,456,South Indian,4.6,27,4,0,Movie Night,1
O005609,C0368,R0018,2025-12-20,Saturday,9,228,Pizza,3.5,47,3,0,Routine,1
O005610,C0368,R0089,2026-08-20,Thursday,8,513,Chinese,3.9,30,5,0,Routine,1
O005611,C0368,R0037,2026-06-27,Saturday,14,398,Maharashtrian,4.6,45,4,0,Routine,1
O005612,C0368,R0060,2026-04-15,Wednesday,18,431,Italian,4.3,43,4,1,Friends,1
O005613,C0368,R0018,2026-04-07,Tuesday,9,188,Pizza,3.5,47,5,0,Family,1
O005614,C0368,R0035,2025-09-28,Sunday,22,347,Desserts,4.6,27,3,0,Family,0
O005615,C0368,R0086,2026-03-12,Thursday,19,242,Italian,4.4,23,3,0,Routine,1
O005616,C0368,R0037,2025-10-23,Thursday,22,432,Maharashtrian,4.6,45,3,0,Friends,1
O005617,C0368,R0068,2026-05-05,Tuesday,12,573,Thai,4.3,20,4,0,Routine,0
O005618,C0368,R0018,2025-12-16,Tuesday,20,242,Pizza,3.5,47,5,0,Routine,1
O005619,C0368,R0083,2025-10-19,Sunday,9,448,Healthy,4.3,36,2,0,Routine,1
O005620,C0368,R0086,2026-04-11,Saturday,18,303,Italian,4.4,23,4,0,Family,1
O005621,C0368,R0060,2025-11-28,Friday,21,283,Italian,4.3,43,5,0,Routine,1
O005622,C0368,R0089,2025-09-09,Tuesday,18,362,Chinese,3.9,30,5,0,Date Night,1
O005623,C0368,R0037,2025-10-11,Saturday,19,513,Maharashtrian,4.6,45,5,0,Work Lunch,1
O005624,C0368,R0083,2025-09-25,Thursday,20,704,Healthy,4.3,36,4,0,Friends,1
O005625,C0368,R0086,2026-07-22,Wednesday,19,298,Italian,4.4,23,3,0,Routine,1
O005626,C0368,R0114,2026-02-03,Tuesday,10,153,Chinese,3.6,33,5,0,Routine,0
O005627,C0368,R0037,2026-04-22,Wednesday,8,472,Maharashtrian,4.6,45,3,0,Work Lunch,1
O005628,C0368,R0018,2026-06-09,Tuesday,21,232,Pizza,3.5,47,5,0,Movie Night,1
O005629,C0368,R0037,2025-11-14,Friday,17,266,Maharashtrian,4.6,45,3,1,Movie Night,1
O005630,C0368,R0018,2026-08-04,Tuesday,12,314,Pizza,3.5,47,5,0,Routine,1
O005631,C0369,R0094,2025-10-08,Wednesday,14,440,Italian,4.4,42,3,1,Late Night,0
O005632,C0369,R0060,2025-12-02,Tuesday,22,420,Italian,4.3,43,4,0,Date Night,1
O005633,C0369,R0018,2025-09-08,Monday,17,257,Pizza,3.5,47,5,0,Routine,1
O005634,C0369,R0060,2025-12-05,Friday,12,348,Italian,4.3,43,4,0,Routine,1
O005635,C0369,R0018,2026-05-17,Sunday,17,229,Pizza,3.5,47,5,0,Movie Night,1
O005636,C0369,R0086,2026-07-30,Thursday,22,321,Italian,4.4,23,5,1,Late Night,0
O005637,C0369,R0114,2026-08-24,Monday,8,216,Chinese,3.6,33,5,0,Friends,0
O005638,C0369,R0035,2025-11-11,Tuesday,10,272,Desserts,4.6,27,4,0,Routine,1
O005639,C0369,R0037,2025-10-20,Monday,9,439,Maharashtrian,4.6,45,3,0,Routine,0
O005640,C0369,R0035,2025-11-19,Wednesday,8,392,Desserts,4.6,27,4,1,Work Lunch,1
O005641,C0369,R0035,2026-05-05,Tuesday,8,389,Desserts,4.6,27,5,0,Routine,1
O005642,C0369,R0089,2025-10-10,Friday,13,532,Chinese,3.9,30,5,0,Routine,1
O005643,C0369,R0068,2026-06-30,Tuesday,20,560,Thai,4.3,20,5,0,Routine,0
O005644,C0369,R0012,2025-10-20,Monday,17,366,Pizza,3.3,27,3,0,Work Lunch,0
O005645,C0369,R0089,2026-01-07,Wednesday,12,495,Chinese,3.9,30,3,1,Movie Night,1
O005646,C0370,R0088,2026-05-25,Monday,10,344,Biryani,4.1,33,4,0,Routine,1
O005647,C0370,R0016,2025-11-10,Monday,13,375,Burgers,4.5,33,5,0,Routine,1
O005648,C0370,R0052,2026-02-12,Thursday,12,368,Thai,4.7,29,5,1,Movie Night,1
O005649,C0370,R0042,2026-06-29,Monday,10,396,Chinese,4.4,21,3,0,Routine,1
O005650,C0370,R0052,2025-12-01,Monday,8,512,Thai,4.7,29,5,1,Work Lunch,1
O005651,C0370,R0016,2025-11-12,Wednesday,21,426,Burgers,4.5,33,4,0,Routine,1
O005652,C0370,R0016,2026-08-07,Friday,22,406,Burgers,4.5,33,5,0,Family,1
O005653,C0370,R0016,2025-09-25,Thursday,9,456,Burgers,4.5,33,4,1,Routine,1
O005654,C0370,R0071,2025-12-17,Wednesday,13,304,South Indian,4.1,48,4,0,Family,1
O005655,C0370,R0071,2025-12-18,Thursday,12,278,South Indian,4.1,48,5,0,Family,1
O005656,C0370,R0042,2025-12-09,Tuesday,12,444,Chinese,4.4,21,4,0,Friends,1
O005657,C0370,R0071,2026-03-07,Saturday,10,254,South Indian,4.1,48,5,0,Family,1
O005658,C0370,R0091,2025-10-31,Friday,23,270,Biryani,4.0,34,3,1,Routine,1
O005659,C0370,R0042,2026-01-04,Sunday,22,350,Chinese,4.4,21,5,1,Family,1
O005660,C0370,R0091,2026-02-20,Friday,17,259,Biryani,4.0,34,4,1,Friends,1
O005661,C0370,R0088,2026-02-19,Thursday,10,264,Biryani,4.1,33,3,0,Routine,1
O005662,C0371,R0118,2025-12-06,Saturday,19,528,Chinese,4.6,37,4,0,Work Lunch,1
O005663,C0371,R0011,2026-02-01,Sunday,20,326,Chinese,4.0,36,4,1,Work Lunch,0
O005664,C0371,R0055,2025-09-04,Thursday,10,880,Biryani,3.6,31,4,1,Routine,1
O005665,C0371,R0055,2026-05-22,Friday,17,1222,Biryani,3.6,31,3,1,Work Lunch,1
O005666,C0371,R0148,2026-01-17,Saturday,10,491,Burgers,3.8,32,5,1,Date Night,0
O005667,C0371,R0063,2026-06-27,Saturday,14,264,Pizza,4.2,32,4,0,Routine,0
O005668,C0371,R0118,2026-04-22,Wednesday,21,783,Chinese,4.6,37,2,1,Friends,1
O005669,C0372,R0007,2026-07-19,Sunday,12,801,Chinese,4.2,23,5,1,Routine,0
O005670,C0372,R0119,2026-06-22,Monday,19,372,Desserts,4.2,37,4,1,Friends,1
O005671,C0372,R0123,2026-03-05,Thursday,10,837,South Indian,3.8,37,2,1,Friends,0
O005672,C0372,R0119,2025-12-29,Monday,14,465,Desserts,4.2,37,4,0,Work Lunch,1
O005673,C0372,R0104,2025-10-19,Sunday,14,558,Cafe,4.3,38,5,1,Friends,0
O005674,C0373,R0027,2026-03-17,Tuesday,17,367,Maharashtrian,4.5,48,5,0,Work Lunch,1
O005675,C0373,R0108,2026-02-19,Thursday,20,194,North Indian,4.5,36,3,0,Movie Night,0
O005676,C0373,R0048,2026-01-16,Friday,18,342,Cafe,4.6,29,3,0,Date Night,0
O005677,C0373,R0027,2026-03-20,Friday,10,249,Maharashtrian,4.5,48,4,0,Work Lunch,1
O005678,C0373,R0066,2026-01-06,Tuesday,21,1143,Pizza,4.3,30,5,0,Family,0
O005679,C0373,R0111,2026-07-16,Thursday,17,389,Desserts,3.6,21,4,0,Work Lunch,0
O005680,C0373,R0144,2025-10-25,Saturday,13,258,Burgers,4.2,23,4,0,Work Lunch,0
O005681,C0373,R0081,2026-03-10,Tuesday,12,311,Pizza,4.1,42,4,0,Routine,0
O005682,C0373,R0005,2026-06-26,Friday,22,583,Pizza,4.0,36,4,0,Work Lunch,1
O005683,C0373,R0019,2026-01-27,Tuesday,18,316,Biryani,4.1,34,4,0,Date Night,0
O005684,C0373,R0005,2026-01-18,Sunday,23,448,Pizza,4.0,36,3,0,Work Lunch,1
O005685,C0373,R0008,2026-02-11,Wednesday,21,624,Biryani,3.9,25,5,0,Routine,1
O005686,C0373,R0044,2025-12-17,Wednesday,19,291,Thai,4.2,17,5,0,Family,0
O005687,C0373,R0040,2026-08-20,Thursday,22,418,South Indian,4.6,27,3,1,Late Night,0
O005688,C0373,R0008,2025-11-06,Thursday,23,755,Biryani,3.9,25,5,0,Friends,1
O005689,C0374,R0118,2026-06-24,Wednesday,19,717,Chinese,4.6,37,5,1,Movie Night,1
O005690,C0374,R0145,2026-01-07,Wednesday,10,827,South Indian,4.5,28,4,0,Routine,1
O005691,C0374,R0051,2026-08-30,Sunday,23,705,Desserts,4.1,22,5,0,Late Night,1
O005692,C0374,R0051,2026-05-12,Tuesday,20,441,Desserts,4.1,22,4,0,Routine,1
O005693,C0374,R0134,2025-10-24,Friday,14,751,Maharashtrian,4.3,28,5,1,Work Lunch,0
O005694,C0374,R0029,2025-11-21,Friday,21,944,Chinese,4.3,43,4,0,Work Lunch,1
O005695,C0374,R0146,2026-07-29,Wednesday,22,368,Chinese,3.2,28,4,0,Late Night,0
O005696,C0374,R0100,2025-12-11,Thursday,22,261,Chinese,4.4,29,3,0,Friends,0
O005697,C0374,R0051,2025-12-25,Thursday,14,495,Desserts,4.1,22,3,0,Routine,1
O005698,C0374,R0135,2026-08-05,Wednesday,13,651,Desserts,4.2,31,5,0,Work Lunch,0
O005699,C0374,R0053,2026-02-17,Tuesday,19,367,Cafe,4.4,26,5,0,Date Night,0
O005700,C0374,R0148,2026-01-06,Tuesday,21,290,Burgers,3.8,32,4,0,Family,0
O005701,C0374,R0149,2026-04-01,Wednesday,23,372,North Indian,4.7,34,4,0,Routine,0
O005702,C0374,R0118,2026-06-04,Thursday,10,647,Chinese,4.6,37,3,1,Routine,1
O005703,C0374,R0010,2026-04-30,Thursday,20,350,Desserts,3.5,15,4,0,Friends,1
O005704,C0374,R0029,2026-07-14,Tuesday,20,564,Chinese,4.3,43,4,1,Date Night,1
O005705,C0374,R0087,2026-06-08,Monday,23,846,Cafe,4.3,36,5,0,Friends,1
O005706,C0374,R0142,2026-04-02,Thursday,9,654,South Indian,4.4,36,4,0,Work Lunch,0
O005707,C0374,R0013,2025-12-25,Thursday,21,986,South Indian,4.1,44,5,0,Late Night,0
O005708,C0374,R0010,2025-10-14,Tuesday,9,296,Desserts,3.5,15,5,0,Work Lunch,1
O005709,C0374,R0003,2026-05-23,Saturday,21,331,Chinese,4.0,24,4,0,Routine,1
O005710,C0374,R0087,2026-04-26,Sunday,9,656,Cafe,4.3,36,5,0,Routine,1
O005711,C0374,R0145,2025-09-13,Saturday,18,896,South Indian,4.5,28,4,0,Date Night,1
O005712,C0374,R0003,2026-05-02,Saturday,10,160,Chinese,4.0,24,4,0,Work Lunch,1
O005713,C0374,R0023,2026-05-01,Friday,22,797,Cafe,4.1,21,5,0,Routine,0
O005714,C0374,R0118,2025-09-04,Thursday,9,587,Chinese,4.6,37,3,0,Routine,1
O005715,C0374,R0137,2026-07-13,Monday,17,326,Chinese,4.3,35,3,0,Date Night,0
O005716,C0375,R0144,2026-06-12,Friday,22,245,Burgers,4.2,23,3,1,Routine,0
O005717,C0375,R0036,2025-11-12,Wednesday,17,736,Biryani,3.9,40,4,0,Friends,0
O005718,C0375,R0033,2026-06-22,Monday,12,397,Cafe,4.2,33,5,1,Routine,0
O005719,C0375,R0072,2025-11-03,Monday,13,280,Cafe,4.4,19,5,1,Work Lunch,0
O005720,C0375,R0066,2025-12-11,Thursday,20,576,Pizza,4.3,30,5,1,Date Night,0
O005721,C0375,R0005,2026-04-16,Thursday,17,510,Pizza,4.0,36,4,0,Routine,0
O005722,C0375,R0022,2026-07-27,Monday,13,639,Biryani,3.7,38,3,1,Movie Night,0
O005723,C0375,R0103,2026-06-25,Thursday,21,261,Italian,4.9,32,5,1,Routine,0
O005724,C0375,R0058,2026-08-27,Thursday,13,586,North Indian,4.7,24,3,0,Routine,0
O005725,C0376,R0048,2026-03-28,Saturday,12,240,Cafe,4.6,29,4,0,Movie Night,0
O005726,C0376,R0024,2025-12-08,Monday,20,513,Burgers,4.1,43,5,1,Routine,0
O005727,C0376,R0054,2025-11-12,Wednesday,22,505,Chinese,3.6,34,4,1,Late Night,0
O005728,C0376,R0082,2026-06-30,Tuesday,21,208,Italian,3.6,28,4,1,Movie Night,0
O005729,C0376,R0030,2025-09-07,Sunday,12,284,Thai,4.0,38,3,0,Work Lunch,1
O005730,C0376,R0142,2026-06-22,Monday,13,913,South Indian,4.4,36,4,1,Family,0
O005731,C0376,R0133,2026-08-08,Saturday,9,446,Chinese,3.6,43,4,0,Late Night,0
O005732,C0376,R0005,2025-10-28,Tuesday,10,726,Pizza,4.0,36,2,1,Friends,0
O005733,C0376,R0085,2026-08-27,Thursday,17,342,Desserts,3.4,26,5,1,Friends,0
O005734,C0376,R0120,2026-06-19,Friday,18,552,Biryani,4.0,39,4,0,Routine,0
O005735,C0376,R0038,2026-03-30,Monday,18,661,Chinese,4.0,29,5,0,Late Night,0
O005736,C0376,R0081,2025-09-15,Monday,17,403,Pizza,4.1,42,5,0,Friends,0
O005737,C0376,R0063,2026-06-10,Wednesday,12,314,Pizza,4.2,32,4,1,Routine,0
O005738,C0376,R0030,2025-12-23,Tuesday,20,265,Thai,4.0,38,3,1,Routine,1
O005739,C0376,R0093,2025-10-25,Saturday,17,224,Pizza,4.7,28,4,1,Routine,0
O005740,C0376,R0149,2026-02-28,Saturday,23,378,North Indian,4.7,34,4,0,Date Night,0
O005741,C0376,R0057,2025-09-16,Tuesday,9,220,Maharashtrian,4.6,32,3,1,Work Lunch,0
O005742,C0376,R0083,2026-01-06,Tuesday,20,826,Healthy,4.3,36,3,1,Family,0
O005743,C0376,R0051,2026-06-28,Sunday,8,545,Desserts,4.1,22,4,1,Date Night,0
O005744,C0376,R0129,2025-10-13,Monday,12,298,Cafe,4.6,46,4,1,Routine,0
O005745,C0377,R0072,2026-01-19,Monday,13,324,Cafe,4.4,19,3,1,Routine,0
O005746,C0377,R0144,2026-08-08,Saturday,17,236,Burgers,4.2,23,5,1,Movie Night,1
O005747,C0377,R0066,2026-08-04,Tuesday,23,940,Pizza,4.3,30,3,0,Routine,0
O005748,C0377,R0074,2026-08-19,Wednesday,13,311,Cafe,4.6,27,5,0,Family,1
O005749,C0377,R0122,2025-10-23,Thursday,13,303,North Indian,4.0,35,3,0,Routine,1
O005750,C0377,R0048,2026-06-17,Wednesday,19,215,Cafe,4.6,29,5,1,Date Night,1
O005751,C0377,R0027,2026-01-15,Thursday,9,299,Maharashtrian,4.5,48,4,1,Friends,0
O005752,C0377,R0036,2025-10-08,Wednesday,17,876,Biryani,3.9,40,4,0,Work Lunch,0
O005753,C0377,R0048,2025-12-21,Sunday,8,261,Cafe,4.6,29,2,0,Routine,1
O005754,C0377,R0074,2026-01-08,Thursday,19,258,Cafe,4.6,27,4,1,Routine,1
O005755,C0377,R0005,2026-03-26,Thursday,8,549,Pizza,4.0,36,5,1,Late Night,0
O005756,C0377,R0111,2026-06-25,Thursday,21,435,Desserts,3.6,21,4,1,Friends,0
O005757,C0377,R0019,2026-08-07,Friday,21,328,Biryani,4.1,34,5,1,Routine,0
O005758,C0377,R0112,2025-09-14,Sunday,8,225,Thai,4.2,34,5,1,Movie Night,0
O005759,C0377,R0122,2026-08-03,Monday,10,223,North Indian,4.0,35,4,0,Movie Night,1
O005760,C0377,R0144,2025-09-21,Sunday,10,270,Burgers,4.2,23,4,1,Family,1
O005761,C0377,R0108,2026-04-03,Friday,17,180,North Indian,4.5,36,3,1,Late Night,0
O005762,C0378,R0010,2026-03-27,Friday,19,270,Desserts,3.5,15,3,0,Late Night,1
O005763,C0378,R0029,2025-10-09,Thursday,20,880,Chinese,4.3,43,3,1,Family,0
O005764,C0378,R0010,2026-01-06,Tuesday,13,313,Desserts,3.5,15,4,1,Routine,1
O005765,C0378,R0076,2025-12-13,Saturday,13,522,Healthy,3.8,19,4,1,Family,0
O005766,C0378,R0150,2026-02-17,Tuesday,13,548,Maharashtrian,4.0,36,5,0,Family,0
O005767,C0378,R0003,2025-11-20,Thursday,8,195,Chinese,4.0,24,4,0,Routine,0
O005768,C0378,R0073,2025-12-12,Friday,9,838,Maharashtrian,4.4,18,3,1,Work Lunch,0
O005769,C0378,R0063,2026-08-24,Monday,18,326,Pizza,4.2,32,4,0,Family,0
O005770,C0379,R0094,2026-08-11,Tuesday,9,377,Italian,4.4,42,4,0,Work Lunch,0
O005771,C0379,R0083,2026-07-01,Wednesday,9,690,Healthy,4.3,36,3,1,Routine,1
O005772,C0379,R0037,2026-06-07,Sunday,17,414,Maharashtrian,4.6,45,5,0,Routine,1
O005773,C0379,R0086,2026-02-14,Saturday,23,269,Italian,4.4,23,3,1,Work Lunch,0
O005774,C0379,R0114,2026-08-27,Thursday,9,257,Chinese,3.6,33,4,1,Date Night,1
O005775,C0379,R0035,2025-10-31,Friday,12,439,Desserts,4.6,27,3,1,Movie Night,1
O005776,C0379,R0114,2026-08-29,Saturday,9,209,Chinese,3.6,33,5,0,Family,1
O005777,C0379,R0083,2026-02-07,Saturday,8,671,Healthy,4.3,36,3,0,Late Night,1
O005778,C0379,R0035,2026-02-04,Wednesday,18,364,Desserts,4.6,27,4,0,Friends,1
O005779,C0379,R0114,2025-09-04,Thursday,10,272,Chinese,3.6,33,3,0,Late Night,1
O005780,C0379,R0114,2026-05-26,Tuesday,19,211,Chinese,3.6,33,4,1,Date Night,1
O005781,C0379,R0060,2025-10-17,Friday,13,290,Italian,4.3,43,4,0,Routine,1
O005782,C0379,R0060,2025-11-08,Saturday,19,172,Italian,4.3,43,4,1,Work Lunch,1
O005783,C0379,R0083,2026-07-22,Wednesday,13,700,Healthy,4.3,36,2,0,Routine,1
O005784,C0379,R0114,2026-05-08,Friday,22,293,Chinese,3.6,33,4,1,Routine,1
O005785,C0379,R0012,2026-07-10,Friday,12,242,Pizza,3.3,27,5,0,Late Night,0
O005786,C0379,R0037,2026-05-03,Sunday,19,317,Maharashtrian,4.6,45,5,0,Work Lunch,1
O005787,C0379,R0089,2026-03-15,Sunday,13,452,Chinese,3.9,30,5,1,Movie Night,0
O005788,C0379,R0083,2025-12-07,Sunday,20,762,Healthy,4.3,36,4,1,Routine,1
O005789,C0379,R0068,2026-06-12,Friday,23,640,Thai,4.3,20,5,1,Late Night,0
O005790,C0379,R0114,2025-09-21,Sunday,21,219,Chinese,3.6,33,5,1,Work Lunch,1
O005791,C0379,R0114,2026-07-13,Monday,9,209,Chinese,3.6,33,5,1,Friends,1
O005792,C0379,R0114,2026-03-15,Sunday,9,309,Chinese,3.6,33,5,1,Date Night,1
O005793,C0380,R0095,2026-01-26,Monday,10,457,North Indian,3.8,25,4,1,Routine,0
O005794,C0380,R0002,2025-11-18,Tuesday,9,196,Maharashtrian,4.4,29,3,1,Routine,0
O005795,C0380,R0085,2025-09-26,Friday,9,161,Desserts,3.4,26,2,1,Friends,0
O005796,C0380,R0117,2025-10-14,Tuesday,14,541,Italian,3.9,43,5,0,Routine,1
O005797,C0380,R0127,2025-09-28,Sunday,17,316,Pizza,4.4,34,5,1,Family,0
O005798,C0380,R0017,2026-04-11,Saturday,21,309,Chinese,4.4,65,4,1,Routine,0
O005799,C0380,R0097,2025-10-06,Monday,17,352,Chinese,4.9,24,4,1,Family,0
O005800,C0380,R0117,2026-02-25,Wednesday,14,497,Italian,3.9,43,4,1,Routine,1
O005801,C0380,R0004,2026-02-14,Saturday,10,235,South Indian,4.4,43,2,1,Date Night,0
O005802,C0380,R0045,2026-05-14,Thursday,22,709,Maharashtrian,4.7,38,5,0,Routine,0
O005803,C0380,R0117,2025-10-10,Friday,8,560,Italian,3.9,43,5,0,Routine,1
O005804,C0380,R0015,2026-03-07,Saturday,13,280,Healthy,4.3,15,4,0,Work Lunch,0
O005805,C0380,R0121,2025-10-05,Sunday,22,292,Italian,4.8,41,5,1,Work Lunch,0
O005806,C0381,R0027,2026-06-06,Saturday,20,365,Maharashtrian,4.5,48,4,1,Friends,1
O005807,C0381,R0122,2026-01-21,Wednesday,19,322,North Indian,4.0,35,4,0,Family,1
O005808,C0381,R0048,2026-03-04,Wednesday,17,313,Cafe,4.6,29,5,1,Work Lunch,1
O005809,C0381,R0044,2026-01-24,Saturday,19,249,Thai,4.2,17,5,1,Family,1
O005810,C0381,R0027,2026-07-05,Sunday,12,228,Maharashtrian,4.5,48,5,1,Late Night,1
O005811,C0381,R0112,2025-09-17,Wednesday,14,323,Thai,4.2,34,5,1,Routine,0
O005812,C0381,R0111,2026-07-20,Monday,22,495,Desserts,3.6,21,4,1,Friends,0
O005813,C0381,R0044,2026-04-11,Saturday,18,330,Thai,4.2,17,1,0,Routine,1
O005814,C0381,R0005,2026-08-07,Friday,17,478,Pizza,4.0,36,4,0,Routine,0
O005815,C0381,R0048,2026-03-07,Saturday,23,273,Cafe,4.6,29,5,1,Family,1
O005816,C0381,R0027,2025-11-15,Saturday,10,342,Maharashtrian,4.5,48,5,0,Work Lunch,1
O005817,C0381,R0022,2025-10-16,Thursday,18,782,Biryani,3.7,38,4,1,Routine,0
O005818,C0381,R0040,2026-03-27,Friday,10,459,South Indian,4.6,27,3,0,Date Night,0
O005819,C0381,R0019,2026-03-06,Friday,17,393,Biryani,4.1,34,3,1,Work Lunch,1
O005820,C0381,R0144,2026-01-12,Monday,17,298,Burgers,4.2,23,4,0,Movie Night,0
O005821,C0381,R0008,2026-05-03,Sunday,8,772,Biryani,3.9,25,5,0,Friends,0
O005822,C0381,R0044,2025-10-14,Tuesday,13,207,Thai,4.2,17,4,0,Movie Night,1
O005823,C0381,R0027,2026-08-02,Sunday,13,461,Maharashtrian,4.5,48,5,1,Routine,1
O005824,C0381,R0074,2025-12-24,Wednesday,8,324,Cafe,4.6,27,2,0,Late Night,1
O005825,C0381,R0019,2026-03-14,Saturday,19,367,Biryani,4.1,34,4,1,Friends,1
O005826,C0381,R0058,2026-04-05,Sunday,10,616,North Indian,4.7,24,4,0,Routine,0
O005827,C0381,R0103,2026-08-26,Wednesday,19,364,Italian,4.9,32,2,0,Work Lunch,0
O005828,C0381,R0122,2025-10-24,Friday,8,307,North Indian,4.0,35,4,0,Routine,1
O005829,C0381,R0074,2026-07-25,Saturday,17,287,Cafe,4.6,27,4,1,Work Lunch,1
O005830,C0381,R0019,2026-07-05,Sunday,8,376,Biryani,4.1,34,4,1,Friends,1
O005831,C0382,R0131,2025-10-23,Thursday,18,601,South Indian,4.4,28,4,0,Routine,0
O005832,C0382,R0020,2025-11-13,Thursday,8,1090,Biryani,4.2,28,4,1,Work Lunch,0
O005833,C0382,R0043,2025-11-27,Thursday,12,269,Pizza,4.3,15,5,1,Family,0
O005834,C0382,R0141,2025-10-28,Tuesday,9,772,Burgers,4.2,26,4,1,Work Lunch,0
O005835,C0382,R0147,2026-08-05,Wednesday,10,387,Biryani,3.9,17,3,0,Routine,1
O005836,C0382,R0079,2025-11-14,Friday,19,558,Chinese,4.1,36,4,1,Routine,1
O005837,C0382,R0147,2025-11-30,Sunday,19,495,Biryani,3.9,17,3,1,Routine,1
O005838,C0382,R0092,2025-09-08,Monday,19,1038,South Indian,4.5,15,3,0,Routine,0
O005839,C0382,R0079,2026-02-16,Monday,10,441,Chinese,4.1,36,2,1,Family,1
O005840,C0382,R0138,2026-03-04,Wednesday,20,1209,North Indian,4.6,22,4,0,Family,1
O005841,C0382,R0049,2026-02-01,Sunday,8,293,Desserts,4.6,22,5,1,Routine,1
O005842,C0382,R0049,2025-10-19,Sunday,8,423,Desserts,4.6,22,3,0,Friends,1
O005843,C0382,R0126,2026-06-12,Friday,13,518,Italian,4.1,21,5,0,Work Lunch,1
O005844,C0382,R0079,2025-10-31,Friday,12,526,Chinese,4.1,36,5,1,Work Lunch,1
O005845,C0382,R0025,2025-10-24,Friday,22,772,Cafe,4.1,35,4,1,Routine,0
O005846,C0382,R0021,2026-01-06,Tuesday,14,681,Thai,4.1,34,3,0,Friends,0
O005847,C0382,R0138,2026-02-09,Monday,12,902,North Indian,4.6,22,4,1,Routine,1
O005848,C0382,R0126,2026-04-16,Thursday,10,530,Italian,4.1,21,4,0,Routine,1
O005849,C0382,R0079,2026-07-28,Tuesday,19,365,Chinese,4.1,36,5,0,Family,1
O005850,C0382,R0143,2025-09-05,Friday,23,267,Desserts,4.0,25,5,1,Late Night,0
O005851,C0382,R0079,2026-01-28,Wednesday,9,282,Chinese,4.1,36,4,0,Friends,1
O005852,C0383,R0050,2026-08-08,Saturday,14,495,Biryani,4.0,26,3,1,Late Night,1
O005853,C0383,R0052,2026-06-13,Saturday,8,415,Thai,4.7,29,4,0,Family,0
O005854,C0383,R0091,2026-04-27,Monday,19,369,Biryani,4.0,34,3,0,Routine,0
O005855,C0383,R0042,2025-11-06,Thursday,19,469,Chinese,4.4,21,3,0,Routine,1
O005856,C0383,R0016,2025-10-09,Thursday,8,398,Burgers,4.5,33,5,0,Movie Night,1
O005857,C0383,R0071,2025-10-24,Friday,20,272,South Indian,4.1,48,4,1,Routine,0
O005858,C0383,R0038,2026-09-01,Tuesday,14,557,Chinese,4.0,29,3,0,Routine,0
O005859,C0383,R0016,2025-10-11,Saturday,20,636,Burgers,4.5,33,3,1,Routine,1
O005860,C0383,R0050,2025-11-05,Wednesday,23,723,Biryani,4.0,26,4,1,Date Night,1
O005861,C0383,R0042,2025-10-20,Monday,21,460,Chinese,4.4,21,3,1,Routine,1
O005862,C0384,R0027,2026-04-30,Thursday,19,336,Maharashtrian,4.5,48,5,1,Work Lunch,0
O005863,C0384,R0008,2026-04-22,Wednesday,13,562,Biryani,3.9,25,4,1,Friends,1
O005864,C0384,R0008,2026-07-20,Monday,10,465,Biryani,3.9,25,5,1,Family,1
O005865,C0384,R0058,2025-11-30,Sunday,9,640,North Indian,4.7,24,4,0,Friends,1
O005866,C0384,R0036,2026-08-13,Thursday,19,934,Biryani,3.9,40,4,1,Late Night,1
O005867,C0384,R0108,2025-12-25,Thursday,8,274,North Indian,4.5,36,4,0,Work Lunch,0
O005868,C0384,R0048,2026-02-25,Wednesday,18,240,Cafe,4.6,29,4,1,Late Night,0
O005869,C0384,R0022,2026-06-15,Monday,21,297,Biryani,3.7,38,5,1,Friends,0
O005870,C0384,R0072,2025-09-14,Sunday,21,325,Cafe,4.4,19,4,1,Late Night,0
O005871,C0384,R0056,2026-04-27,Monday,19,600,Biryani,3.8,49,5,1,Family,0
O005872,C0384,R0081,2025-10-31,Friday,21,384,Pizza,4.1,42,3,1,Routine,0
O005873,C0384,R0058,2025-12-24,Wednesday,21,395,North Indian,4.7,24,4,1,Friends,1
O005874,C0384,R0019,2026-04-17,Friday,13,350,Biryani,4.1,34,3,1,Late Night,0
O005875,C0384,R0066,2026-01-02,Friday,22,886,Pizza,4.3,30,4,1,Work Lunch,0
O005876,C0384,R0036,2026-06-23,Tuesday,8,773,Biryani,3.9,40,4,1,Routine,1
O005877,C0384,R0040,2026-02-18,Wednesday,19,570,South Indian,4.6,27,5,1,Routine,0
O005878,C0385,R0001,2026-02-25,Wednesday,18,204,South Indian,3.9,38,4,1,Date Night,1
O005879,C0385,R0087,2026-07-02,Thursday,20,588,Cafe,4.3,36,4,1,Routine,1
O005880,C0385,R0087,2025-09-12,Friday,19,695,Cafe,4.3,36,5,0,Date Night,1
O005881,C0385,R0120,2025-12-06,Saturday,20,814,Biryani,4.0,39,3,0,Movie Night,1
O005882,C0385,R0001,2025-09-02,Tuesday,17,278,South Indian,3.9,38,5,1,Family,1
O005883,C0385,R0142,2026-04-10,Friday,20,641,South Indian,4.4,36,4,1,Friends,0
O005884,C0385,R0120,2026-08-21,Friday,13,562,Biryani,4.0,39,4,1,Work Lunch,1
O005885,C0385,R0013,2025-11-19,Wednesday,19,954,South Indian,4.1,44,5,0,Family,0
O005886,C0385,R0057,2026-06-07,Sunday,17,307,Maharashtrian,4.6,32,5,0,Routine,0
O005887,C0385,R0101,2025-10-06,Monday,22,286,Chinese,4.2,27,5,0,Routine,0
O005888,C0386,R0037,2026-02-18,Wednesday,17,413,Maharashtrian,4.6,45,4,0,Work Lunch,1
O005889,C0386,R0037,2025-12-30,Tuesday,18,405,Maharashtrian,4.6,45,4,0,Date Night,1
O005890,C0386,R0060,2026-03-11,Wednesday,18,342,Italian,4.3,43,5,1,Movie Night,1
O005891,C0386,R0012,2025-10-14,Tuesday,17,366,Pizza,3.3,27,5,1,Routine,1
O005892,C0386,R0094,2026-04-17,Friday,17,431,Italian,4.4,42,3,1,Routine,1
O005893,C0386,R0086,2025-12-25,Thursday,17,213,Italian,4.4,23,5,1,Friends,1
O005894,C0386,R0086,2025-10-07,Tuesday,13,284,Italian,4.4,23,5,1,Family,1
O005895,C0386,R0086,2026-06-11,Thursday,8,259,Italian,4.4,23,3,0,Routine,1
O005896,C0386,R0086,2025-12-23,Tuesday,21,233,Italian,4.4,23,3,0,Routine,1
O005897,C0386,R0114,2026-01-23,Friday,12,247,Chinese,3.6,33,5,1,Work Lunch,0
O005898,C0386,R0060,2026-03-25,Wednesday,20,297,Italian,4.3,43,3,1,Family,1
O005899,C0386,R0086,2026-07-26,Sunday,20,370,Italian,4.4,23,4,1,Movie Night,1
O005900,C0386,R0060,2026-01-31,Saturday,13,367,Italian,4.3,43,5,1,Routine,1
O005901,C0386,R0094,2026-05-15,Friday,10,338,Italian,4.4,42,4,1,Routine,1
O005902,C0386,R0094,2025-09-06,Saturday,19,456,Italian,4.4,42,5,1,Routine,1
O005903,C0386,R0094,2025-12-05,Friday,12,323,Italian,4.4,42,5,0,Date Night,1
O005904,C0386,R0012,2026-01-08,Thursday,10,377,Pizza,3.3,27,4,1,Routine,1
O005905,C0386,R0060,2026-05-22,Friday,8,320,Italian,4.3,43,5,0,Date Night,1
O005906,C0386,R0035,2026-01-20,Tuesday,9,444,Desserts,4.6,27,5,1,Work Lunch,0
O005907,C0386,R0068,2025-11-05,Wednesday,13,499,Thai,4.3,20,5,1,Routine,1
O005908,C0386,R0068,2026-02-18,Wednesday,14,539,Thai,4.3,20,3,0,Routine,1
O005909,C0386,R0037,2026-03-24,Tuesday,20,329,Maharashtrian,4.6,45,4,0,Routine,1
O005910,C0386,R0089,2026-06-02,Tuesday,14,454,Chinese,3.9,30,4,0,Routine,0
O005911,C0386,R0037,2026-01-24,Saturday,20,441,Maharashtrian,4.6,45,4,0,Late Night,1
O005912,C0386,R0094,2026-03-17,Tuesday,10,206,Italian,4.4,42,5,0,Movie Night,1
O005913,C0386,R0037,2026-06-17,Wednesday,23,436,Maharashtrian,4.6,45,4,1,Work Lunch,1
O005914,C0386,R0060,2025-11-24,Monday,13,460,Italian,4.3,43,3,1,Routine,1
O005915,C0386,R0086,2026-04-21,Tuesday,8,291,Italian,4.4,23,4,0,Routine,1
O005916,C0386,R0086,2025-12-20,Saturday,12,294,Italian,4.4,23,4,1,Friends,1
O005917,C0386,R0018,2026-07-16,Thursday,23,302,Pizza,3.5,47,5,0,Routine,0
O005918,C0386,R0094,2026-07-06,Monday,13,317,Italian,4.4,42,3,1,Work Lunch,1
O005919,C0387,R0055,2025-12-24,Wednesday,9,808,Biryani,3.6,31,2,1,Routine,0
O005920,C0387,R0003,2026-06-04,Thursday,23,210,Chinese,4.0,24,5,1,Routine,0
O005921,C0387,R0063,2026-03-19,Thursday,12,264,Pizza,4.2,32,4,1,Routine,0
O005922,C0387,R0137,2025-09-12,Friday,10,293,Chinese,4.3,35,5,1,Family,0
O005923,C0387,R0146,2026-03-21,Saturday,10,192,Chinese,3.2,28,4,1,Movie Night,0
O005924,C0387,R0034,2026-08-21,Friday,20,411,Burgers,4.8,40,5,1,Family,1
O005925,C0387,R0051,2026-04-16,Thursday,10,570,Desserts,4.1,22,5,1,Routine,1
O005926,C0387,R0029,2026-01-31,Saturday,10,1060,Chinese,4.3,43,4,1,Family,0
O005927,C0387,R0057,2025-11-08,Saturday,8,272,Maharashtrian,4.6,32,4,1,Routine,0
O005928,C0387,R0135,2026-03-29,Sunday,18,634,Desserts,4.2,31,4,1,Family,0
O005929,C0387,R0113,2025-12-01,Monday,9,519,Healthy,4.2,42,4,1,Work Lunch,0
O005930,C0387,R0134,2026-01-03,Saturday,20,747,Maharashtrian,4.3,28,4,0,Routine,1
O005931,C0387,R0100,2026-03-28,Saturday,17,224,Chinese,4.4,29,4,1,Family,0
O005932,C0387,R0051,2026-05-03,Sunday,8,359,Desserts,4.1,22,4,1,Work Lunch,1
O005933,C0387,R0034,2025-11-05,Wednesday,14,501,Burgers,4.8,40,3,1,Date Night,1
O005934,C0387,R0001,2025-12-21,Sunday,9,302,South Indian,3.9,38,5,1,Movie Night,0
O005935,C0387,R0134,2026-06-29,Monday,10,536,Maharashtrian,4.3,28,3,1,Family,1
O005936,C0387,R0142,2026-02-03,Tuesday,19,902,South Indian,4.4,36,5,1,Date Night,0
O005937,C0387,R0134,2026-03-04,Wednesday,8,837,Maharashtrian,4.3,28,5,1,Routine,1
O005938,C0387,R0009,2025-09-25,Thursday,17,397,Biryani,4.4,30,4,1,Routine,0
O005939,C0387,R0134,2026-06-28,Sunday,8,788,Maharashtrian,4.3,28,3,0,Routine,1
O005940,C0388,R0072,2026-01-02,Friday,21,283,Cafe,4.4,19,4,1,Routine,1
O005941,C0388,R0008,2026-03-12,Thursday,20,579,Biryani,3.9,25,5,1,Routine,0
O005942,C0388,R0122,2026-07-08,Wednesday,18,132,North Indian,4.0,35,4,0,Routine,1
O005943,C0388,R0122,2025-10-03,Friday,8,268,North Indian,4.0,35,5,1,Routine,1
O005944,C0388,R0108,2025-09-13,Saturday,10,223,North Indian,4.5,36,5,1,Friends,1
O005945,C0388,R0019,2026-07-30,Thursday,14,335,Biryani,4.1,34,4,0,Work Lunch,1
O005946,C0388,R0036,2026-03-13,Friday,10,710,Biryani,3.9,40,4,0,Routine,1
O005947,C0388,R0033,2026-02-23,Monday,17,447,Cafe,4.2,33,3,0,Friends,1
O005948,C0388,R0066,2026-08-14,Friday,13,810,Pizza,4.3,30,4,1,Friends,0
O005949,C0388,R0036,2025-10-04,Saturday,19,812,Biryani,3.9,40,5,0,Friends,1
O005950,C0388,R0108,2026-03-02,Monday,20,276,North Indian,4.5,36,2,0,Routine,1
O005951,C0388,R0072,2026-04-20,Monday,20,366,Cafe,4.4,19,3,1,Late Night,1
O005952,C0388,R0005,2025-11-14,Friday,12,578,Pizza,4.0,36,4,0,Routine,1
O005953,C0388,R0108,2026-02-25,Wednesday,22,208,North Indian,4.5,36,5,1,Date Night,1
O005954,C0388,R0033,2025-12-22,Monday,10,429,Cafe,4.2,33,5,0,Date Night,1
O005955,C0388,R0111,2025-10-14,Tuesday,17,419,Desserts,3.6,21,4,0,Friends,0
O005956,C0388,R0056,2026-04-29,Wednesday,18,502,Biryani,3.8,49,4,1,Movie Night,0
O005957,C0388,R0048,2026-06-02,Tuesday,23,169,Cafe,4.6,29,5,0,Routine,0
O005958,C0388,R0005,2026-02-18,Wednesday,17,615,Pizza,4.0,36,5,0,Routine,1
O005959,C0388,R0144,2026-01-27,Tuesday,12,284,Burgers,4.2,23,4,1,Work Lunch,1
O005960,C0388,R0081,2025-11-01,Saturday,20,366,Pizza,4.1,42,5,0,Routine,0
O005961,C0388,R0058,2026-03-01,Sunday,12,463,North Indian,4.7,24,4,0,Friends,0
O005962,C0388,R0019,2026-08-26,Wednesday,9,380,Biryani,4.1,34,3,1,Movie Night,1
O005963,C0388,R0108,2026-08-11,Tuesday,18,361,North Indian,4.5,36,4,1,Late Night,1
O005964,C0388,R0044,2026-04-09,Thursday,17,267,Thai,4.2,17,4,1,Friends,0
O005965,C0388,R0144,2026-02-23,Monday,8,196,Burgers,4.2,23,5,1,Routine,1
O005966,C0388,R0122,2026-08-05,Wednesday,18,372,North Indian,4.0,35,3,0,Friends,1
O005967,C0389,R0031,2026-04-04,Saturday,9,400,Italian,4.2,31,4,0,Routine,0
O005968,C0389,R0110,2026-06-23,Tuesday,10,249,Italian,4.7,33,3,0,Family,0
O005969,C0389,R0007,2026-08-26,Wednesday,21,907,Chinese,4.2,23,4,0,Routine,1
O005970,C0389,R0104,2026-06-09,Tuesday,8,728,Cafe,4.3,38,5,0,Work Lunch,0
O005971,C0389,R0107,2025-10-09,Thursday,23,306,Healthy,4.0,48,3,0,Friends,0
O005972,C0389,R0030,2025-10-02,Thursday,10,310,Thai,4.0,38,3,0,Routine,0
O005973,C0389,R0067,2025-10-07,Tuesday,21,358,Cafe,3.9,32,5,1,Routine,0
O005974,C0389,R0133,2026-05-04,Monday,21,501,Chinese,3.6,43,4,0,Family,1
O005975,C0389,R0007,2026-04-16,Thursday,8,732,Chinese,4.2,23,3,0,Work Lunch,1
O005976,C0389,R0070,2026-05-04,Monday,21,234,Cafe,3.6,24,4,1,Work Lunch,0
O005977,C0389,R0136,2026-02-20,Friday,12,296,Chinese,3.6,45,5,1,Routine,0
O005978,C0389,R0099,2025-12-12,Friday,21,215,North Indian,3.8,28,4,0,Work Lunch,0
O005979,C0389,R0124,2026-06-05,Friday,14,182,Healthy,4.4,15,5,1,Family,0
O005980,C0389,R0133,2025-10-08,Wednesday,10,372,Chinese,3.6,43,5,0,Work Lunch,1
O005981,C0390,R0025,2026-07-24,Friday,19,894,Cafe,4.1,35,5,0,Friends,0
O005982,C0390,R0049,2026-07-30,Thursday,19,414,Desserts,4.6,22,4,0,Work Lunch,0
O005983,C0390,R0126,2025-12-23,Tuesday,18,413,Italian,4.1,21,4,0,Routine,0
O005984,C0390,R0092,2026-01-26,Monday,10,757,South Indian,4.5,15,4,0,Family,0
O005985,C0390,R0131,2025-12-09,Tuesday,8,693,South Indian,4.4,28,3,0,Routine,0
O005986,C0391,R0113,2026-01-05,Monday,18,616,Healthy,4.2,42,5,0,Movie Night,1
O005987,C0391,R0145,2026-01-05,Monday,20,848,South Indian,4.5,28,5,0,Date Night,0
O005988,C0391,R0113,2026-06-18,Thursday,22,358,Healthy,4.2,42,5,0,Routine,1
O005989,C0391,R0034,2026-01-04,Sunday,22,555,Burgers,4.8,40,4,0,Friends,0
O005990,C0391,R0101,2025-12-17,Wednesday,10,437,Chinese,4.2,27,5,0,Routine,0
O005991,C0391,R0010,2026-02-25,Wednesday,20,230,Desserts,3.5,15,4,0,Friends,0
O005992,C0391,R0116,2026-05-17,Sunday,17,364,Maharashtrian,4.2,35,5,0,Work Lunch,0
O005993,C0391,R0065,2025-12-17,Wednesday,10,642,Healthy,4.8,37,5,0,Late Night,0
O005994,C0391,R0023,2026-06-03,Wednesday,22,745,Cafe,4.1,21,3,0,Routine,0
O005995,C0391,R0150,2026-05-11,Monday,21,542,Maharashtrian,4.0,36,3,1,Family,0
O005996,C0392,R0121,2026-08-17,Monday,18,333,Italian,4.8,41,4,1,Work Lunch,0
O005997,C0392,R0031,2026-06-20,Saturday,9,332,Italian,4.2,31,4,1,Movie Night,0
O005998,C0392,R0057,2026-02-23,Monday,12,404,Maharashtrian,4.6,32,5,1,Movie Night,0
O005999,C0392,R0011,2025-11-12,Wednesday,8,385,Chinese,4.0,36,3,1,Routine,0
O006000,C0392,R0087,2026-01-20,Tuesday,21,660,Cafe,4.3,36,2,1,Movie Night,0
O006001,C0392,R0094,2026-03-19,Thursday,23,359,Italian,4.4,42,3,1,Work Lunch,0
O006002,C0392,R0129,2026-08-26,Wednesday,17,262,Cafe,4.6,46,4,1,Work Lunch,0
O006003,C0392,R0124,2025-12-05,Friday,17,403,Healthy,4.4,15,5,0,Work Lunch,0
O006004,C0392,R0046,2025-12-23,Tuesday,14,596,South Indian,4.4,45,5,1,Routine,0
O006005,C0392,R0024,2025-11-14,Friday,18,629,Burgers,4.1,43,4,1,Routine,0
O006006,C0393,R0140,2026-01-23,Friday,14,456,Biryani,4.5,15,5,0,Late Night,1
O006007,C0393,R0091,2025-12-23,Tuesday,23,329,Biryani,4.0,34,3,0,Movie Night,1
O006008,C0393,R0140,2026-05-10,Sunday,14,380,Biryani,4.5,15,4,1,Friends,1
O006009,C0393,R0140,2026-02-09,Monday,23,364,Biryani,4.5,15,5,0,Work Lunch,1
O006010,C0393,R0050,2026-04-30,Thursday,17,695,Biryani,4.0,26,5,1,Routine,1
O006011,C0393,R0042,2026-04-15,Wednesday,19,262,Chinese,4.4,21,5,0,Routine,0
O006012,C0393,R0071,2026-04-08,Wednesday,10,272,South Indian,4.1,48,4,0,Routine,0
O006013,C0393,R0091,2026-06-24,Wednesday,13,296,Biryani,4.0,34,3,0,Friends,1
O006014,C0393,R0052,2025-11-02,Sunday,8,360,Thai,4.7,29,3,0,Routine,1
O006015,C0393,R0052,2026-07-19,Sunday,10,330,Thai,4.7,29,4,0,Routine,1
O006016,C0393,R0038,2026-04-01,Wednesday,20,670,Chinese,4.0,29,3,0,Routine,0
O006017,C0393,R0050,2026-06-19,Friday,17,771,Biryani,4.0,26,5,0,Routine,1
O006018,C0393,R0050,2026-06-02,Tuesday,14,609,Biryani,4.0,26,5,1,Movie Night,1
O006019,C0393,R0050,2025-11-14,Friday,21,584,Biryani,4.0,26,3,1,Routine,1
O006020,C0393,R0140,2026-04-05,Sunday,23,378,Biryani,4.5,15,5,1,Routine,1
O006021,C0393,R0016,2026-04-19,Sunday,17,494,Burgers,4.5,33,5,0,Friends,1
O006022,C0393,R0140,2025-12-02,Tuesday,20,399,Biryani,4.5,15,4,0,Late Night,1
O006023,C0393,R0016,2026-02-12,Thursday,22,440,Burgers,4.5,33,4,0,Routine,1
O006024,C0394,R0073,2026-04-15,Wednesday,20,990,Maharashtrian,4.4,18,4,0,Date Night,1
O006025,C0394,R0134,2026-01-11,Sunday,21,774,Maharashtrian,4.3,28,4,0,Movie Night,1
O006026,C0394,R0145,2025-11-11,Tuesday,9,908,South Indian,4.5,28,5,0,Routine,1
O006027,C0394,R0101,2025-10-28,Tuesday,13,357,Chinese,4.2,27,4,0,Work Lunch,0
O006028,C0394,R0148,2026-08-04,Tuesday,14,450,Burgers,3.8,32,4,0,Movie Night,0
O006029,C0394,R0087,2025-12-06,Saturday,10,681,Cafe,4.3,36,5,1,Date Night,0
O006030,C0394,R0145,2026-01-29,Thursday,18,632,South Indian,4.5,28,3,1,Work Lunch,1
O006031,C0394,R0149,2026-08-21,Friday,22,255,North Indian,4.7,34,5,0,Friends,0
O006032,C0394,R0076,2026-08-25,Tuesday,8,548,Healthy,3.8,19,5,1,Routine,0
O006033,C0394,R0113,2026-02-25,Wednesday,18,657,Healthy,4.2,42,3,0,Friends,1
O006034,C0394,R0113,2026-04-27,Monday,10,626,Healthy,4.2,42,5,1,Work Lunch,1
O006035,C0394,R0137,2026-05-26,Tuesday,13,362,Chinese,4.3,35,2,0,Friends,1
O006036,C0394,R0145,2025-09-28,Sunday,18,602,South Indian,4.5,28,4,1,Routine,1
O006037,C0394,R0003,2025-12-28,Sunday,21,211,Chinese,4.0,24,5,1,Family,1
O006038,C0394,R0134,2025-11-09,Sunday,9,647,Maharashtrian,4.3,28,5,1,Routine,1
O006039,C0394,R0137,2026-06-13,Saturday,21,377,Chinese,4.3,35,4,1,Movie Night,1
O006040,C0394,R0120,2025-11-14,Friday,23,601,Biryani,4.0,39,4,1,Routine,0
O006041,C0394,R0134,2026-04-17,Friday,21,603,Maharashtrian,4.3,28,5,1,Friends,1
O006042,C0394,R0003,2025-11-20,Thursday,22,282,Chinese,4.0,24,4,1,Routine,1
O006043,C0394,R0073,2026-06-19,Friday,22,997,Maharashtrian,4.4,18,5,1,Friends,1
O006044,C0394,R0142,2026-02-11,Wednesday,9,594,South Indian,4.4,36,5,1,Friends,0
O006045,C0395,R0095,2026-03-23,Monday,18,660,North Indian,3.8,25,5,0,Work Lunch,0
O006046,C0395,R0115,2026-04-17,Friday,8,541,Biryani,3.6,38,5,1,Work Lunch,0
O006047,C0395,R0067,2026-03-29,Sunday,21,373,Cafe,3.9,32,4,0,Routine,0
O006048,C0395,R0050,2025-11-12,Wednesday,23,674,Biryani,4.0,26,4,0,Late Night,0
O006049,C0395,R0136,2026-05-26,Tuesday,17,465,Chinese,3.6,45,5,0,Routine,0
O006050,C0395,R0018,2025-10-29,Wednesday,9,298,Pizza,3.5,47,3,1,Late Night,0
O006051,C0395,R0107,2025-11-18,Tuesday,8,299,Healthy,4.0,48,2,0,Movie Night,0
O006052,C0396,R0017,2025-09-27,Saturday,22,372,Chinese,4.4,65,5,0,Friends,0
O006053,C0396,R0054,2026-01-29,Thursday,19,555,Chinese,3.6,34,4,0,Movie Night,0
O006054,C0396,R0084,2025-11-05,Wednesday,17,802,Desserts,4.1,32,4,0,Date Night,1
O006055,C0396,R0085,2026-06-07,Sunday,12,295,Desserts,3.4,26,4,1,Routine,0
O006056,C0396,R0084,2025-12-19,Friday,17,628,Desserts,4.1,32,4,0,Movie Night,1
O006057,C0396,R0097,2026-08-13,Thursday,20,280,Chinese,4.9,24,3,1,Work Lunch,0
O006058,C0396,R0084,2026-05-20,Wednesday,10,767,Desserts,4.1,32,3,0,Late Night,1
O006059,C0396,R0121,2026-08-21,Friday,19,438,Italian,4.8,41,5,1,Family,0
O006060,C0396,R0041,2026-05-15,Friday,22,1015,Biryani,4.5,30,5,1,Date Night,0
O006061,C0396,R0096,2025-10-15,Wednesday,22,462,Chinese,4.1,24,4,1,Routine,1
O006062,C0396,R0096,2025-09-06,Saturday,14,403,Chinese,4.1,24,4,0,Friends,1
O006063,C0396,R0045,2026-01-09,Friday,20,1029,Maharashtrian,4.7,38,4,0,Movie Night,0
O006064,C0396,R0078,2026-04-12,Sunday,20,293,Biryani,3.7,15,4,0,Routine,0
O006065,C0396,R0064,2026-06-16,Tuesday,14,1029,North Indian,3.9,53,5,0,Movie Night,1
O006066,C0396,R0026,2026-01-23,Friday,20,487,Healthy,4.0,38,5,0,Friends,1
O006067,C0396,R0084,2025-09-28,Sunday,9,851,Desserts,4.1,32,3,0,Movie Night,1
O006068,C0396,R0064,2025-11-15,Saturday,13,1134,North Indian,3.9,53,5,1,Friends,1
O006069,C0396,R0026,2025-10-19,Sunday,20,599,Healthy,4.0,38,5,0,Late Night,1
O006070,C0396,R0084,2026-03-12,Thursday,8,629,Desserts,4.1,32,4,1,Movie Night,1
O006071,C0396,R0084,2025-09-02,Tuesday,9,613,Desserts,4.1,32,4,1,Routine,1
O006072,C0397,R0067,2026-02-18,Wednesday,13,348,Cafe,3.9,32,4,1,Work Lunch,1
O006073,C0397,R0067,2026-05-03,Sunday,14,515,Cafe,3.9,32,5,1,Date Night,1
O006074,C0397,R0105,2026-05-31,Sunday,22,288,North Indian,3.8,47,4,0,Friends,1
O006075,C0397,R0077,2026-08-30,Sunday,21,969,Maharashtrian,4.0,41,3,1,Routine,1
O006076,C0397,R0139,2025-09-26,Friday,12,410,North Indian,4.4,29,4,1,Late Night,1
O006077,C0397,R0077,2026-05-20,Wednesday,20,927,Maharashtrian,4.0,41,4,1,Friends,1
O006078,C0397,R0099,2025-09-20,Saturday,13,268,North Indian,3.8,28,4,0,Routine,0
O006079,C0397,R0105,2025-10-06,Monday,8,356,North Indian,3.8,47,3,0,Routine,1
O006080,C0397,R0125,2026-01-19,Monday,12,352,Pizza,3.8,29,5,0,Routine,1
O006081,C0397,R0105,2026-03-28,Saturday,17,324,North Indian,3.8,47,4,1,Movie Night,1
O006082,C0397,R0046,2026-02-23,Monday,9,322,South Indian,4.4,45,5,0,Friends,0
O006083,C0397,R0024,2026-02-18,Wednesday,12,858,Burgers,4.1,43,4,1,Family,0
O006084,C0397,R0139,2026-08-03,Monday,9,372,North Indian,4.4,29,5,1,Routine,1
O006085,C0397,R0125,2026-07-29,Wednesday,12,314,Pizza,3.8,29,4,1,Work Lunch,1
O006086,C0397,R0006,2026-04-24,Friday,14,558,Chinese,3.5,26,5,1,Work Lunch,1
O006087,C0397,R0129,2025-09-27,Saturday,12,252,Cafe,4.6,46,4,0,Routine,0
O006088,C0397,R0105,2026-07-26,Sunday,8,434,North Indian,3.8,47,4,1,Routine,1
O006089,C0397,R0104,2026-03-27,Friday,19,585,Cafe,4.3,38,4,1,Late Night,0
O006090,C0397,R0006,2026-03-16,Monday,13,599,Chinese,3.5,26,4,0,Work Lunch,1
O006091,C0397,R0125,2026-05-09,Saturday,18,264,Pizza,3.8,29,5,1,Family,1
O006092,C0397,R0032,2025-09-20,Saturday,9,464,Italian,4.3,34,3,0,Late Night,0
O006093,C0397,R0123,2026-07-10,Friday,8,931,South Indian,3.8,37,4,0,Routine,0
O006094,C0398,R0088,2026-04-26,Sunday,23,312,Biryani,4.1,33,4,1,Movie Night,1
O006095,C0398,R0038,2025-10-24,Friday,17,607,Chinese,4.0,29,4,0,Movie Night,1
O006096,C0398,R0140,2026-05-29,Friday,22,465,Biryani,4.5,15,4,0,Family,0
O006097,C0398,R0038,2026-08-28,Friday,12,550,Chinese,4.0,29,3,0,Work Lunch,1
O006098,C0398,R0088,2025-10-24,Friday,17,397,Biryani,4.1,33,4,1,Routine,1
O006099,C0398,R0050,2026-03-08,Sunday,19,696,Biryani,4.0,26,5,1,Late Night,1
O006100,C0398,R0050,2026-04-07,Tuesday,23,679,Biryani,4.0,26,5,0,Family,1
O006101,C0398,R0052,2026-04-06,Monday,9,508,Thai,4.7,29,4,1,Routine,0
O006102,C0398,R0091,2026-06-21,Sunday,18,275,Biryani,4.0,34,4,0,Movie Night,0
O006103,C0398,R0038,2026-03-18,Wednesday,18,456,Chinese,4.0,29,4,1,Work Lunch,1
O006104,C0398,R0016,2026-09-01,Tuesday,19,499,Burgers,4.5,33,4,1,Routine,0
O006105,C0399,R0054,2025-12-12,Friday,10,651,Chinese,3.6,34,5,1,Work Lunch,1
O006106,C0399,R0130,2026-05-03,Sunday,8,402,South Indian,4.1,26,4,0,Friends,1
O006107,C0399,R0014,2025-09-16,Tuesday,14,554,Maharashtrian,4.1,35,4,0,Late Night,1
O006108,C0399,R0102,2026-06-03,Wednesday,12,946,Cafe,3.7,34,4,1,Work Lunch,0
O006109,C0399,R0098,2026-01-10,Saturday,14,550,Burgers,4.1,33,5,0,Friends,1
O006110,C0399,R0026,2025-10-06,Monday,20,597,Healthy,4.0,38,3,0,Routine,0
O006111,C0399,R0062,2026-02-16,Monday,18,382,Maharashtrian,3.7,23,5,1,Friends,0
O006112,C0399,R0045,2026-06-08,Monday,14,1035,Maharashtrian,4.7,38,4,0,Routine,0
O006113,C0399,R0014,2026-01-02,Friday,12,673,Maharashtrian,4.1,35,5,1,Family,1
O006114,C0399,R0095,2026-07-02,Thursday,23,570,North Indian,3.8,25,4,0,Date Night,1
O006115,C0399,R0130,2025-11-24,Monday,13,368,South Indian,4.1,26,3,0,Routine,1
O006116,C0399,R0095,2026-03-25,Wednesday,21,469,North Indian,3.8,25,5,1,Routine,1
O006117,C0399,R0095,2026-04-29,Wednesday,23,644,North Indian,3.8,25,4,1,Friends,1
O006118,C0399,R0004,2026-02-20,Friday,19,227,South Indian,4.4,43,4,1,Routine,0
O006119,C0399,R0017,2026-08-16,Sunday,14,313,Chinese,4.4,65,5,1,Family,0
O006120,C0399,R0085,2026-01-17,Saturday,17,320,Desserts,3.4,26,4,1,Work Lunch,1
O006121,C0399,R0130,2026-05-08,Friday,20,434,South Indian,4.1,26,5,0,Movie Night,1
O006122,C0399,R0121,2025-09-04,Thursday,23,300,Italian,4.8,41,5,0,Routine,0
O006123,C0399,R0054,2025-11-18,Tuesday,23,516,Chinese,3.6,34,5,0,Family,1
O006124,C0399,R0085,2025-12-15,Monday,10,247,Desserts,3.4,26,2,0,Movie Night,1
O006125,C0399,R0095,2026-04-26,Sunday,10,472,North Indian,3.8,25,4,0,Work Lunch,1
O006126,C0399,R0098,2026-03-17,Tuesday,17,690,Burgers,4.1,33,5,1,Family,1
O006127,C0400,R0139,2026-07-30,Thursday,12,404,North Indian,4.4,29,5,1,Routine,0
O006128,C0400,R0070,2025-10-07,Tuesday,21,258,Cafe,3.6,24,5,0,Work Lunch,0
O006129,C0400,R0099,2026-08-31,Monday,8,319,North Indian,3.8,28,5,1,Routine,0
O006130,C0400,R0119,2025-11-05,Wednesday,19,531,Desserts,4.2,37,5,0,Work Lunch,0
O006131,C0400,R0030,2026-02-02,Monday,17,216,Thai,4.0,38,5,0,Routine,0
O006132,C0401,R0089,2026-01-02,Friday,8,503,Chinese,3.9,30,4,1,Date Night,1
O006133,C0401,R0068,2026-04-29,Wednesday,12,532,Thai,4.3,20,4,0,Late Night,1
O006134,C0401,R0089,2025-09-05,Friday,19,486,Chinese,3.9,30,3,0,Movie Night,1
O006135,C0401,R0035,2026-05-01,Friday,10,492,Desserts,4.6,27,2,1,Movie Night,0
O006136,C0401,R0068,2025-09-06,Saturday,21,487,Thai,4.3,20,4,0,Work Lunch,1
O006137,C0402,R0128,2025-12-25,Thursday,19,306,Italian,4.2,25,4,0,Movie Night,0
O006138,C0402,R0148,2025-11-26,Wednesday,18,292,Burgers,3.8,32,3,1,Date Night,0
O006139,C0402,R0022,2026-04-30,Thursday,18,569,Biryani,3.7,38,4,0,Movie Night,0
O006140,C0402,R0004,2025-10-31,Friday,9,233,South Indian,4.4,43,4,0,Movie Night,0
O006141,C0402,R0121,2026-05-16,Saturday,13,437,Italian,4.8,41,5,0,Routine,0
O006142,C0402,R0032,2025-11-06,Thursday,22,532,Italian,4.3,34,5,0,Friends,1
O006143,C0402,R0058,2026-08-02,Sunday,19,570,North Indian,4.7,24,5,1,Late Night,0
O006144,C0402,R0063,2025-12-12,Friday,8,267,Pizza,4.2,32,4,0,Date Night,0
O006145,C0402,R0138,2025-10-03,Friday,8,834,North Indian,4.6,22,4,0,Work Lunch,0
O006146,C0402,R0103,2025-10-14,Tuesday,10,283,Italian,4.9,32,5,1,Routine,0
O006147,C0402,R0008,2025-11-13,Thursday,22,688,Biryani,3.9,25,5,1,Movie Night,0
O006148,C0402,R0003,2025-11-13,Thursday,12,327,Chinese,4.0,24,3,0,Routine,0
O006149,C0402,R0032,2026-01-28,Wednesday,18,661,Italian,4.3,34,5,0,Routine,1
O006150,C0402,R0052,2026-08-15,Saturday,8,545,Thai,4.7,29,3,0,Routine,0
O006151,C0403,R0034,2026-08-05,Wednesday,18,590,Burgers,4.8,40,5,1,Movie Night,0
O006152,C0403,R0069,2026-08-22,Saturday,21,392,South Indian,4.4,30,4,0,Work Lunch,0
O006153,C0403,R0063,2026-04-30,Thursday,9,252,Pizza,4.2,32,5,1,Date Night,0
O006154,C0403,R0101,2026-09-01,Tuesday,17,355,Chinese,4.2,27,2,1,Late Night,0
O006155,C0403,R0023,2026-08-15,Saturday,20,923,Cafe,4.1,21,4,1,Family,0
O006156,C0403,R0009,2026-05-03,Sunday,9,534,Biryani,4.4,30,5,1,Work Lunch,0
O006157,C0403,R0059,2026-08-31,Monday,20,675,Cafe,4.4,33,5,0,Work Lunch,0
O006158,C0404,R0065,2026-03-25,Wednesday,17,484,Healthy,4.8,37,5,1,Date Night,0
O006159,C0404,R0118,2026-03-29,Sunday,13,658,Chinese,4.6,37,4,0,Routine,0
O006160,C0404,R0113,2026-07-11,Saturday,22,579,Healthy,4.2,42,3,0,Friends,0
O006161,C0404,R0023,2026-05-28,Thursday,12,719,Cafe,4.1,21,5,1,Routine,1
O006162,C0404,R0076,2026-01-16,Friday,8,620,Healthy,3.8,19,3,0,Routine,1
O006163,C0404,R0051,2026-03-08,Sunday,10,538,Desserts,4.1,22,3,0,Routine,0
O006164,C0404,R0087,2026-01-24,Saturday,10,440,Cafe,4.3,36,2,1,Late Night,0
O006165,C0404,R0134,2026-03-15,Sunday,21,798,Maharashtrian,4.3,28,4,0,Friends,0
O006166,C0404,R0010,2025-12-11,Thursday,23,355,Desserts,3.5,15,3,1,Work Lunch,0
O006167,C0404,R0076,2025-12-13,Saturday,22,397,Healthy,3.8,19,3,1,Routine,1
O006168,C0404,R0101,2025-10-17,Friday,20,227,Chinese,4.2,27,5,0,Routine,0
O006169,C0404,R0053,2026-01-12,Monday,12,380,Cafe,4.4,26,5,1,Late Night,0
O006170,C0404,R0149,2026-08-28,Friday,8,356,North Indian,4.7,34,5,0,Work Lunch,0
O006171,C0404,R0076,2026-03-06,Friday,22,419,Healthy,3.8,19,3,1,Routine,1
O006172,C0404,R0023,2026-08-11,Tuesday,12,949,Cafe,4.1,21,5,0,Work Lunch,1
O006173,C0404,R0011,2025-10-30,Thursday,14,412,Chinese,4.0,36,5,0,Work Lunch,0
O006174,C0405,R0021,2026-07-26,Sunday,20,758,Thai,4.1,34,4,1,Routine,0
O006175,C0405,R0079,2026-02-17,Tuesday,8,541,Chinese,4.1,36,4,0,Date Night,1
O006176,C0405,R0131,2025-10-21,Tuesday,8,505,South Indian,4.4,28,4,1,Routine,1
O006177,C0405,R0126,2026-08-30,Sunday,10,452,Italian,4.1,21,4,1,Work Lunch,1
O006178,C0405,R0131,2025-09-17,Wednesday,19,624,South Indian,4.4,28,5,0,Routine,1
O006179,C0405,R0049,2026-03-26,Thursday,14,344,Desserts,4.6,22,4,0,Family,1
O006180,C0405,R0126,2025-12-17,Wednesday,21,635,Italian,4.1,21,5,0,Routine,1
O006181,C0405,R0049,2026-04-29,Wednesday,14,354,Desserts,4.6,22,5,0,Family,1
O006182,C0405,R0147,2026-06-13,Saturday,12,539,Biryani,3.9,17,5,0,Routine,0
O006183,C0405,R0049,2026-01-27,Tuesday,19,334,Desserts,4.6,22,4,0,Family,1
O006184,C0405,R0126,2025-12-16,Tuesday,14,550,Italian,4.1,21,4,0,Work Lunch,1
O006185,C0405,R0131,2025-10-17,Friday,20,554,South Indian,4.4,28,3,1,Routine,1
O006186,C0405,R0143,2026-01-25,Sunday,20,258,Desserts,4.0,25,5,0,Work Lunch,0
O006187,C0405,R0080,2026-06-20,Saturday,9,810,South Indian,4.7,27,4,0,Date Night,0
O006188,C0405,R0049,2026-03-17,Tuesday,12,321,Desserts,4.6,22,4,0,Late Night,1
O006189,C0405,R0079,2026-08-31,Monday,19,489,Chinese,4.1,36,3,0,Late Night,1
O006190,C0405,R0049,2026-07-23,Thursday,17,344,Desserts,4.6,22,4,0,Movie Night,1
O006191,C0405,R0126,2026-08-15,Saturday,12,523,Italian,4.1,21,4,1,Date Night,1
O006192,C0406,R0005,2025-09-13,Saturday,12,469,Pizza,4.0,36,5,1,Routine,1
O006193,C0406,R0111,2026-05-13,Wednesday,22,438,Desserts,3.6,21,4,1,Routine,0
O006194,C0406,R0005,2026-08-04,Tuesday,17,470,Pizza,4.0,36,2,0,Work Lunch,1
O006195,C0406,R0144,2025-11-15,Saturday,23,186,Burgers,4.2,23,3,0,Family,0
O006196,C0406,R0019,2026-02-07,Saturday,17,323,Biryani,4.1,34,3,1,Family,0
O006197,C0406,R0081,2026-01-15,Thursday,20,345,Pizza,4.1,42,4,1,Movie Night,0
O006198,C0406,R0122,2026-05-15,Friday,21,233,North Indian,4.0,35,3,1,Routine,0
O006199,C0406,R0044,2025-09-03,Wednesday,8,400,Thai,4.2,17,3,1,Date Night,0
O006200,C0407,R0094,2026-08-20,Thursday,22,286,Italian,4.4,42,4,0,Friends,0
O006201,C0407,R0147,2025-11-13,Thursday,8,403,Biryani,3.9,17,3,1,Family,1
O006202,C0407,R0013,2026-08-08,Saturday,8,983,South Indian,4.1,44,5,0,Routine,0
O006203,C0407,R0078,2026-08-09,Sunday,22,317,Biryani,3.7,15,3,1,Work Lunch,0
O006204,C0407,R0112,2025-09-10,Wednesday,14,213,Thai,4.2,34,5,0,Routine,0
O006205,C0407,R0008,2025-09-14,Sunday,19,756,Biryani,3.9,25,3,0,Date Night,0
O006206,C0407,R0118,2026-01-23,Friday,12,861,Chinese,4.6,37,3,0,Movie Night,0
O006207,C0407,R0147,2026-05-13,Wednesday,9,441,Biryani,3.9,17,5,0,Work Lunch,1
O006208,C0408,R0096,2026-08-01,Saturday,12,309,Chinese,4.1,24,4,1,Friends,1
O006209,C0408,R0062,2026-07-29,Wednesday,22,309,Maharashtrian,3.7,23,3,0,Friends,0
O006210,C0408,R0096,2025-12-31,Wednesday,14,511,Chinese,4.1,24,5,1,Movie Night,1
O006211,C0408,R0098,2026-08-03,Monday,12,523,Burgers,4.1,33,4,1,Work Lunch,1
O006212,C0408,R0098,2026-09-01,Tuesday,23,681,Burgers,4.1,33,4,0,Movie Night,1
O006213,C0408,R0102,2025-12-13,Saturday,23,794,Cafe,3.7,34,4,0,Routine,1
O006214,C0408,R0102,2025-10-01,Wednesday,8,757,Cafe,3.7,34,4,0,Friends,1
O006215,C0408,R0015,2026-06-30,Tuesday,8,221,Healthy,4.3,15,3,0,Family,0
O006216,C0408,R0026,2026-07-03,Friday,20,630,Healthy,4.0,38,2,1,Routine,1
O006217,C0408,R0097,2026-06-12,Friday,18,307,Chinese,4.9,24,5,1,Family,0
O006218,C0408,R0064,2025-09-03,Wednesday,23,784,North Indian,3.9,53,5,1,Late Night,0
O006219,C0408,R0115,2026-06-01,Monday,8,710,Biryani,3.6,38,3,1,Routine,0
O006220,C0408,R0017,2026-07-28,Tuesday,12,351,Chinese,4.4,65,3,0,Routine,0
O006221,C0408,R0026,2026-01-22,Thursday,9,540,Healthy,4.0,38,4,1,Routine,1
O006222,C0408,R0096,2026-07-06,Monday,23,425,Chinese,4.1,24,4,1,Routine,1
O006223,C0409,R0101,2026-08-17,Monday,8,370,Chinese,4.2,27,4,0,Friends,0
O006224,C0409,R0026,2025-12-28,Sunday,8,567,Healthy,4.0,38,5,0,Late Night,0
O006225,C0409,R0055,2026-08-29,Saturday,12,1212,Biryani,3.6,31,5,0,Friends,1
O006226,C0409,R0055,2026-04-03,Friday,17,973,Biryani,3.6,31,5,1,Routine,1
O006227,C0409,R0125,2026-04-03,Friday,17,339,Pizza,3.8,29,4,0,Routine,0
O006228,C0409,R0033,2026-07-28,Tuesday,8,410,Cafe,4.2,33,5,0,Family,0
O006229,C0409,R0088,2025-10-14,Tuesday,10,363,Biryani,4.1,33,4,0,Late Night,0
O006230,C0409,R0120,2026-08-13,Thursday,21,746,Biryani,4.0,39,4,0,Work Lunch,0
O006231,C0409,R0127,2025-10-06,Monday,14,439,Pizza,4.4,34,2,0,Movie Night,0
O006232,C0409,R0105,2026-06-21,Sunday,13,263,North Indian,3.8,47,3,0,Date Night,0
O006233,C0409,R0050,2026-08-25,Tuesday,13,624,Biryani,4.0,26,5,0,Date Night,0
O006234,C0409,R0126,2025-09-03,Wednesday,14,660,Italian,4.1,21,4,0,Movie Night,0
O006235,C0409,R0115,2025-12-23,Tuesday,9,591,Biryani,3.6,38,2,0,Late Night,0
O006236,C0409,R0108,2025-10-17,Friday,8,210,North Indian,4.5,36,3,1,Late Night,0
O006237,C0409,R0012,2026-08-16,Sunday,19,422,Pizza,3.3,27,3,0,Late Night,0
O006238,C0409,R0008,2026-08-13,Thursday,23,571,Biryani,3.9,25,2,1,Date Night,0
O006239,C0410,R0023,2025-09-06,Saturday,20,673,Cafe,4.1,21,3,1,Work Lunch,1
O006240,C0410,R0013,2025-12-14,Sunday,20,1361,South Indian,4.1,44,4,1,Work Lunch,0
O006241,C0410,R0063,2026-05-17,Sunday,13,268,Pizza,4.2,32,5,1,Late Night,0
O006242,C0410,R0142,2025-10-20,Monday,19,856,South Indian,4.4,36,4,1,Family,1
O006243,C0410,R0101,2025-11-04,Tuesday,22,396,Chinese,4.2,27,5,1,Routine,0
O006244,C0410,R0148,2026-08-09,Sunday,17,455,Burgers,3.8,32,5,1,Family,1
O006245,C0410,R0145,2026-05-02,Saturday,17,1029,South Indian,4.5,28,4,1,Friends,1
O006246,C0410,R0011,2026-03-03,Tuesday,21,418,Chinese,4.0,36,4,1,Routine,1
O006247,C0410,R0001,2025-10-25,Saturday,17,285,South Indian,3.9,38,3,1,Date Night,0
O006248,C0410,R0065,2026-04-08,Wednesday,18,823,Healthy,4.8,37,3,0,Friends,0
O006249,C0410,R0075,2025-10-22,Wednesday,19,422,South Indian,4.2,43,4,1,Work Lunch,1
O006250,C0410,R0075,2026-03-24,Tuesday,10,371,South Indian,4.2,43,5,1,Friends,1
O006251,C0410,R0011,2026-06-06,Saturday,23,316,Chinese,4.0,36,3,1,Late Night,1
O006252,C0410,R0011,2026-03-30,Monday,12,308,Chinese,4.0,36,5,1,Work Lunch,1
O006253,C0410,R0003,2026-05-29,Friday,21,267,Chinese,4.0,24,5,0,Friends,0
O006254,C0410,R0142,2025-09-14,Sunday,9,758,South Indian,4.4,36,3,1,Friends,1
O006255,C0410,R0148,2026-03-24,Tuesday,23,344,Burgers,3.8,32,4,1,Date Night,1
O006256,C0410,R0010,2025-11-23,Sunday,18,319,Desserts,3.5,15,4,1,Late Night,0
O006257,C0410,R0023,2025-11-29,Saturday,20,909,Cafe,4.1,21,5,1,Routine,1
O006258,C0410,R0009,2026-04-07,Tuesday,17,255,Biryani,4.4,30,5,1,Work Lunch,0
O006259,C0410,R0145,2026-05-23,Saturday,22,877,South Indian,4.5,28,5,0,Family,1
O006260,C0410,R0148,2026-06-20,Saturday,22,336,Burgers,3.8,32,4,1,Friends,1
O006261,C0411,R0109,2026-04-19,Sunday,21,978,Desserts,4.3,29,5,1,Work Lunch,0
O006262,C0411,R0141,2026-03-23,Monday,14,610,Burgers,4.2,26,5,1,Routine,0
O006263,C0411,R0076,2026-06-10,Wednesday,21,388,Healthy,3.8,19,5,1,Family,1
O006264,C0411,R0054,2026-06-04,Thursday,20,329,Chinese,3.6,34,4,1,Routine,0
O006265,C0411,R0098,2026-01-29,Thursday,20,650,Burgers,4.1,33,5,1,Family,0
O006266,C0411,R0136,2026-02-11,Wednesday,20,497,Chinese,3.6,45,5,1,Family,0
O006267,C0411,R0026,2025-11-10,Monday,14,803,Healthy,4.0,38,4,1,Routine,0
O006268,C0411,R0064,2026-05-04,Monday,18,775,North Indian,3.9,53,4,1,Work Lunch,0
O006269,C0411,R0024,2026-04-12,Sunday,14,804,Burgers,4.1,43,4,1,Late Night,0
O006270,C0411,R0076,2026-05-13,Wednesday,17,466,Healthy,3.8,19,3,1,Routine,1
O006271,C0411,R0082,2026-06-10,Wednesday,12,294,Italian,3.6,28,4,1,Movie Night,0
O006272,C0412,R0052,2026-03-10,Tuesday,22,600,Thai,4.7,29,3,0,Family,0
O006273,C0412,R0042,2026-02-11,Wednesday,8,500,Chinese,4.4,21,3,1,Late Night,1
O006274,C0412,R0038,2026-08-31,Monday,13,510,Chinese,4.0,29,4,0,Routine,1
O006275,C0412,R0140,2026-04-15,Wednesday,9,658,Biryani,4.5,15,4,0,Movie Night,0
O006276,C0412,R0042,2026-03-19,Thursday,14,387,Chinese,4.4,21,3,0,Work Lunch,1
O006277,C0412,R0042,2026-06-27,Saturday,12,418,Chinese,4.4,21,5,0,Family,1
O006278,C0412,R0042,2025-11-12,Wednesday,20,388,Chinese,4.4,21,4,0,Late Night,1
O006279,C0412,R0038,2026-03-01,Sunday,17,723,Chinese,4.0,29,4,0,Work Lunch,1
O006280,C0412,R0038,2025-10-19,Sunday,19,533,Chinese,4.0,29,3,1,Family,1
O006281,C0412,R0038,2025-10-13,Monday,21,483,Chinese,4.0,29,5,0,Routine,1
O006282,C0412,R0038,2026-02-06,Friday,19,447,Chinese,4.0,29,5,1,Work Lunch,1
O006283,C0412,R0038,2025-09-30,Tuesday,21,487,Chinese,4.0,29,4,0,Work Lunch,1
O006284,C0413,R0052,2025-09-24,Wednesday,8,377,Thai,4.7,29,5,1,Friends,1
O006285,C0413,R0140,2025-12-05,Friday,13,414,Biryani,4.5,15,4,0,Routine,1
O006286,C0413,R0052,2026-08-28,Friday,21,376,Thai,4.7,29,5,1,Routine,1
O006287,C0413,R0140,2026-04-18,Saturday,19,472,Biryani,4.5,15,5,0,Movie Night,1
O006288,C0413,R0038,2026-05-11,Monday,14,506,Chinese,4.0,29,5,1,Friends,1
O006289,C0413,R0088,2025-09-27,Saturday,21,336,Biryani,4.1,33,5,0,Routine,1
O006290,C0413,R0071,2025-09-10,Wednesday,23,185,South Indian,4.1,48,4,1,Routine,1
O006291,C0413,R0091,2025-12-11,Thursday,8,326,Biryani,4.0,34,5,0,Routine,1
O006292,C0413,R0016,2025-11-17,Monday,14,693,Burgers,4.5,33,4,1,Friends,0
O006293,C0413,R0042,2025-10-04,Saturday,21,294,Chinese,4.4,21,3,1,Family,1
O006294,C0413,R0038,2026-07-19,Sunday,8,421,Chinese,4.0,29,4,1,Work Lunch,1
O006295,C0413,R0140,2025-11-28,Friday,20,329,Biryani,4.5,15,3,0,Date Night,1
O006296,C0413,R0052,2025-09-13,Saturday,17,467,Thai,4.7,29,4,1,Friends,1
O006297,C0413,R0140,2026-07-06,Monday,14,547,Biryani,4.5,15,4,1,Routine,1
O006298,C0413,R0050,2025-12-03,Wednesday,10,601,Biryani,4.0,26,3,1,Routine,1
O006299,C0413,R0038,2025-12-07,Sunday,17,387,Chinese,4.0,29,3,0,Family,1
O006300,C0413,R0050,2025-11-01,Saturday,21,534,Biryani,4.0,26,5,1,Family,1
O006301,C0413,R0071,2026-03-17,Tuesday,10,120,South Indian,4.1,48,4,1,Movie Night,1
O006302,C0413,R0091,2025-09-08,Monday,23,302,Biryani,4.0,34,3,1,Late Night,1
O006303,C0413,R0050,2026-07-26,Sunday,12,644,Biryani,4.0,26,4,1,Routine,1
O006304,C0413,R0140,2025-11-10,Monday,23,474,Biryani,4.5,15,4,0,Routine,1
O006305,C0413,R0042,2025-11-29,Saturday,17,295,Chinese,4.4,21,4,0,Friends,1
O006306,C0413,R0088,2026-04-06,Monday,10,251,Biryani,4.1,33,5,1,Routine,1
O006307,C0414,R0091,2026-06-22,Monday,18,276,Biryani,4.0,34,5,1,Work Lunch,1
O006308,C0414,R0042,2026-04-30,Thursday,23,360,Chinese,4.4,21,4,1,Friends,1
O006309,C0414,R0088,2026-01-27,Tuesday,8,362,Biryani,4.1,33,3,1,Friends,1
O006310,C0414,R0038,2026-02-16,Monday,18,695,Chinese,4.0,29,5,1,Movie Night,0
O006311,C0414,R0042,2026-08-21,Friday,9,374,Chinese,4.4,21,2,1,Date Night,1
O006312,C0414,R0088,2026-01-21,Wednesday,13,321,Biryani,4.1,33,5,1,Work Lunch,1
O006313,C0414,R0091,2026-08-07,Friday,20,324,Biryani,4.0,34,5,0,Work Lunch,1
O006314,C0414,R0050,2026-03-29,Sunday,21,739,Biryani,4.0,26,4,1,Date Night,1
O006315,C0414,R0091,2026-05-13,Wednesday,13,249,Biryani,4.0,34,2,1,Routine,1
O006316,C0414,R0088,2026-03-15,Sunday,19,280,Biryani,4.1,33,4,1,Movie Night,1
O006317,C0414,R0050,2025-12-17,Wednesday,14,755,Biryani,4.0,26,4,1,Friends,1
O006318,C0414,R0091,2026-01-09,Friday,14,235,Biryani,4.0,34,5,1,Routine,1
O006319,C0414,R0052,2026-02-18,Wednesday,22,382,Thai,4.7,29,5,1,Routine,1
O006320,C0414,R0071,2026-03-15,Sunday,21,259,South Indian,4.1,48,5,1,Work Lunch,0
O006321,C0414,R0052,2026-06-10,Wednesday,19,215,Thai,4.7,29,3,1,Friends,1
O006322,C0414,R0052,2026-04-04,Saturday,14,568,Thai,4.7,29,5,0,Late Night,1
O006323,C0414,R0091,2026-05-23,Saturday,12,195,Biryani,4.0,34,3,1,Friends,1
O006324,C0414,R0042,2026-01-17,Saturday,19,362,Chinese,4.4,21,4,1,Routine,1
O006325,C0415,R0044,2026-01-31,Saturday,19,343,Thai,4.2,17,3,1,Date Night,1
O006326,C0415,R0020,2025-12-28,Sunday,21,663,Biryani,4.2,28,3,1,Late Night,0
O006327,C0415,R0131,2026-03-01,Sunday,21,689,South Indian,4.4,28,4,1,Family,0
O006328,C0415,R0136,2026-04-09,Thursday,21,482,Chinese,3.6,45,3,0,Routine,0
O006329,C0415,R0046,2026-04-03,Friday,18,412,South Indian,4.4,45,4,1,Routine,0
O006330,C0415,R0099,2026-03-21,Saturday,13,200,North Indian,3.8,28,2,1,Family,0
O006331,C0415,R0044,2026-01-03,Saturday,10,218,Thai,4.2,17,5,1,Routine,1
O006332,C0415,R0039,2026-08-07,Friday,23,617,Biryani,3.7,28,5,0,Work Lunch,0
O006333,C0415,R0004,2026-03-07,Saturday,19,213,South Indian,4.4,43,2,1,Work Lunch,0
O006334,C0415,R0093,2026-05-20,Wednesday,20,287,Pizza,4.7,28,5,1,Routine,0
O006335,C0415,R0026,2025-11-22,Saturday,23,552,Healthy,4.0,38,5,0,Movie Night,0
O006336,C0415,R0002,2026-03-30,Monday,23,235,Maharashtrian,4.4,29,4,0,Date Night,0
O006337,C0415,R0018,2026-06-16,Tuesday,12,326,Pizza,3.5,47,4,1,Friends,0
O006338,C0415,R0054,2026-07-31,Friday,13,678,Chinese,3.6,34,5,0,Routine,0
O006339,C0415,R0105,2026-04-10,Friday,20,398,North Indian,3.8,47,4,0,Friends,0
O006340,C0415,R0035,2026-06-03,Wednesday,8,325,Desserts,4.6,27,4,0,Work Lunch,0
O006341,C0415,R0137,2026-02-05,Thursday,14,288,Chinese,4.3,35,4,1,Date Night,0
O006342,C0415,R0049,2026-03-05,Thursday,22,423,Desserts,4.6,22,5,0,Routine,0
O006343,C0415,R0057,2025-11-30,Sunday,19,204,Maharashtrian,4.6,32,4,0,Routine,0
O006344,C0415,R0037,2026-04-27,Monday,10,370,Maharashtrian,4.6,45,5,0,Friends,0
O006345,C0415,R0043,2025-09-06,Saturday,8,288,Pizza,4.3,15,3,0,Work Lunch,0
O006346,C0415,R0013,2026-01-23,Friday,10,756,South Indian,4.1,44,5,0,Movie Night,0
O006347,C0415,R0050,2026-07-07,Tuesday,23,527,Biryani,4.0,26,5,0,Routine,0
O006348,C0415,R0133,2025-09-25,Thursday,22,446,Chinese,3.6,43,4,0,Work Lunch,0
O006349,C0415,R0108,2025-12-27,Saturday,22,231,North Indian,4.5,36,4,0,Work Lunch,0
O006350,C0415,R0135,2025-11-13,Thursday,20,649,Desserts,4.2,31,5,1,Routine,0
O006351,C0416,R0146,2026-07-24,Friday,23,341,Chinese,3.2,28,4,0,Late Night,0
O006352,C0416,R0147,2026-08-09,Sunday,21,357,Biryani,3.9,17,5,1,Late Night,0
O006353,C0416,R0060,2025-09-04,Thursday,12,462,Italian,4.3,43,5,1,Family,0
O006354,C0416,R0119,2025-09-16,Tuesday,9,297,Desserts,4.2,37,5,0,Work Lunch,0
O006355,C0416,R0097,2026-02-20,Friday,19,380,Chinese,4.9,24,5,1,Late Night,0
O006356,C0416,R0019,2025-10-28,Tuesday,14,378,Biryani,4.1,34,5,1,Routine,0
O006357,C0416,R0042,2025-11-08,Saturday,22,319,Chinese,4.4,21,5,1,Friends,0
O006358,C0416,R0045,2025-09-04,Thursday,13,985,Maharashtrian,4.7,38,3,1,Late Night,0
O006359,C0416,R0088,2025-09-13,Saturday,21,252,Biryani,4.1,33,5,0,Routine,0
O006360,C0417,R0150,2026-06-16,Tuesday,9,520,Maharashtrian,4.0,36,3,1,Routine,1
O006361,C0417,R0009,2026-02-24,Tuesday,12,428,Biryani,4.4,30,5,1,Movie Night,0
O006362,C0417,R0087,2025-11-12,Wednesday,18,741,Cafe,4.3,36,5,1,Family,0
O006363,C0417,R0150,2026-08-18,Tuesday,21,504,Maharashtrian,4.0,36,3,1,Friends,1
O006364,C0417,R0116,2025-12-30,Tuesday,12,356,Maharashtrian,4.2,35,5,1,Date Night,0
O006365,C0417,R0120,2026-07-16,Thursday,23,587,Biryani,4.0,39,5,1,Routine,0
O006366,C0417,R0003,2025-10-12,Sunday,23,184,Chinese,4.0,24,5,1,Friends,1
O006367,C0417,R0001,2025-10-23,Thursday,9,290,South Indian,3.9,38,4,1,Routine,0
O006368,C0417,R0003,2026-08-04,Tuesday,14,312,Chinese,4.0,24,5,1,Family,1
O006369,C0417,R0150,2026-01-20,Tuesday,10,615,Maharashtrian,4.0,36,3,1,Work Lunch,1
O006370,C0417,R0150,2025-12-05,Friday,18,584,Maharashtrian,4.0,36,4,1,Date Night,1
O006371,C0417,R0055,2025-11-17,Monday,19,1282,Biryani,3.6,31,5,1,Work Lunch,0
O006372,C0417,R0053,2026-08-13,Thursday,17,389,Cafe,4.4,26,4,1,Movie Night,0
O006373,C0417,R0013,2026-08-09,Sunday,14,979,South Indian,4.1,44,5,1,Routine,0
O006374,C0418,R0011,2025-09-28,Sunday,19,332,Chinese,4.0,36,2,1,Work Lunch,0
O006375,C0418,R0116,2025-12-25,Thursday,19,349,Maharashtrian,4.2,35,5,1,Routine,1
O006376,C0418,R0013,2026-08-14,Friday,14,1145,South Indian,4.1,44,2,1,Routine,0
O006377,C0418,R0055,2026-02-24,Tuesday,9,1043,Biryani,3.6,31,5,0,Routine,1
O006378,C0418,R0075,2026-04-10,Friday,8,394,South Indian,4.2,43,3,1,Date Night,0
O006379,C0418,R0116,2026-07-19,Sunday,9,357,Maharashtrian,4.2,35,5,1,Family,1
O006380,C0418,R0148,2026-02-14,Saturday,9,352,Burgers,3.8,32,5,0,Routine,0
O006381,C0418,R0100,2026-08-08,Saturday,13,213,Chinese,4.4,29,5,1,Routine,0
O006382,C0418,R0116,2026-03-04,Wednesday,14,427,Maharashtrian,4.2,35,4,1,Date Night,1
O006383,C0418,R0055,2025-12-23,Tuesday,22,1070,Biryani,3.6,31,4,1,Work Lunch,1
O006384,C0418,R0116,2025-09-18,Thursday,23,327,Maharashtrian,4.2,35,4,1,Work Lunch,1
O006385,C0418,R0065,2026-05-02,Saturday,10,702,Healthy,4.8,37,4,1,Family,1
O006386,C0418,R0142,2025-10-27,Monday,17,990,South Indian,4.4,36,3,1,Work Lunch,0
O006387,C0418,R0063,2026-01-06,Tuesday,18,303,Pizza,4.2,32,3,1,Routine,0
O006388,C0418,R0069,2025-10-20,Monday,10,553,South Indian,4.4,30,5,1,Movie Night,0
O006389,C0418,R0065,2026-08-09,Sunday,14,607,Healthy,4.8,37,3,1,Movie Night,1
O006390,C0418,R0135,2026-03-12,Thursday,17,510,Desserts,4.2,31,4,1,Friends,0
O006391,C0418,R0149,2025-11-26,Wednesday,23,319,North Indian,4.7,34,4,1,Work Lunch,0
O006392,C0419,R0038,2025-10-23,Thursday,10,510,Chinese,4.0,29,4,1,Date Night,1
O006393,C0419,R0050,2025-09-16,Tuesday,19,707,Biryani,4.0,26,3,0,Routine,1
O006394,C0419,R0042,2025-11-01,Saturday,19,373,Chinese,4.4,21,5,1,Late Night,0
O006395,C0419,R0091,2026-08-03,Monday,18,288,Biryani,4.0,34,3,0,Work Lunch,1
O006396,C0419,R0091,2025-09-09,Tuesday,20,337,Biryani,4.0,34,2,1,Friends,1
O006397,C0419,R0038,2025-10-02,Thursday,17,590,Chinese,4.0,29,3,1,Family,1
O006398,C0419,R0038,2025-10-14,Tuesday,20,609,Chinese,4.0,29,5,1,Movie Night,1
O006399,C0419,R0071,2026-01-03,Saturday,8,335,South Indian,4.1,48,4,1,Date Night,0
O006400,C0419,R0091,2025-12-31,Wednesday,20,266,Biryani,4.0,34,5,1,Family,1
O006401,C0419,R0140,2025-10-09,Thursday,17,459,Biryani,4.5,15,5,1,Date Night,0
O006402,C0419,R0016,2025-10-02,Thursday,13,433,Burgers,4.5,33,5,1,Routine,1
O006403,C0419,R0050,2026-09-01,Tuesday,14,624,Biryani,4.0,26,5,1,Friends,1
O006404,C0419,R0088,2026-07-01,Wednesday,19,415,Biryani,4.1,33,5,1,Routine,1
O006405,C0419,R0091,2025-11-05,Wednesday,21,336,Biryani,4.0,34,4,1,Friends,1
O006406,C0419,R0016,2026-04-04,Saturday,18,621,Burgers,4.5,33,4,1,Routine,1
O006407,C0419,R0088,2025-10-23,Thursday,10,354,Biryani,4.1,33,5,1,Late Night,1
O006408,C0420,R0032,2025-12-21,Sunday,13,379,Italian,4.3,34,3,1,Date Night,0
O006409,C0420,R0107,2026-05-31,Sunday,19,251,Healthy,4.0,48,5,0,Family,0
O006410,C0420,R0024,2025-09-21,Sunday,13,746,Burgers,4.1,43,4,1,Family,1
O006411,C0420,R0006,2025-10-18,Saturday,21,551,Chinese,3.5,26,4,1,Routine,1
O006412,C0420,R0024,2025-11-18,Tuesday,8,613,Burgers,4.1,43,4,1,Routine,1
O006413,C0420,R0061,2026-07-10,Friday,12,649,Burgers,4.5,34,4,1,Work Lunch,1
O006414,C0420,R0006,2026-03-08,Sunday,8,545,Chinese,3.5,26,4,1,Movie Night,1
O006415,C0420,R0105,2025-11-15,Saturday,19,406,North Indian,3.8,47,4,1,Routine,0
O006416,C0420,R0061,2026-01-01,Thursday,9,708,Burgers,4.5,34,3,1,Routine,1
O006417,C0420,R0119,2025-11-08,Saturday,18,466,Desserts,4.2,37,4,1,Work Lunch,0
O006418,C0420,R0007,2026-03-10,Tuesday,18,490,Chinese,4.2,23,3,1,Work Lunch,0
O006419,C0420,R0031,2025-12-05,Friday,20,543,Italian,4.2,31,4,1,Family,0
O006420,C0421,R0036,2025-10-28,Tuesday,22,744,Biryani,3.9,40,3,0,Routine,1
O006421,C0421,R0036,2026-07-01,Wednesday,8,966,Biryani,3.9,40,4,0,Date Night,1
O006422,C0421,R0066,2026-07-20,Monday,13,862,Pizza,4.3,30,5,0,Routine,1
O006423,C0421,R0044,2025-10-15,Wednesday,19,458,Thai,4.2,17,2,1,Movie Night,1
O006424,C0421,R0022,2025-12-14,Sunday,21,814,Biryani,3.7,38,3,0,Routine,1
O006425,C0421,R0144,2026-04-13,Monday,20,279,Burgers,4.2,23,5,0,Work Lunch,0
O006426,C0421,R0112,2025-10-15,Wednesday,8,242,Thai,4.2,34,5,0,Friends,1
O006427,C0421,R0074,2025-11-21,Friday,21,210,Cafe,4.6,27,4,0,Late Night,0
O006428,C0421,R0112,2026-05-07,Thursday,18,217,Thai,4.2,34,3,0,Routine,1
O006429,C0421,R0122,2026-07-27,Monday,9,239,North Indian,4.0,35,4,0,Routine,1
O006430,C0421,R0081,2026-03-29,Sunday,10,313,Pizza,4.1,42,4,1,Friends,1
O006431,C0421,R0058,2025-10-30,Thursday,21,461,North Indian,4.7,24,3,0,Late Night,0
O006432,C0421,R0112,2026-07-08,Wednesday,10,277,Thai,4.2,34,5,0,Work Lunch,1
O006433,C0421,R0066,2026-02-22,Sunday,23,1023,Pizza,4.3,30,5,1,Routine,1
O006434,C0421,R0022,2026-04-21,Tuesday,12,684,Biryani,3.7,38,3,0,Movie Night,1
O006435,C0421,R0044,2026-05-20,Wednesday,9,363,Thai,4.2,17,5,0,Movie Night,1
O006436,C0421,R0056,2025-11-13,Thursday,21,550,Biryani,3.8,49,4,0,Family,0
O006437,C0421,R0122,2025-09-29,Monday,22,254,North Indian,4.0,35,5,0,Family,1
O006438,C0421,R0081,2025-12-28,Sunday,20,425,Pizza,4.1,42,5,0,Routine,1
O006439,C0421,R0112,2025-10-22,Wednesday,20,231,Thai,4.2,34,4,0,Family,1
O006440,C0421,R0108,2026-03-24,Tuesday,20,261,North Indian,4.5,36,3,0,Movie Night,0
O006441,C0421,R0044,2026-02-13,Friday,18,443,Thai,4.2,17,5,0,Routine,1
O006442,C0421,R0103,2026-04-25,Saturday,17,345,Italian,4.9,32,4,0,Date Night,0
O006443,C0422,R0116,2025-10-30,Thursday,23,415,Maharashtrian,4.2,35,5,1,Routine,1
O006444,C0422,R0011,2025-11-11,Tuesday,20,413,Chinese,4.0,36,3,0,Family,0
O006445,C0422,R0057,2026-04-21,Tuesday,18,358,Maharashtrian,4.6,32,4,0,Routine,0
O006446,C0422,R0135,2026-07-28,Tuesday,13,514,Desserts,4.2,31,5,1,Routine,0
O006447,C0422,R0034,2026-07-03,Friday,22,518,Burgers,4.8,40,4,1,Family,0
O006448,C0422,R0075,2025-10-13,Monday,14,334,South Indian,4.2,43,4,1,Movie Night,0
O006449,C0422,R0113,2025-09-30,Tuesday,13,638,Healthy,4.2,42,5,1,Routine,0
O006450,C0422,R0116,2025-09-28,Sunday,8,328,Maharashtrian,4.2,35,4,1,Date Night,1
O006451,C0422,R0120,2025-12-01,Monday,8,490,Biryani,4.0,39,5,1,Routine,0
O006452,C0422,R0142,2026-07-29,Wednesday,17,827,South Indian,4.4,36,4,0,Date Night,0
O006453,C0422,R0059,2026-05-26,Tuesday,12,748,Cafe,4.4,33,5,0,Family,0
O006454,C0423,R0042,2026-06-13,Saturday,20,416,Chinese,4.4,21,5,1,Routine,1
O006455,C0423,R0038,2025-12-20,Saturday,22,473,Chinese,4.0,29,4,1,Late Night,1
O006456,C0423,R0016,2026-07-25,Saturday,14,540,Burgers,4.5,33,4,0,Movie Night,1
O006457,C0423,R0052,2025-11-28,Friday,20,359,Thai,4.7,29,2,1,Routine,0
O006458,C0423,R0042,2026-03-25,Wednesday,18,312,Chinese,4.4,21,4,1,Date Night,1
O006459,C0423,R0050,2025-09-26,Friday,12,593,Biryani,4.0,26,4,1,Friends,1
O006460,C0423,R0016,2025-09-26,Friday,13,511,Burgers,4.5,33,5,1,Routine,1
O006461,C0423,R0088,2025-12-16,Tuesday,13,346,Biryani,4.1,33,3,1,Work Lunch,0
O006462,C0423,R0038,2026-08-21,Friday,18,581,Chinese,4.0,29,4,0,Friends,1
O006463,C0423,R0038,2026-02-01,Sunday,21,347,Chinese,4.0,29,5,1,Routine,1
O006464,C0423,R0016,2026-09-01,Tuesday,22,350,Burgers,4.5,33,4,1,Routine,1
O006465,C0423,R0042,2026-04-07,Tuesday,19,440,Chinese,4.4,21,5,1,Family,1
O006466,C0423,R0050,2025-09-24,Wednesday,9,641,Biryani,4.0,26,3,1,Movie Night,1
O006467,C0423,R0050,2026-06-10,Wednesday,21,626,Biryani,4.0,26,3,0,Routine,1
O006468,C0423,R0140,2025-11-29,Saturday,9,444,Biryani,4.5,15,5,1,Routine,0
O006469,C0424,R0028,2026-02-09,Monday,9,500,South Indian,4.2,38,3,1,Routine,0
O006470,C0424,R0014,2026-01-23,Friday,17,600,Maharashtrian,4.1,35,5,1,Routine,0
O006471,C0424,R0106,2026-06-08,Monday,13,338,Healthy,4.3,46,5,1,Routine,0
O006472,C0424,R0097,2025-09-03,Wednesday,9,339,Chinese,4.9,24,4,1,Routine,0
O006473,C0424,R0045,2026-08-04,Tuesday,19,1157,Maharashtrian,4.7,38,3,1,Routine,0
O006474,C0424,R0117,2025-12-31,Wednesday,10,648,Italian,3.9,43,5,1,Routine,1
O006475,C0424,R0117,2026-06-10,Wednesday,22,582,Italian,3.9,43,4,1,Routine,1
O006476,C0424,R0085,2025-10-11,Saturday,23,311,Desserts,3.4,26,5,0,Friends,0
O006477,C0424,R0015,2026-05-27,Wednesday,9,397,Healthy,4.3,15,4,0,Friends,0
O006478,C0424,R0127,2026-07-25,Saturday,17,242,Pizza,4.4,34,4,1,Routine,0
O006479,C0424,R0102,2025-09-06,Saturday,12,803,Cafe,3.7,34,4,1,Family,0
O006480,C0425,R0115,2026-08-14,Friday,21,702,Biryani,3.6,38,5,0,Friends,0
O006481,C0425,R0062,2026-07-31,Friday,22,249,Maharashtrian,3.7,23,3,0,Work Lunch,1
O006482,C0425,R0130,2026-01-05,Monday,22,388,South Indian,4.1,26,5,0,Work Lunch,0
O006483,C0425,R0098,2025-09-08,Monday,18,706,Burgers,4.1,33,5,0,Date Night,0
O006484,C0425,R0109,2026-07-02,Thursday,22,1092,Desserts,4.3,29,3,0,Routine,0
O006485,C0425,R0014,2026-05-08,Friday,17,508,Maharashtrian,4.1,35,5,0,Work Lunch,1
O006486,C0425,R0026,2025-09-25,Thursday,8,577,Healthy,4.0,38,4,0,Routine,1
O006487,C0425,R0014,2025-11-07,Friday,9,765,Maharashtrian,4.1,35,3,0,Routine,1
O006488,C0425,R0062,2025-10-23,Thursday,23,348,Maharashtrian,3.7,23,5,0,Routine,1
O006489,C0425,R0097,2026-05-02,Saturday,8,378,Chinese,4.9,24,5,0,Work Lunch,0
O006490,C0425,R0014,2026-04-12,Sunday,12,973,Maharashtrian,4.1,35,5,0,Routine,1
O006491,C0425,R0014,2026-03-07,Saturday,23,725,Maharashtrian,4.1,35,4,0,Routine,1
O006492,C0425,R0085,2026-08-02,Sunday,21,354,Desserts,3.4,26,4,0,Family,0
O006493,C0425,R0026,2026-07-09,Thursday,14,757,Healthy,4.0,38,3,0,Routine,1
O006494,C0425,R0062,2025-12-21,Sunday,18,260,Maharashtrian,3.7,23,3,0,Routine,1
O006495,C0425,R0002,2026-03-11,Wednesday,9,292,Maharashtrian,4.4,29,4,0,Date Night,0
O006496,C0426,R0081,2026-06-28,Sunday,23,438,Pizza,4.1,42,5,1,Routine,1
O006497,C0426,R0033,2026-01-15,Thursday,23,540,Cafe,4.2,33,5,0,Friends,1
O006498,C0426,R0048,2026-03-06,Friday,13,271,Cafe,4.6,29,3,1,Late Night,0
O006499,C0426,R0111,2026-04-05,Sunday,20,424,Desserts,3.6,21,3,1,Work Lunch,1
O006500,C0426,R0108,2026-07-14,Tuesday,17,230,North Indian,4.5,36,5,1,Routine,1
O006501,C0426,R0072,2026-03-20,Friday,9,267,Cafe,4.4,19,3,0,Family,0
O006502,C0426,R0022,2026-04-22,Wednesday,17,656,Biryani,3.7,38,2,0,Work Lunch,1
O006503,C0426,R0111,2025-12-31,Wednesday,18,474,Desserts,3.6,21,4,1,Work Lunch,1
O006504,C0426,R0040,2026-08-18,Tuesday,23,315,South Indian,4.6,27,3,0,Routine,0
O006505,C0426,R0108,2026-08-13,Thursday,19,295,North Indian,4.5,36,5,0,Family,1
O006506,C0426,R0081,2025-11-13,Thursday,17,275,Pizza,4.1,42,4,1,Routine,1
O006507,C0426,R0036,2026-03-02,Monday,17,751,Biryani,3.9,40,4,1,Routine,1
O006508,C0426,R0033,2026-03-26,Thursday,23,397,Cafe,4.2,33,5,1,Movie Night,1
O006509,C0426,R0022,2026-04-15,Wednesday,19,695,Biryani,3.7,38,5,1,Routine,1
O006510,C0426,R0036,2025-09-14,Sunday,14,881,Biryani,3.9,40,5,1,Work Lunch,1
O006511,C0426,R0022,2025-12-17,Wednesday,18,527,Biryani,3.7,38,4,0,Routine,1
O006512,C0427,R0112,2026-06-07,Sunday,19,279,Thai,4.2,34,5,1,Work Lunch,0
O006513,C0427,R0005,2026-01-26,Monday,8,382,Pizza,4.0,36,4,1,Routine,1
O006514,C0427,R0008,2025-11-12,Wednesday,12,562,Biryani,3.9,25,4,1,Friends,0
O006515,C0427,R0027,2026-01-27,Tuesday,21,401,Maharashtrian,4.5,48,4,0,Work Lunch,0
O006516,C0427,R0005,2025-10-07,Tuesday,13,661,Pizza,4.0,36,4,0,Routine,1
O006517,C0427,R0081,2026-03-21,Saturday,17,376,Pizza,4.1,42,5,1,Routine,1
O006518,C0427,R0074,2026-04-07,Tuesday,12,231,Cafe,4.6,27,4,0,Friends,0
O006519,C0427,R0033,2025-09-02,Tuesday,13,415,Cafe,4.2,33,4,0,Late Night,0
O006520,C0427,R0022,2025-10-28,Tuesday,9,757,Biryani,3.7,38,4,0,Date Night,1
O006521,C0427,R0022,2026-04-03,Friday,23,594,Biryani,3.7,38,3,1,Routine,1
O006522,C0427,R0122,2026-02-01,Sunday,10,301,North Indian,4.0,35,5,0,Friends,0
O006523,C0427,R0081,2025-10-24,Friday,14,391,Pizza,4.1,42,3,0,Routine,1
O006524,C0427,R0072,2026-05-21,Thursday,12,272,Cafe,4.4,19,4,1,Routine,0
O006525,C0427,R0044,2026-03-24,Tuesday,19,273,Thai,4.2,17,3,0,Friends,0
O006526,C0427,R0056,2025-12-17,Wednesday,17,689,Biryani,3.8,49,3,1,Routine,0
O006527,C0427,R0019,2025-09-15,Monday,13,359,Biryani,4.1,34,3,1,Work Lunch,0
O006528,C0427,R0144,2026-03-14,Saturday,19,264,Burgers,4.2,23,5,0,Late Night,0
O006529,C0428,R0076,2026-03-19,Thursday,20,408,Healthy,3.8,19,5,1,Family,0
O006530,C0428,R0023,2026-05-07,Thursday,8,621,Cafe,4.1,21,4,0,Routine,0
O006531,C0428,R0113,2026-06-11,Thursday,19,599,Healthy,4.2,42,4,1,Date Night,0
O006532,C0428,R0003,2025-12-29,Monday,8,279,Chinese,4.0,24,4,0,Routine,1
O006533,C0428,R0150,2026-06-06,Saturday,12,651,Maharashtrian,4.0,36,3,0,Work Lunch,0
O006534,C0428,R0003,2026-07-07,Tuesday,21,304,Chinese,4.0,24,4,1,Routine,1
O006535,C0428,R0009,2025-12-27,Saturday,22,421,Biryani,4.4,30,5,0,Movie Night,0
O006536,C0428,R0053,2026-02-25,Wednesday,20,260,Cafe,4.4,26,5,1,Late Night,0
O006537,C0429,R0069,2025-11-15,Saturday,23,514,South Indian,4.4,30,4,1,Late Night,1
O006538,C0429,R0150,2026-07-03,Friday,9,366,Maharashtrian,4.0,36,4,1,Friends,0
O006539,C0429,R0055,2025-11-26,Wednesday,18,1032,Biryani,3.6,31,5,1,Late Night,0
O006540,C0429,R0137,2026-03-17,Tuesday,14,331,Chinese,4.3,35,3,1,Family,1
O006541,C0429,R0137,2026-01-23,Friday,9,255,Chinese,4.3,35,5,0,Routine,1
O006542,C0429,R0029,2026-01-15,Thursday,8,1024,Chinese,4.3,43,3,0,Work Lunch,1
O006543,C0429,R0009,2026-08-19,Wednesday,10,439,Biryani,4.4,30,4,0,Family,0
O006544,C0429,R0149,2025-10-13,Monday,19,348,North Indian,4.7,34,5,0,Work Lunch,0
O006545,C0429,R0059,2025-11-06,Thursday,19,542,Cafe,4.4,33,5,1,Routine,1
O006546,C0429,R0001,2026-05-05,Tuesday,9,273,South Indian,3.9,38,4,1,Family,0
O006547,C0429,R0069,2025-09-12,Friday,9,625,South Indian,4.4,30,4,0,Family,1
O006548,C0429,R0101,2026-04-18,Saturday,22,358,Chinese,4.2,27,4,0,Family,0
O006549,C0429,R0134,2026-03-26,Thursday,21,904,Maharashtrian,4.3,28,3,0,Routine,1
O006550,C0429,R0148,2026-05-05,Tuesday,14,278,Burgers,3.8,32,4,1,Friends,1
O006551,C0429,R0146,2026-05-29,Friday,20,246,Chinese,3.2,28,5,0,Friends,1
O006552,C0429,R0148,2026-05-26,Tuesday,21,527,Burgers,3.8,32,5,1,Routine,1
O006553,C0429,R0003,2026-06-24,Wednesday,18,267,Chinese,4.0,24,3,1,Movie Night,1
O006554,C0429,R0120,2026-06-26,Friday,20,425,Biryani,4.0,39,3,1,Work Lunch,0
O006555,C0429,R0029,2026-07-06,Monday,8,1082,Chinese,4.3,43,4,0,Routine,1
O006556,C0429,R0013,2025-11-10,Monday,9,1003,South Indian,4.1,44,5,1,Work Lunch,0
O006557,C0429,R0134,2025-10-28,Tuesday,13,895,Maharashtrian,4.3,28,3,1,Family,1
O006558,C0429,R0059,2026-03-30,Monday,23,583,Cafe,4.4,33,5,1,Routine,1
O006559,C0429,R0146,2026-04-03,Friday,14,324,Chinese,3.2,28,4,1,Family,1
O006560,C0429,R0003,2025-10-20,Monday,19,261,Chinese,4.0,24,4,0,Family,1
O006561,C0430,R0053,2026-08-07,Friday,9,323,Cafe,4.4,26,4,0,Late Night,1
O006562,C0430,R0100,2025-09-06,Saturday,17,284,Chinese,4.4,29,4,0,Routine,0
O006563,C0430,R0120,2025-12-19,Friday,21,453,Biryani,4.0,39,4,0,Date Night,0
O006564,C0430,R0053,2026-08-29,Saturday,14,377,Cafe,4.4,26,3,0,Work Lunch,1
O006565,C0430,R0142,2026-01-04,Sunday,9,940,South Indian,4.4,36,5,0,Late Night,0
O006566,C0430,R0011,2025-12-13,Saturday,9,435,Chinese,4.0,36,4,0,Routine,0
O006567,C0430,R0029,2026-04-26,Sunday,14,995,Chinese,4.3,43,5,0,Movie Night,0
O006568,C0430,R0149,2026-04-19,Sunday,10,262,North Indian,4.7,34,2,0,Date Night,0
O006569,C0430,R0013,2026-04-02,Thursday,9,1028,South Indian,4.1,44,3,0,Work Lunch,0
O006570,C0430,R0145,2026-02-05,Thursday,20,878,South Indian,4.5,28,5,0,Work Lunch,0
O006571,C0431,R0067,2026-05-09,Saturday,19,446,Cafe,3.9,32,3,1,Family,1
O006572,C0431,R0110,2025-10-17,Friday,20,323,Italian,4.7,33,4,1,Movie Night,0
O006573,C0431,R0067,2025-12-19,Friday,19,385,Cafe,3.9,32,4,1,Movie Night,1
O006574,C0431,R0007,2026-08-31,Monday,20,942,Chinese,4.2,23,2,1,Friends,0
O006575,C0431,R0032,2026-06-28,Sunday,8,626,Italian,4.3,34,4,1,Work Lunch,1
O006576,C0431,R0061,2025-11-26,Wednesday,22,575,Burgers,4.5,34,5,1,Routine,0
O006577,C0431,R0032,2025-12-17,Wednesday,21,602,Italian,4.3,34,4,1,Movie Night,1
O006578,C0432,R0078,2026-05-15,Friday,9,390,Biryani,3.7,15,4,1,Work Lunch,0
O006579,C0432,R0127,2026-05-12,Tuesday,14,392,Pizza,4.4,34,5,1,Routine,0
O006580,C0432,R0041,2026-08-17,Monday,22,869,Biryani,4.5,30,5,1,Routine,0
O006581,C0432,R0084,2026-03-20,Friday,12,521,Desserts,4.1,32,4,1,Date Night,0
O006582,C0432,R0062,2026-08-21,Friday,12,342,Maharashtrian,3.7,23,3,1,Work Lunch,0
O006583,C0432,R0097,2025-11-02,Sunday,23,357,Chinese,4.9,24,5,0,Movie Night,0
O006584,C0432,R0026,2025-10-11,Saturday,18,577,Healthy,4.0,38,4,1,Family,0
O006585,C0433,R0070,2026-05-29,Friday,14,335,Cafe,3.6,24,4,1,Routine,1
O006586,C0433,R0032,2025-09-20,Saturday,23,664,Italian,4.3,34,5,1,Movie Night,0
O006587,C0433,R0061,2026-02-07,Saturday,22,563,Burgers,4.5,34,3,1,Family,1
O006588,C0433,R0104,2025-09-30,Tuesday,12,630,Cafe,4.3,38,4,1,Work Lunch,1
O006589,C0433,R0125,2025-11-24,Monday,20,234,Pizza,3.8,29,5,1,Work Lunch,1
O006590,C0433,R0067,2026-01-31,Saturday,14,466,Cafe,3.9,32,4,1,Family,1
O006591,C0433,R0031,2026-02-19,Thursday,19,438,Italian,4.2,31,4,1,Routine,1
O006592,C0433,R0067,2026-08-23,Sunday,17,372,Cafe,3.9,32,5,1,Movie Night,1
O006593,C0433,R0030,2025-12-31,Wednesday,21,214,Thai,4.0,38,4,1,Family,0
O006594,C0433,R0133,2026-06-29,Monday,19,377,Chinese,3.6,43,3,1,Date Night,1
O006595,C0433,R0129,2025-11-04,Tuesday,10,265,Cafe,4.6,46,5,1,Work Lunch,1
O006596,C0433,R0070,2026-01-22,Thursday,22,285,Cafe,3.6,24,5,1,Routine,1
O006597,C0433,R0061,2026-07-22,Wednesday,10,532,Burgers,4.5,34,3,1,Routine,1
O006598,C0433,R0129,2026-02-13,Friday,23,311,Cafe,4.6,46,5,1,Late Night,1
O006599,C0433,R0006,2026-02-24,Tuesday,9,695,Chinese,3.5,26,5,1,Work Lunch,1
O006600,C0433,R0107,2026-01-19,Monday,9,261,Healthy,4.0,48,4,1,Movie Night,1
O006601,C0433,R0133,2026-08-26,Wednesday,22,377,Chinese,3.6,43,2,1,Routine,1
O006602,C0433,R0104,2026-06-14,Sunday,9,773,Cafe,4.3,38,5,1,Friends,1
O006603,C0433,R0006,2026-01-10,Saturday,18,553,Chinese,3.5,26,4,0,Movie Night,1
O006604,C0433,R0046,2025-12-02,Tuesday,9,373,South Indian,4.4,45,4,1,Date Night,0
O006605,C0433,R0133,2025-12-04,Thursday,22,322,Chinese,3.6,43,3,1,Routine,1
O006606,C0433,R0006,2025-09-21,Sunday,9,611,Chinese,3.5,26,5,1,Friends,1
O006607,C0433,R0093,2026-03-23,Monday,12,282,Pizza,4.7,28,3,1,Family,0
O006608,C0433,R0125,2026-01-13,Tuesday,14,302,Pizza,3.8,29,4,1,Routine,1
O006609,C0433,R0125,2025-12-17,Wednesday,22,277,Pizza,3.8,29,5,1,Date Night,1
O006610,C0433,R0099,2026-01-08,Thursday,14,301,North Indian,3.8,28,3,1,Routine,0
O006611,C0433,R0061,2026-02-09,Monday,17,609,Burgers,4.5,34,4,1,Routine,1
O006612,C0433,R0107,2025-09-28,Sunday,20,234,Healthy,4.0,48,3,1,Routine,1
O006613,C0433,R0061,2026-04-30,Thursday,20,755,Burgers,4.5,34,5,1,Work Lunch,1
O006614,C0433,R0061,2026-08-06,Thursday,22,632,Burgers,4.5,34,5,1,Routine,1
O006615,C0433,R0125,2026-07-17,Friday,8,309,Pizza,3.8,29,5,1,Friends,1
O006616,C0433,R0031,2026-04-09,Thursday,22,458,Italian,4.2,31,5,1,Friends,1
O006617,C0433,R0006,2026-03-06,Friday,23,511,Chinese,3.5,26,5,1,Family,1
O006618,C0433,R0077,2026-04-27,Monday,10,706,Maharashtrian,4.0,41,3,1,Friends,0
O006619,C0434,R0137,2025-09-18,Thursday,19,413,Chinese,4.3,35,5,0,Late Night,0
O006620,C0434,R0057,2026-07-11,Saturday,20,284,Maharashtrian,4.6,32,4,0,Movie Night,1
O006621,C0434,R0100,2026-08-27,Thursday,9,290,Chinese,4.4,29,3,1,Work Lunch,1
O006622,C0434,R0135,2026-07-24,Friday,23,591,Desserts,4.2,31,4,0,Movie Night,1
O006623,C0434,R0118,2026-02-17,Tuesday,21,720,Chinese,4.6,37,4,1,Late Night,1
O006624,C0434,R0100,2025-10-19,Sunday,17,233,Chinese,4.4,29,4,0,Work Lunch,1
O006625,C0434,R0063,2025-10-04,Saturday,9,348,Pizza,4.2,32,5,1,Movie Night,0
O006626,C0434,R0065,2025-12-21,Sunday,20,439,Healthy,4.8,37,4,1,Work Lunch,0
O006627,C0434,R0069,2026-04-09,Thursday,18,656,South Indian,4.4,30,5,0,Routine,0
O006628,C0434,R0057,2026-08-22,Saturday,10,254,Maharashtrian,4.6,32,5,0,Routine,1
O006629,C0434,R0118,2026-08-04,Tuesday,12,765,Chinese,4.6,37,4,1,Friends,1
O006630,C0434,R0011,2025-09-07,Sunday,22,360,Chinese,4.0,36,3,1,Movie Night,0
O006631,C0434,R0149,2026-02-05,Thursday,10,268,North Indian,4.7,34,5,1,Friends,0
O006632,C0434,R0135,2026-07-29,Wednesday,10,780,Desserts,4.2,31,4,0,Friends,1
O006633,C0435,R0142,2026-01-18,Sunday,9,800,South Indian,4.4,36,4,1,Friends,0
O006634,C0435,R0065,2026-05-28,Thursday,23,677,Healthy,4.8,37,3,1,Movie Night,0
O006635,C0435,R0137,2025-12-28,Sunday,23,366,Chinese,4.3,35,4,0,Date Night,0
O006636,C0435,R0073,2026-03-31,Tuesday,21,896,Maharashtrian,4.4,18,3,1,Movie Night,0
O006637,C0435,R0053,2025-12-05,Friday,22,396,Cafe,4.4,26,3,1,Routine,1
O006638,C0435,R0053,2026-02-09,Monday,13,381,Cafe,4.4,26,5,0,Movie Night,1
O006639,C0435,R0076,2025-10-20,Monday,19,373,Healthy,3.8,19,2,1,Routine,0
O006640,C0435,R0010,2026-02-07,Saturday,13,395,Desserts,3.5,15,4,1,Routine,1
O006641,C0435,R0146,2026-01-31,Saturday,23,306,Chinese,3.2,28,2,1,Late Night,1
O006642,C0435,R0053,2026-01-18,Sunday,10,454,Cafe,4.4,26,4,1,Friends,1
O006643,C0435,R0059,2026-08-10,Monday,8,654,Cafe,4.4,33,4,1,Routine,1
O006644,C0435,R0053,2026-01-23,Friday,12,291,Cafe,4.4,26,4,1,Date Night,1
O006645,C0435,R0001,2026-03-09,Monday,8,189,South Indian,3.9,38,5,1,Friends,0
O006646,C0435,R0113,2026-02-06,Friday,18,400,Healthy,4.2,42,4,1,Work Lunch,0
O006647,C0435,R0087,2026-08-27,Thursday,9,688,Cafe,4.3,36,4,1,Routine,1
O006648,C0435,R0134,2026-05-23,Saturday,17,690,Maharashtrian,4.3,28,4,1,Friends,0
O006649,C0435,R0003,2026-02-21,Saturday,17,229,Chinese,4.0,24,5,1,Late Night,0
O006650,C0435,R0146,2025-09-06,Saturday,20,251,Chinese,3.2,28,4,1,Date Night,1
O006651,C0435,R0059,2026-01-25,Sunday,9,612,Cafe,4.4,33,3,1,Routine,1
O006652,C0435,R0145,2026-02-28,Saturday,12,913,South Indian,4.5,28,4,1,Friends,0
O006653,C0435,R0013,2026-07-16,Thursday,22,1192,South Indian,4.1,44,4,1,Routine,0
O006654,C0435,R0116,2025-12-09,Tuesday,18,397,Maharashtrian,4.2,35,5,1,Routine,0
O006655,C0435,R0087,2026-02-08,Sunday,21,712,Cafe,4.3,36,5,1,Routine,1
O006656,C0435,R0063,2026-02-15,Sunday,9,256,Pizza,4.2,32,5,1,Friends,0
O006657,C0435,R0010,2026-07-18,Saturday,8,373,Desserts,3.5,15,3,1,Family,1
O006658,C0435,R0087,2025-12-02,Tuesday,17,506,Cafe,4.3,36,4,1,Movie Night,1
O006659,C0436,R0017,2026-08-09,Sunday,23,321,Chinese,4.4,65,4,1,Routine,0
O006660,C0436,R0004,2026-07-28,Tuesday,12,205,South Indian,4.4,43,4,1,Routine,0
O006661,C0436,R0106,2026-02-12,Thursday,20,375,Healthy,4.3,46,3,1,Routine,0
O006662,C0436,R0130,2026-06-24,Wednesday,20,408,South Indian,4.1,26,4,1,Late Night,0
O006663,C0436,R0109,2025-09-20,Saturday,21,895,Desserts,4.3,29,4,1,Late Night,0
O006664,C0436,R0121,2026-01-03,Saturday,18,481,Italian,4.8,41,5,1,Work Lunch,0
O006665,C0436,R0002,2026-03-16,Monday,17,304,Maharashtrian,4.4,29,3,1,Family,0
O006666,C0436,R0014,2026-04-06,Monday,20,689,Maharashtrian,4.1,35,4,1,Routine,0
O006667,C0437,R0102,2025-11-26,Wednesday,20,856,Cafe,3.7,34,4,1,Routine,0
O006668,C0437,R0039,2025-12-29,Monday,19,572,Biryani,3.7,28,2,1,Work Lunch,0
O006669,C0437,R0097,2026-06-20,Saturday,13,430,Chinese,4.9,24,4,0,Routine,0
O006670,C0437,R0121,2025-10-05,Sunday,21,407,Italian,4.8,41,4,1,Movie Night,0
O006671,C0437,R0127,2025-12-09,Tuesday,20,298,Pizza,4.4,34,3,1,Friends,0
O006672,C0437,R0002,2026-07-17,Friday,23,258,Maharashtrian,4.4,29,4,1,Routine,0
O006673,C0437,R0045,2026-02-05,Thursday,10,1016,Maharashtrian,4.7,38,5,1,Routine,0
O006674,C0437,R0109,2026-07-22,Wednesday,10,1033,Desserts,4.3,29,4,1,Routine,0
O006675,C0437,R0095,2026-03-14,Saturday,17,625,North Indian,3.8,25,3,1,Friends,0
O006676,C0438,R0121,2026-05-22,Friday,22,363,Italian,4.8,41,5,0,Routine,1
O006677,C0438,R0121,2026-03-30,Monday,12,346,Italian,4.8,41,2,0,Routine,1
O006678,C0438,R0085,2026-02-02,Monday,21,271,Desserts,3.4,26,5,0,Family,1
O006679,C0438,R0039,2026-07-08,Wednesday,12,674,Biryani,3.7,28,5,0,Late Night,0
O006680,C0438,R0015,2026-01-11,Sunday,12,282,Healthy,4.3,15,4,0,Work Lunch,0
O006681,C0438,R0017,2025-10-24,Friday,22,294,Chinese,4.4,65,4,1,Family,0
O006682,C0438,R0085,2026-04-13,Monday,20,227,Desserts,3.4,26,5,0,Routine,1
O006683,C0438,R0045,2025-09-21,Sunday,19,1048,Maharashtrian,4.7,38,3,0,Work Lunch,0
O006684,C0438,R0004,2026-03-06,Friday,23,167,South Indian,4.4,43,3,1,Routine,0
O006685,C0438,R0078,2026-01-25,Sunday,12,349,Biryani,3.7,15,2,1,Friends,0
O006686,C0438,R0102,2025-12-01,Monday,17,902,Cafe,3.7,34,5,1,Late Night,0
O006687,C0439,R0095,2025-11-09,Sunday,19,630,North Indian,3.8,25,4,1,Routine,0
O006688,C0439,R0026,2025-09-12,Friday,18,544,Healthy,4.0,38,4,0,Routine,0
O006689,C0439,R0002,2026-02-23,Monday,8,317,Maharashtrian,4.4,29,3,1,Family,0
O006690,C0439,R0041,2026-02-26,Thursday,10,1029,Biryani,4.5,30,4,0,Late Night,0
O006691,C0439,R0130,2026-06-15,Monday,21,359,South Indian,4.1,26,5,0,Movie Night,0
O006692,C0440,R0138,2026-05-27,Wednesday,23,974,North Indian,4.6,22,4,1,Friends,0
O006693,C0440,R0080,2026-03-12,Thursday,20,617,South Indian,4.7,27,4,1,Routine,0
O006694,C0440,R0143,2026-05-05,Tuesday,21,314,Desserts,4.0,25,4,1,Movie Night,0
O006695,C0440,R0126,2026-01-07,Wednesday,20,616,Italian,4.1,21,4,1,Work Lunch,1
O006696,C0440,R0092,2026-07-08,Wednesday,17,1130,South Indian,4.5,15,4,0,Routine,0
O006697,C0440,R0021,2025-12-18,Thursday,14,522,Thai,4.1,34,4,1,Family,0
O006698,C0440,R0131,2026-04-30,Thursday,17,800,South Indian,4.4,28,4,1,Routine,1
O006699,C0440,R0131,2026-01-12,Monday,18,668,South Indian,4.4,28,4,1,Routine,1
O006700,C0440,R0126,2026-06-10,Wednesday,19,632,Italian,4.1,21,4,1,Routine,1
O006701,C0440,R0049,2025-09-21,Sunday,23,329,Desserts,4.6,22,2,1,Family,0
O006702,C0441,R0099,2026-06-30,Tuesday,14,226,North Indian,3.8,28,3,0,Routine,1
O006703,C0441,R0093,2026-06-10,Wednesday,19,207,Pizza,4.7,28,5,0,Late Night,0
O006704,C0441,R0032,2025-12-19,Friday,13,611,Italian,4.3,34,3,0,Late Night,0
O006705,C0441,R0139,2026-07-11,Saturday,21,520,North Indian,4.4,29,4,1,Work Lunch,0
O006706,C0441,R0129,2026-03-14,Saturday,19,404,Cafe,4.6,46,4,0,Late Night,1
O006707,C0441,R0129,2026-04-10,Friday,18,329,Cafe,4.6,46,5,0,Family,1
O006708,C0441,R0119,2026-07-11,Saturday,20,362,Desserts,4.2,37,3,0,Routine,0
O006709,C0441,R0030,2025-09-10,Wednesday,17,304,Thai,4.0,38,4,1,Friends,0
O006710,C0441,R0105,2026-04-24,Friday,22,370,North Indian,3.8,47,4,1,Movie Night,0
O006711,C0441,R0125,2026-07-27,Monday,8,264,Pizza,3.8,29,3,0,Movie Night,0
O006712,C0441,R0007,2026-04-11,Saturday,20,884,Chinese,4.2,23,4,1,Routine,0
O006713,C0441,R0099,2026-01-13,Tuesday,20,232,North Indian,3.8,28,5,1,Work Lunch,1
O006714,C0441,R0077,2025-10-14,Tuesday,9,687,Maharashtrian,4.0,41,4,1,Routine,0
O006715,C0442,R0112,2025-12-21,Sunday,23,255,Thai,4.2,34,3,1,Family,1
O006716,C0442,R0044,2026-04-19,Sunday,9,288,Thai,4.2,17,4,1,Routine,0
O006717,C0442,R0144,2026-05-05,Tuesday,14,195,Burgers,4.2,23,3,1,Work Lunch,1
O006718,C0442,R0122,2026-02-15,Sunday,8,308,North Indian,4.0,35,5,1,Friends,1
O006719,C0442,R0027,2025-10-11,Saturday,19,390,Maharashtrian,4.5,48,5,1,Friends,0
O006720,C0442,R0058,2026-04-06,Monday,8,401,North Indian,4.7,24,3,0,Friends,0
O006721,C0442,R0072,2026-03-17,Tuesday,18,316,Cafe,4.4,19,5,0,Friends,1
O006722,C0442,R0111,2026-01-13,Tuesday,20,452,Desserts,3.6,21,3,1,Movie Night,0
O006723,C0442,R0112,2026-08-17,Monday,10,209,Thai,4.2,34,5,1,Routine,1
O006724,C0442,R0072,2026-08-23,Sunday,12,363,Cafe,4.4,19,4,0,Late Night,1
O006725,C0442,R0008,2026-03-09,Monday,20,582,Biryani,3.9,25,4,1,Movie Night,1
O006726,C0442,R0056,2026-04-12,Sunday,20,754,Biryani,3.8,49,5,1,Family,0
O006727,C0442,R0112,2025-09-11,Thursday,13,231,Thai,4.2,34,5,1,Routine,1
O006728,C0442,R0081,2025-09-10,Wednesday,21,357,Pizza,4.1,42,4,1,Routine,0
O006729,C0442,R0112,2026-03-30,Monday,17,239,Thai,4.2,34,4,0,Movie Night,1
O006730,C0442,R0074,2026-06-24,Wednesday,23,143,Cafe,4.6,27,3,1,Late Night,0
O006731,C0442,R0008,2026-05-08,Friday,14,667,Biryani,3.9,25,4,1,Routine,1
O006732,C0442,R0144,2025-11-10,Monday,22,208,Burgers,4.2,23,4,1,Date Night,1
O006733,C0442,R0122,2026-01-15,Thursday,10,275,North Indian,4.0,35,5,0,Date Night,1
O006734,C0442,R0022,2026-04-12,Sunday,9,729,Biryani,3.7,38,4,1,Work Lunch,0
O006735,C0443,R0015,2026-08-27,Thursday,19,235,Healthy,4.3,15,3,1,Family,1
O006736,C0443,R0039,2026-02-18,Wednesday,23,798,Biryani,3.7,28,4,0,Work Lunch,0
O006737,C0443,R0121,2026-02-02,Monday,8,361,Italian,4.8,41,4,0,Movie Night,0
O006738,C0443,R0026,2026-02-18,Wednesday,8,463,Healthy,4.0,38,4,0,Late Night,0
O006739,C0443,R0097,2026-08-17,Monday,12,195,Chinese,4.9,24,4,1,Family,0
O006740,C0443,R0127,2026-08-29,Saturday,18,351,Pizza,4.4,34,4,0,Work Lunch,0
O006741,C0443,R0014,2025-11-29,Saturday,23,739,Maharashtrian,4.1,35,3,0,Work Lunch,1
O006742,C0443,R0062,2026-02-03,Tuesday,19,283,Maharashtrian,3.7,23,4,0,Late Night,0
O006743,C0443,R0028,2025-10-08,Wednesday,21,427,South Indian,4.2,38,4,0,Work Lunch,1
O006744,C0443,R0028,2026-01-07,Wednesday,19,378,South Indian,4.2,38,4,0,Friends,1
O006745,C0443,R0014,2026-06-22,Monday,12,568,Maharashtrian,4.1,35,3,0,Date Night,1
O006746,C0443,R0095,2026-03-29,Sunday,19,637,North Indian,3.8,25,5,0,Movie Night,0
O006747,C0443,R0102,2026-08-11,Tuesday,17,1009,Cafe,3.7,34,4,1,Routine,0
O006748,C0443,R0096,2026-05-22,Friday,14,485,Chinese,4.1,24,3,0,Routine,0
O006749,C0443,R0117,2025-10-15,Wednesday,8,450,Italian,3.9,43,5,0,Date Night,0
O006750,C0443,R0015,2025-11-13,Thursday,18,290,Healthy,4.3,15,5,0,Family,1
O006751,C0443,R0045,2026-03-14,Saturday,20,986,Maharashtrian,4.7,38,4,0,Routine,0
O006752,C0444,R0108,2026-07-11,Saturday,21,320,North Indian,4.5,36,3,0,Routine,0
O006753,C0444,R0072,2026-01-30,Friday,21,228,Cafe,4.4,19,4,1,Late Night,1
O006754,C0444,R0048,2026-03-09,Monday,10,167,Cafe,4.6,29,3,1,Movie Night,1
O006755,C0444,R0033,2026-08-30,Sunday,18,445,Cafe,4.2,33,4,0,Work Lunch,1
O006756,C0444,R0072,2026-05-28,Thursday,17,233,Cafe,4.4,19,5,1,Date Night,1
O006757,C0444,R0033,2025-09-26,Friday,12,511,Cafe,4.2,33,4,1,Work Lunch,1
O006758,C0444,R0048,2026-04-02,Thursday,10,200,Cafe,4.6,29,5,0,Routine,1
O006759,C0444,R0103,2025-12-10,Wednesday,22,387,Italian,4.9,32,4,0,Work Lunch,0
O006760,C0444,R0027,2026-01-09,Friday,13,347,Maharashtrian,4.5,48,4,1,Friends,1
O006761,C0444,R0027,2025-12-19,Friday,21,377,Maharashtrian,4.5,48,5,0,Family,1
O006762,C0444,R0033,2026-03-27,Friday,19,313,Cafe,4.2,33,4,1,Date Night,1
O006763,C0444,R0066,2026-03-14,Saturday,22,1218,Pizza,4.3,30,5,1,Friends,0
O006764,C0444,R0033,2026-01-05,Monday,12,532,Cafe,4.2,33,5,0,Routine,1
O006765,C0444,R0058,2025-10-08,Wednesday,21,570,North Indian,4.7,24,3,1,Late Night,1
O006766,C0444,R0040,2025-12-11,Thursday,12,237,South Indian,4.6,27,3,1,Work Lunch,0
O006767,C0444,R0058,2026-08-15,Saturday,17,470,North Indian,4.7,24,3,1,Routine,1
O006768,C0444,R0036,2025-09-26,Friday,18,899,Biryani,3.9,40,3,0,Movie Night,0
O006769,C0444,R0144,2025-11-04,Tuesday,18,196,Burgers,4.2,23,3,0,Routine,0
O006770,C0444,R0058,2026-03-03,Tuesday,18,405,North Indian,4.7,24,5,0,Work Lunch,1
O006771,C0444,R0074,2026-04-09,Thursday,10,295,Cafe,4.6,27,3,0,Friends,1
O006772,C0444,R0074,2025-11-10,Monday,17,269,Cafe,4.6,27,4,1,Routine,1
O006773,C0444,R0058,2026-03-21,Saturday,18,344,North Indian,4.7,24,5,0,Family,1
O006774,C0444,R0033,2026-08-24,Monday,8,464,Cafe,4.2,33,4,0,Family,1
O006775,C0444,R0058,2026-06-12,Friday,20,454,North Indian,4.7,24,4,1,Work Lunch,1
O006776,C0444,R0074,2026-05-13,Wednesday,13,281,Cafe,4.6,27,4,1,Date Night,1
O006777,C0444,R0056,2026-03-12,Thursday,20,402,Biryani,3.8,49,4,1,Routine,0
O006778,C0444,R0019,2026-01-26,Monday,21,489,Biryani,4.1,34,3,0,Routine,0
O006779,C0444,R0005,2026-01-26,Monday,19,500,Pizza,4.0,36,5,0,Friends,0
O006780,C0444,R0044,2025-11-11,Tuesday,20,319,Thai,4.2,17,3,0,Work Lunch,0
O006781,C0444,R0027,2025-12-08,Monday,18,398,Maharashtrian,4.5,48,4,1,Date Night,1
O006782,C0445,R0019,2026-01-09,Friday,8,380,Biryani,4.1,34,5,0,Late Night,1
O006783,C0445,R0111,2026-01-02,Friday,18,408,Desserts,3.6,21,2,0,Work Lunch,0
O006784,C0445,R0005,2026-04-04,Saturday,19,700,Pizza,4.0,36,4,1,Work Lunch,0
O006785,C0445,R0144,2025-09-14,Sunday,13,283,Burgers,4.2,23,5,1,Movie Night,0
O006786,C0445,R0040,2025-09-13,Saturday,18,485,South Indian,4.6,27,5,1,Work Lunch,0
O006787,C0445,R0027,2026-03-02,Monday,9,444,Maharashtrian,4.5,48,5,1,Routine,0
O006788,C0445,R0066,2026-04-17,Friday,14,647,Pizza,4.3,30,4,1,Routine,0
O006789,C0445,R0019,2025-10-17,Friday,9,321,Biryani,4.1,34,4,0,Routine,1
O006790,C0445,R0008,2026-05-01,Friday,23,567,Biryani,3.9,25,4,0,Routine,0
O006791,C0446,R0096,2025-12-17,Wednesday,8,495,Chinese,4.1,24,4,1,Friends,0
O006792,C0446,R0002,2025-10-01,Wednesday,23,279,Maharashtrian,4.4,29,4,1,Routine,0
O006793,C0446,R0121,2025-09-25,Thursday,20,234,Italian,4.8,41,4,1,Movie Night,1
O006794,C0446,R0121,2025-09-19,Friday,23,415,Italian,4.8,41,3,1,Work Lunch,1
O006795,C0446,R0109,2026-03-24,Tuesday,14,1030,Desserts,4.3,29,5,0,Friends,0
O006796,C0446,R0084,2025-11-17,Monday,12,495,Desserts,4.1,32,4,1,Date Night,1
O006797,C0446,R0041,2026-01-14,Wednesday,14,1150,Biryani,4.5,30,5,1,Routine,0
O006798,C0446,R0115,2026-02-19,Thursday,21,666,Biryani,3.6,38,3,0,Friends,0
O006799,C0446,R0121,2026-03-08,Sunday,12,289,Italian,4.8,41,5,1,Routine,1
O006800,C0446,R0026,2025-12-03,Wednesday,12,580,Healthy,4.0,38,4,1,Movie Night,0
O006801,C0446,R0084,2025-11-07,Friday,17,515,Desserts,4.1,32,5,1,Work Lunch,1
O006802,C0446,R0054,2025-09-18,Thursday,21,571,Chinese,3.6,34,5,1,Friends,0
O006803,C0446,R0062,2026-08-11,Tuesday,23,249,Maharashtrian,3.7,23,4,1,Routine,0
O006804,C0447,R0089,2025-09-20,Saturday,13,464,Chinese,3.9,30,3,1,Work Lunch,1
O006805,C0447,R0114,2026-06-21,Sunday,22,382,Chinese,3.6,33,4,1,Routine,1
O006806,C0447,R0089,2025-10-02,Thursday,22,512,Chinese,3.9,30,3,1,Routine,1
O006807,C0447,R0012,2026-02-06,Friday,20,247,Pizza,3.3,27,5,1,Late Night,1
O006808,C0447,R0035,2026-08-08,Saturday,14,421,Desserts,4.6,27,3,1,Movie Night,1
O006809,C0447,R0012,2025-10-11,Saturday,9,329,Pizza,3.3,27,5,1,Family,1
O006810,C0447,R0035,2026-07-05,Sunday,19,347,Desserts,4.6,27,4,1,Family,1
O006811,C0447,R0012,2026-03-25,Wednesday,14,253,Pizza,3.3,27,4,1,Late Night,1
O006812,C0447,R0068,2025-10-16,Thursday,19,710,Thai,4.3,20,5,1,Routine,1
O006813,C0447,R0012,2026-02-11,Wednesday,19,301,Pizza,3.3,27,5,1,Routine,1
O006814,C0447,R0068,2026-04-19,Sunday,23,629,Thai,4.3,20,5,1,Late Night,1
O006815,C0447,R0094,2026-03-26,Thursday,17,331,Italian,4.4,42,4,1,Routine,0
O006816,C0447,R0089,2026-02-05,Thursday,18,395,Chinese,3.9,30,5,1,Work Lunch,1
O006817,C0447,R0114,2025-10-19,Sunday,19,247,Chinese,3.6,33,3,1,Friends,1
O006818,C0448,R0081,2026-07-30,Thursday,17,438,Pizza,4.1,42,4,1,Family,0
O006819,C0448,R0044,2026-08-10,Monday,8,337,Thai,4.2,17,4,0,Routine,0
O006820,C0448,R0074,2026-04-26,Sunday,22,240,Cafe,4.6,27,5,0,Family,1
O006821,C0448,R0036,2026-03-25,Wednesday,21,672,Biryani,3.9,40,5,1,Friends,1
O006822,C0448,R0036,2026-03-17,Tuesday,19,846,Biryani,3.9,40,5,0,Movie Night,1
O006823,C0448,R0019,2026-08-30,Sunday,20,374,Biryani,4.1,34,3,1,Routine,1
O006824,C0448,R0056,2026-03-11,Wednesday,22,516,Biryani,3.8,49,5,1,Routine,0
O006825,C0448,R0074,2026-03-27,Friday,14,268,Cafe,4.6,27,4,1,Late Night,1
O006826,C0448,R0108,2026-06-29,Monday,14,245,North Indian,4.5,36,3,1,Routine,0
O006827,C0448,R0111,2026-07-27,Monday,20,383,Desserts,3.6,21,4,0,Routine,0
O006828,C0448,R0144,2025-11-25,Tuesday,22,238,Burgers,4.2,23,5,1,Routine,0
O006829,C0448,R0019,2025-12-29,Monday,8,485,Biryani,4.1,34,5,0,Friends,1
O006830,C0448,R0058,2026-06-23,Tuesday,22,497,North Indian,4.7,24,5,0,Routine,0
O006831,C0449,R0072,2026-04-06,Monday,13,313,Cafe,4.4,19,4,0,Movie Night,0
O006832,C0449,R0022,2026-02-10,Tuesday,13,695,Biryani,3.7,38,3,0,Movie Night,1
O006833,C0449,R0005,2026-08-16,Sunday,12,574,Pizza,4.0,36,3,0,Friends,0
O006834,C0449,R0027,2026-04-06,Monday,10,413,Maharashtrian,4.5,48,3,1,Movie Night,0
O006835,C0449,R0056,2025-10-06,Monday,13,579,Biryani,3.8,49,4,0,Routine,1
O006836,C0449,R0112,2025-10-06,Monday,12,224,Thai,4.2,34,3,1,Movie Night,1
O006837,C0449,R0066,2026-06-01,Monday,17,1165,Pizza,4.3,30,5,1,Work Lunch,1
O006838,C0449,R0081,2026-02-06,Friday,18,384,Pizza,4.1,42,4,1,Routine,0
O006839,C0449,R0022,2026-01-04,Sunday,12,836,Biryani,3.7,38,4,0,Family,1
O006840,C0449,R0008,2025-10-18,Saturday,13,582,Biryani,3.9,25,4,0,Work Lunch,0
O006841,C0449,R0033,2026-05-16,Saturday,14,458,Cafe,4.2,33,4,0,Routine,0
O006842,C0449,R0040,2026-04-23,Thursday,13,497,South Indian,4.6,27,4,1,Movie Night,0
O006843,C0449,R0066,2025-11-06,Thursday,8,909,Pizza,4.3,30,5,1,Routine,1
O006844,C0449,R0112,2026-07-09,Thursday,13,160,Thai,4.2,34,4,1,Routine,1
O006845,C0449,R0056,2025-09-10,Wednesday,22,407,Biryani,3.8,49,4,1,Movie Night,1
O006846,C0449,R0066,2025-11-26,Wednesday,22,1442,Pizza,4.3,30,4,0,Routine,1
O006847,C0450,R0052,2026-05-18,Monday,18,323,Thai,4.7,29,4,0,Friends,1
O006848,C0450,R0016,2026-03-03,Tuesday,9,422,Burgers,4.5,33,3,0,Family,1
O006849,C0450,R0091,2026-08-17,Monday,22,228,Biryani,4.0,34,5,0,Date Night,1
O006850,C0450,R0016,2026-03-29,Sunday,17,451,Burgers,4.5,33,4,1,Routine,1
O006851,C0450,R0050,2026-05-14,Thursday,18,854,Biryani,4.0,26,3,0,Routine,0
O006852,C0450,R0016,2025-12-15,Monday,9,486,Burgers,4.5,33,5,0,Late Night,1
O006853,C0450,R0091,2026-03-08,Sunday,9,304,Biryani,4.0,34,4,1,Family,1
O006854,C0450,R0042,2025-12-07,Sunday,8,301,Chinese,4.4,21,5,0,Routine,1
O006855,C0450,R0016,2026-05-23,Saturday,14,555,Burgers,4.5,33,3,0,Routine,1
O006856,C0450,R0052,2026-04-04,Saturday,23,465,Thai,4.7,29,5,0,Routine,1
O006857,C0450,R0140,2025-10-12,Sunday,14,373,Biryani,4.5,15,5,0,Routine,1
O006858,C0450,R0140,2026-07-17,Friday,19,447,Biryani,4.5,15,4,0,Date Night,1
O006859,C0450,R0042,2026-03-07,Saturday,21,510,Chinese,4.4,21,4,0,Routine,1
O006860,C0450,R0088,2025-11-01,Saturday,18,377,Biryani,4.1,33,5,0,Family,0
O006861,C0450,R0016,2026-02-16,Monday,14,449,Burgers,4.5,33,5,0,Movie Night,1
O006862,C0450,R0038,2026-07-16,Thursday,8,579,Chinese,4.0,29,4,0,Date Night,0
O006863,C0451,R0071,2026-05-27,Wednesday,13,228,South Indian,4.1,48,3,0,Friends,1
O006864,C0451,R0050,2026-08-14,Friday,23,879,Biryani,4.0,26,5,1,Late Night,1
O006865,C0451,R0071,2025-11-28,Friday,19,308,South Indian,4.1,48,5,0,Late Night,1
O006866,C0451,R0050,2026-02-18,Wednesday,14,710,Biryani,4.0,26,5,1,Date Night,1
O006867,C0451,R0050,2025-10-28,Tuesday,17,469,Biryani,4.0,26,4,0,Work Lunch,1
O006868,C0451,R0140,2026-07-16,Thursday,10,644,Biryani,4.5,15,5,0,Routine,1
O006869,C0451,R0016,2025-12-16,Tuesday,9,453,Burgers,4.5,33,4,1,Family,1
O006870,C0451,R0016,2026-02-08,Sunday,19,501,Burgers,4.5,33,4,1,Date Night,1
O006871,C0451,R0016,2026-06-21,Sunday,9,500,Burgers,4.5,33,5,1,Family,1
O006872,C0451,R0050,2025-09-23,Tuesday,22,666,Biryani,4.0,26,5,1,Routine,1
O006873,C0451,R0050,2025-12-11,Thursday,19,823,Biryani,4.0,26,3,1,Routine,1
O006874,C0451,R0016,2026-01-12,Monday,17,396,Burgers,4.5,33,4,1,Routine,1
O006875,C0451,R0071,2025-11-06,Thursday,22,246,South Indian,4.1,48,4,1,Family,1
O006876,C0451,R0071,2025-11-29,Saturday,13,313,South Indian,4.1,48,5,0,Movie Night,1
O006877,C0451,R0088,2025-10-24,Friday,22,369,Biryani,4.1,33,5,1,Family,1
O006878,C0451,R0140,2026-03-10,Tuesday,20,403,Biryani,4.5,15,5,1,Work Lunch,1
O006879,C0451,R0071,2026-01-03,Saturday,23,224,South Indian,4.1,48,2,1,Movie Night,1
O006880,C0451,R0016,2026-06-29,Monday,22,524,Burgers,4.5,33,4,1,Late Night,1
O006881,C0451,R0016,2025-11-29,Saturday,9,563,Burgers,4.5,33,4,0,Family,1
O006882,C0451,R0091,2025-11-20,Thursday,18,369,Biryani,4.0,34,3,1,Movie Night,0
O006883,C0451,R0088,2026-01-31,Saturday,9,306,Biryani,4.1,33,3,1,Late Night,1
O006884,C0452,R0095,2026-01-31,Saturday,22,435,North Indian,3.8,25,3,1,Work Lunch,0
O006885,C0452,R0109,2025-12-11,Thursday,12,882,Desserts,4.3,29,4,1,Routine,1
O006886,C0452,R0002,2026-07-27,Monday,14,261,Maharashtrian,4.4,29,4,0,Work Lunch,0
O006887,C0452,R0121,2025-09-29,Monday,9,372,Italian,4.8,41,5,0,Routine,1
O006888,C0452,R0109,2025-09-21,Sunday,12,1055,Desserts,4.3,29,4,1,Routine,1
O006889,C0452,R0121,2026-02-06,Friday,13,383,Italian,4.8,41,5,0,Routine,1
O006890,C0452,R0102,2026-04-15,Wednesday,19,908,Cafe,3.7,34,5,0,Routine,0
O006891,C0452,R0115,2026-09-01,Tuesday,9,595,Biryani,3.6,38,4,1,Movie Night,0
O006892,C0452,R0026,2026-07-14,Tuesday,22,511,Healthy,4.0,38,4,0,Work Lunch,0
O006893,C0453,R0111,2026-07-13,Monday,19,553,Desserts,3.6,21,3,1,Routine,0
O006894,C0453,R0103,2026-02-09,Monday,14,230,Italian,4.9,32,5,0,Work Lunch,0
O006895,C0453,R0072,2026-08-30,Sunday,17,287,Cafe,4.4,19,5,1,Routine,0
O006896,C0453,R0036,2026-02-05,Thursday,14,717,Biryani,3.9,40,5,0,Late Night,0
O006897,C0453,R0027,2026-02-04,Wednesday,9,379,Maharashtrian,4.5,48,4,1,Date Night,1
O006898,C0453,R0008,2025-12-05,Friday,20,592,Biryani,3.9,25,4,0,Family,1
O006899,C0453,R0008,2025-11-13,Thursday,17,778,Biryani,3.9,25,3,1,Late Night,1
O006900,C0453,R0027,2026-07-05,Sunday,13,357,Maharashtrian,4.5,48,5,1,Routine,1
O006901,C0453,R0019,2025-09-30,Tuesday,17,472,Biryani,4.1,34,4,0,Routine,0
O006902,C0453,R0066,2025-10-14,Tuesday,20,1050,Pizza,4.3,30,2,1,Movie Night,0
O006903,C0453,R0044,2025-10-24,Friday,8,357,Thai,4.2,17,5,1,Work Lunch,0
O006904,C0454,R0025,2025-10-25,Saturday,22,823,Cafe,4.1,35,4,1,Date Night,0
O006905,C0454,R0131,2026-07-27,Monday,17,604,South Indian,4.4,28,3,1,Friends,1
O006906,C0454,R0090,2025-10-19,Sunday,8,876,Maharashtrian,4.5,33,4,1,Routine,0
O006907,C0454,R0143,2026-08-27,Thursday,22,351,Desserts,4.0,25,5,0,Family,1
O006908,C0454,R0092,2025-11-08,Saturday,10,889,South Indian,4.5,15,4,1,Friends,0
O006909,C0454,R0143,2025-11-09,Sunday,23,258,Desserts,4.0,25,3,0,Date Night,1
O006910,C0454,R0079,2026-03-28,Saturday,19,359,Chinese,4.1,36,3,0,Routine,1
O006911,C0454,R0147,2026-05-17,Sunday,10,274,Biryani,3.9,17,3,1,Routine,0
O006912,C0454,R0141,2025-10-14,Tuesday,21,616,Burgers,4.2,26,3,0,Date Night,0
O006913,C0454,R0126,2026-03-03,Tuesday,21,716,Italian,4.1,21,3,1,Work Lunch,1
O006914,C0454,R0079,2026-07-31,Friday,23,354,Chinese,4.1,36,3,0,Work Lunch,1
O006915,C0454,R0079,2026-07-15,Wednesday,20,531,Chinese,4.1,36,5,0,Date Night,1
O006916,C0454,R0138,2025-11-15,Saturday,8,968,North Indian,4.6,22,4,0,Family,1
O006917,C0454,R0126,2026-07-22,Wednesday,13,718,Italian,4.1,21,3,1,Work Lunch,1
O006918,C0454,R0080,2026-08-30,Sunday,9,445,South Indian,4.7,27,4,1,Date Night,1
O006919,C0454,R0131,2025-09-07,Sunday,14,521,South Indian,4.4,28,3,0,Family,1
O006920,C0454,R0138,2025-11-12,Wednesday,21,956,North Indian,4.6,22,5,0,Date Night,1
O006921,C0454,R0020,2026-07-23,Thursday,21,963,Biryani,4.2,28,4,0,Work Lunch,1
O006922,C0454,R0021,2025-11-07,Friday,23,419,Thai,4.1,34,4,0,Routine,1
O006923,C0454,R0021,2026-07-20,Monday,18,593,Thai,4.1,34,5,1,Routine,1
O006924,C0454,R0043,2025-12-14,Sunday,10,377,Pizza,4.3,15,4,1,Routine,0
O006925,C0454,R0080,2025-09-25,Thursday,21,420,South Indian,4.7,27,3,0,Friends,1
O006926,C0454,R0138,2026-01-16,Friday,19,1137,North Indian,4.6,22,4,0,Routine,1
O006927,C0454,R0079,2026-05-12,Tuesday,22,513,Chinese,4.1,36,4,0,Routine,1
O006928,C0454,R0020,2025-12-08,Monday,19,831,Biryani,4.2,28,4,0,Work Lunch,1
O006929,C0455,R0069,2025-11-03,Monday,10,628,South Indian,4.4,30,3,1,Family,1
O006930,C0455,R0075,2025-10-17,Friday,13,358,South Indian,4.2,43,3,1,Routine,0
O006931,C0455,R0069,2025-09-24,Wednesday,14,508,South Indian,4.4,30,5,1,Friends,1
O006932,C0455,R0137,2026-05-22,Friday,23,464,Chinese,4.3,35,5,0,Friends,0
O006933,C0455,R0057,2026-08-29,Saturday,10,292,Maharashtrian,4.6,32,4,1,Movie Night,0
O006934,C0455,R0069,2026-05-24,Sunday,17,563,South Indian,4.4,30,4,0,Routine,1
O006935,C0455,R0029,2026-03-15,Sunday,8,1159,Chinese,4.3,43,4,1,Routine,0
O006936,C0456,R0027,2025-09-16,Tuesday,10,407,Maharashtrian,4.5,48,5,0,Date Night,0
O006937,C0456,R0074,2025-12-04,Thursday,13,185,Cafe,4.6,27,5,0,Routine,1
O006938,C0456,R0112,2026-03-04,Wednesday,13,187,Thai,4.2,34,4,1,Movie Night,0
O006939,C0456,R0074,2026-01-14,Wednesday,18,241,Cafe,4.6,27,4,1,Late Night,1
O006940,C0456,R0081,2026-03-25,Wednesday,22,394,Pizza,4.1,42,5,1,Late Night,1
O006941,C0456,R0019,2026-02-23,Monday,8,429,Biryani,4.1,34,5,0,Friends,0
O006942,C0456,R0081,2025-09-13,Saturday,13,390,Pizza,4.1,42,5,1,Movie Night,1
O006943,C0456,R0056,2026-07-23,Thursday,19,650,Biryani,3.8,49,5,1,Late Night,0
O006944,C0456,R0074,2026-06-28,Sunday,19,266,Cafe,4.6,27,5,1,Routine,1
O006945,C0456,R0044,2026-03-21,Saturday,22,295,Thai,4.2,17,4,1,Routine,1
O006946,C0456,R0072,2025-09-20,Saturday,9,259,Cafe,4.4,19,5,1,Movie Night,0
O006947,C0456,R0048,2026-02-17,Tuesday,21,276,Cafe,4.6,29,4,1,Movie Night,0
O006948,C0456,R0066,2026-04-10,Friday,23,1032,Pizza,4.3,30,5,1,Routine,0
O006949,C0456,R0022,2026-05-23,Saturday,19,794,Biryani,3.7,38,4,0,Work Lunch,0
O006950,C0456,R0044,2026-05-20,Wednesday,19,370,Thai,4.2,17,5,1,Work Lunch,1
O006951,C0456,R0044,2026-03-16,Monday,14,301,Thai,4.2,17,5,1,Work Lunch,1
O006952,C0457,R0143,2026-07-13,Monday,20,376,Desserts,4.0,25,5,0,Movie Night,1
O006953,C0457,R0020,2025-10-09,Thursday,12,831,Biryani,4.2,28,4,1,Work Lunch,1
O006954,C0457,R0147,2025-09-28,Sunday,17,420,Biryani,3.9,17,3,0,Friends,1
O006955,C0457,R0080,2025-11-11,Tuesday,20,553,South Indian,4.7,27,5,1,Routine,1
O006956,C0457,R0021,2025-10-17,Friday,9,467,Thai,4.1,34,5,1,Date Night,0
O006957,C0457,R0126,2025-12-10,Wednesday,19,605,Italian,4.1,21,3,1,Work Lunch,0
O006958,C0457,R0143,2026-01-23,Friday,18,328,Desserts,4.0,25,4,0,Movie Night,1
O006959,C0457,R0080,2026-01-21,Wednesday,21,461,South Indian,4.7,27,4,1,Date Night,1
O006960,C0457,R0131,2025-10-12,Sunday,23,585,South Indian,4.4,28,4,0,Family,0
O006961,C0457,R0147,2025-09-09,Tuesday,12,321,Biryani,3.9,17,4,0,Family,1
O006962,C0457,R0043,2025-12-17,Wednesday,14,354,Pizza,4.3,15,5,1,Routine,1
O006963,C0457,R0141,2026-01-11,Sunday,19,756,Burgers,4.2,26,4,1,Family,0
O006964,C0457,R0049,2026-02-14,Saturday,22,350,Desserts,4.6,22,5,1,Routine,1
O006965,C0457,R0079,2025-11-27,Thursday,22,505,Chinese,4.1,36,3,1,Family,0
O006966,C0457,R0043,2026-02-06,Friday,9,351,Pizza,4.3,15,3,0,Family,1
O006967,C0457,R0080,2025-11-03,Monday,13,361,South Indian,4.7,27,2,0,Work Lunch,1
O006968,C0457,R0020,2026-06-17,Wednesday,22,641,Biryani,4.2,28,4,1,Routine,1
O006969,C0457,R0049,2026-03-06,Friday,12,377,Desserts,4.6,22,3,0,Routine,1
O006970,C0457,R0080,2025-11-06,Thursday,19,685,South Indian,4.7,27,4,1,Routine,1
O006971,C0458,R0038,2026-03-04,Wednesday,9,628,Chinese,4.0,29,5,0,Late Night,0
O006972,C0458,R0071,2026-03-30,Monday,18,240,South Indian,4.1,48,5,1,Routine,1
O006973,C0458,R0016,2025-09-30,Tuesday,20,462,Burgers,4.5,33,4,0,Routine,0
O006974,C0458,R0042,2025-12-24,Wednesday,10,406,Chinese,4.4,21,4,1,Friends,1
O006975,C0458,R0088,2026-03-22,Sunday,18,308,Biryani,4.1,33,2,0,Routine,0
O006976,C0458,R0042,2026-06-13,Saturday,13,153,Chinese,4.4,21,4,1,Movie Night,1
O006977,C0458,R0140,2026-05-24,Sunday,17,319,Biryani,4.5,15,4,1,Date Night,1
O006978,C0458,R0140,2026-05-30,Saturday,22,390,Biryani,4.5,15,5,1,Date Night,1
O006979,C0458,R0091,2026-02-18,Wednesday,17,367,Biryani,4.0,34,3,0,Friends,1
O006980,C0458,R0140,2025-11-17,Monday,20,309,Biryani,4.5,15,4,1,Movie Night,1
O006981,C0458,R0052,2026-03-09,Monday,23,465,Thai,4.7,29,5,0,Friends,1
O006982,C0458,R0052,2026-08-07,Friday,19,389,Thai,4.7,29,3,1,Friends,1
O006983,C0458,R0091,2025-11-22,Saturday,19,272,Biryani,4.0,34,5,0,Movie Night,1
O006984,C0458,R0050,2026-06-03,Wednesday,8,658,Biryani,4.0,26,4,1,Date Night,1
O006985,C0458,R0050,2025-10-28,Tuesday,19,498,Biryani,4.0,26,3,0,Routine,1
O006986,C0458,R0071,2026-01-05,Monday,14,244,South Indian,4.1,48,4,0,Routine,1
O006987,C0458,R0071,2026-04-13,Monday,19,199,South Indian,4.1,48,5,0,Family,1
O006988,C0459,R0140,2026-04-08,Wednesday,19,537,Biryani,4.5,15,5,0,Friends,1
O006989,C0459,R0050,2026-08-16,Sunday,17,634,Biryani,4.0,26,3,1,Work Lunch,0
O006990,C0459,R0042,2026-03-30,Monday,21,390,Chinese,4.4,21,3,0,Work Lunch,0
O006991,C0459,R0140,2025-09-11,Thursday,20,405,Biryani,4.5,15,3,0,Late Night,1
O006992,C0459,R0088,2026-01-22,Thursday,14,415,Biryani,4.1,33,4,0,Date Night,0
O006993,C0459,R0071,2025-12-23,Tuesday,18,254,South Indian,4.1,48,4,0,Late Night,0
O006994,C0460,R0019,2026-01-23,Friday,20,408,Biryani,4.1,34,4,1,Routine,0
O006995,C0460,R0048,2026-06-23,Tuesday,18,271,Cafe,4.6,29,5,1,Routine,0
O006996,C0460,R0056,2025-10-12,Sunday,12,627,Biryani,3.8,49,4,0,Work Lunch,0
O006997,C0460,R0074,2025-12-13,Saturday,9,287,Cafe,4.6,27,4,1,Late Night,1
O006998,C0460,R0111,2026-02-14,Saturday,14,554,Desserts,3.6,21,4,0,Friends,1
O006999,C0460,R0044,2026-08-31,Monday,14,378,Thai,4.2,17,3,0,Family,0
O007000,C0460,R0058,2025-11-22,Saturday,19,721,North Indian,4.7,24,5,0,Friends,1
O007001,C0460,R0072,2026-05-10,Sunday,13,290,Cafe,4.4,19,5,0,Family,0
O007002,C0460,R0040,2026-04-24,Friday,13,445,South Indian,4.6,27,4,0,Routine,0
O007003,C0460,R0144,2026-08-19,Wednesday,9,179,Burgers,4.2,23,4,0,Friends,0
O007004,C0460,R0111,2026-01-29,Thursday,19,382,Desserts,3.6,21,4,0,Work Lunch,1
O007005,C0460,R0036,2025-11-21,Friday,17,753,Biryani,3.9,40,5,0,Work Lunch,0
O007006,C0460,R0058,2025-11-02,Sunday,22,512,North Indian,4.7,24,3,0,Friends,1
O007007,C0460,R0033,2026-07-14,Tuesday,20,449,Cafe,4.2,33,5,0,Work Lunch,0
O007008,C0460,R0058,2026-01-11,Sunday,14,556,North Indian,4.7,24,2,0,Routine,1
O007009,C0460,R0074,2026-07-12,Sunday,17,252,Cafe,4.6,27,5,0,Work Lunch,1
O007010,C0461,R0016,2026-02-11,Wednesday,9,550,Burgers,4.5,33,5,1,Date Night,1
O007011,C0461,R0052,2026-07-27,Monday,17,456,Thai,4.7,29,5,0,Routine,0
O007012,C0461,R0042,2025-10-29,Wednesday,20,535,Chinese,4.4,21,5,0,Work Lunch,1
O007013,C0461,R0140,2026-05-31,Sunday,20,460,Biryani,4.5,15,4,1,Work Lunch,1
O007014,C0461,R0016,2025-09-06,Saturday,23,410,Burgers,4.5,33,3,0,Routine,1
O007015,C0461,R0091,2025-12-16,Tuesday,14,248,Biryani,4.0,34,5,0,Friends,1
O007016,C0461,R0042,2025-12-05,Friday,8,429,Chinese,4.4,21,5,0,Movie Night,1
O007017,C0461,R0038,2026-03-23,Monday,23,495,Chinese,4.0,29,5,0,Routine,0
O007018,C0461,R0140,2025-09-21,Sunday,9,575,Biryani,4.5,15,4,0,Date Night,1
O007019,C0461,R0091,2026-02-16,Monday,20,312,Biryani,4.0,34,5,0,Work Lunch,1
O007020,C0461,R0071,2026-07-26,Sunday,10,248,South Indian,4.1,48,5,0,Routine,1
O007021,C0461,R0088,2026-01-23,Friday,10,321,Biryani,4.1,33,5,0,Routine,0
O007022,C0461,R0140,2026-01-23,Friday,23,443,Biryani,4.5,15,3,1,Family,1
O007023,C0461,R0071,2025-12-21,Sunday,13,249,South Indian,4.1,48,4,0,Date Night,1
O007024,C0461,R0016,2026-07-06,Monday,10,338,Burgers,4.5,33,4,0,Work Lunch,1
O007025,C0461,R0016,2026-03-31,Tuesday,19,390,Burgers,4.5,33,5,0,Routine,1
O007026,C0461,R0071,2026-07-20,Monday,19,245,South Indian,4.1,48,3,0,Date Night,1
O007027,C0462,R0042,2026-04-13,Monday,21,355,Chinese,4.4,21,5,0,Friends,1
O007028,C0462,R0140,2025-10-14,Tuesday,23,416,Biryani,4.5,15,4,0,Friends,1
O007029,C0462,R0071,2026-05-19,Tuesday,8,197,South Indian,4.1,48,4,1,Routine,0
O007030,C0462,R0091,2025-12-15,Monday,12,188,Biryani,4.0,34,4,0,Movie Night,0
O007031,C0462,R0050,2026-06-12,Friday,8,518,Biryani,4.0,26,4,1,Routine,0
O007032,C0462,R0088,2026-02-19,Thursday,12,335,Biryani,4.1,33,4,0,Work Lunch,0
O007033,C0462,R0042,2026-01-03,Saturday,14,432,Chinese,4.4,21,4,1,Date Night,1
O007034,C0462,R0140,2026-05-29,Friday,17,447,Biryani,4.5,15,5,1,Work Lunch,1
O007035,C0462,R0052,2026-05-08,Friday,9,401,Thai,4.7,29,3,0,Late Night,0
O007036,C0463,R0059,2026-02-16,Monday,13,596,Cafe,4.4,33,4,0,Routine,1
O007037,C0463,R0063,2025-09-10,Wednesday,14,251,Pizza,4.2,32,4,0,Routine,1
O007038,C0463,R0134,2025-11-19,Wednesday,17,797,Maharashtrian,4.3,28,4,0,Routine,0
O007039,C0463,R0135,2026-04-13,Monday,18,546,Desserts,4.2,31,4,0,Movie Night,0
O007040,C0463,R0010,2026-03-27,Friday,21,396,Desserts,3.5,15,5,0,Friends,0
O007041,C0463,R0118,2026-05-13,Wednesday,10,836,Chinese,4.6,37,3,0,Routine,0
O007042,C0463,R0069,2026-02-19,Thursday,22,530,South Indian,4.4,30,3,1,Routine,0
O007043,C0463,R0011,2026-08-24,Monday,23,451,Chinese,4.0,36,2,0,Routine,0
O007044,C0463,R0051,2026-06-22,Monday,9,706,Desserts,4.1,22,5,1,Routine,1
O007045,C0463,R0003,2026-08-21,Friday,10,316,Chinese,4.0,24,4,1,Friends,0
O007046,C0463,R0059,2026-02-27,Friday,17,446,Cafe,4.4,33,3,0,Work Lunch,1
O007047,C0463,R0051,2026-07-19,Sunday,21,494,Desserts,4.1,22,3,0,Routine,1
O007048,C0463,R0063,2026-05-16,Saturday,14,320,Pizza,4.2,32,2,1,Friends,1
O007049,C0463,R0087,2025-11-28,Friday,9,585,Cafe,4.3,36,4,1,Movie Night,0
O007050,C0463,R0120,2026-03-03,Tuesday,14,374,Biryani,4.0,39,4,0,Friends,0
O007051,C0463,R0100,2026-07-31,Friday,21,301,Chinese,4.4,29,4,0,Routine,0
O007052,C0463,R0116,2026-01-05,Monday,8,440,Maharashtrian,4.2,35,4,0,Friends,0
O007053,C0463,R0142,2026-04-22,Wednesday,14,779,South Indian,4.4,36,4,0,Movie Night,1
O007054,C0463,R0142,2026-06-10,Wednesday,10,776,South Indian,4.4,36,4,0,Routine,1
O007055,C0463,R0142,2025-11-22,Saturday,17,833,South Indian,4.4,36,3,0,Routine,1
O007056,C0464,R0094,2026-01-13,Tuesday,12,332,Italian,4.4,42,4,1,Late Night,1
O007057,C0464,R0060,2026-03-10,Tuesday,17,392,Italian,4.3,43,4,1,Work Lunch,1
O007058,C0464,R0086,2026-05-22,Friday,13,224,Italian,4.4,23,4,1,Routine,1
O007059,C0464,R0086,2026-03-23,Monday,8,286,Italian,4.4,23,5,1,Work Lunch,1
O007060,C0464,R0060,2026-07-11,Saturday,23,246,Italian,4.3,43,5,1,Movie Night,1
O007061,C0464,R0018,2026-05-06,Wednesday,14,238,Pizza,3.5,47,3,0,Routine,0
O007062,C0464,R0012,2026-06-17,Wednesday,22,324,Pizza,3.3,27,3,1,Family,0
O007063,C0464,R0060,2025-10-23,Thursday,20,318,Italian,4.3,43,5,1,Family,1
O007064,C0464,R0068,2026-04-23,Thursday,18,326,Thai,4.3,20,5,1,Work Lunch,1
O007065,C0464,R0094,2025-10-07,Tuesday,10,352,Italian,4.4,42,4,1,Family,1
O007066,C0464,R0060,2026-08-20,Thursday,13,439,Italian,4.3,43,4,1,Routine,1
O007067,C0464,R0060,2026-02-06,Friday,20,371,Italian,4.3,43,4,1,Date Night,1
O007068,C0464,R0068,2026-02-22,Sunday,12,691,Thai,4.3,20,4,1,Friends,1
O007069,C0465,R0078,2026-04-09,Thursday,13,325,Biryani,3.7,15,5,0,Family,1
O007070,C0465,R0115,2025-12-02,Tuesday,19,936,Biryani,3.6,38,3,1,Date Night,0
O007071,C0465,R0017,2026-01-05,Monday,19,298,Chinese,4.4,65,3,0,Date Night,0
O007072,C0465,R0041,2026-02-21,Saturday,21,853,Biryani,4.5,30,4,0,Family,0
O007073,C0465,R0078,2026-01-19,Monday,18,335,Biryani,3.7,15,5,0,Work Lunch,1
O007074,C0465,R0026,2026-02-28,Saturday,17,619,Healthy,4.0,38,4,0,Date Night,0
O007075,C0466,R0049,2026-06-27,Saturday,8,277,Desserts,4.6,22,5,1,Work Lunch,0
O007076,C0466,R0138,2026-03-06,Friday,14,1260,North Indian,4.6,22,4,1,Routine,1
O007077,C0466,R0138,2026-07-12,Sunday,13,1156,North Indian,4.6,22,4,0,Friends,1
O007078,C0466,R0131,2026-08-30,Sunday,12,354,South Indian,4.4,28,3,1,Friends,1
O007079,C0466,R0141,2026-02-05,Thursday,12,668,Burgers,4.2,26,4,1,Late Night,0
O007080,C0466,R0126,2026-04-11,Saturday,19,433,Italian,4.1,21,4,1,Work Lunch,1
O007081,C0466,R0126,2026-05-12,Tuesday,9,416,Italian,4.1,21,5,1,Routine,1
O007082,C0466,R0080,2026-03-31,Tuesday,23,436,South Indian,4.7,27,4,1,Family,1
O007083,C0466,R0080,2025-11-13,Thursday,22,768,South Indian,4.7,27,3,1,Routine,1
O007084,C0466,R0079,2026-06-27,Saturday,13,499,Chinese,4.1,36,4,1,Date Night,1
O007085,C0466,R0126,2025-09-29,Monday,18,507,Italian,4.1,21,4,1,Work Lunch,1
O007086,C0466,R0079,2026-08-23,Sunday,12,539,Chinese,4.1,36,4,0,Routine,1
O007087,C0466,R0021,2025-10-29,Wednesday,14,636,Thai,4.1,34,4,1,Routine,1
O007088,C0466,R0021,2026-07-02,Thursday,18,662,Thai,4.1,34,3,0,Work Lunch,1
O007089,C0466,R0143,2025-09-28,Sunday,21,161,Desserts,4.0,25,4,1,Routine,0
O007090,C0466,R0020,2025-11-04,Tuesday,14,724,Biryani,4.2,28,4,1,Friends,0
O007091,C0466,R0021,2026-04-26,Sunday,18,610,Thai,4.1,34,3,0,Movie Night,1
O007092,C0466,R0080,2026-01-27,Tuesday,20,469,South Indian,4.7,27,4,1,Late Night,1
O007093,C0466,R0043,2026-01-03,Saturday,21,321,Pizza,4.3,15,5,1,Routine,1
O007094,C0466,R0079,2026-08-05,Wednesday,13,326,Chinese,4.1,36,4,1,Friends,1
O007095,C0466,R0021,2026-05-07,Thursday,10,627,Thai,4.1,34,4,1,Routine,1
O007096,C0466,R0021,2026-03-08,Sunday,18,731,Thai,4.1,34,3,1,Late Night,1
O007097,C0466,R0138,2026-02-21,Saturday,17,1329,North Indian,4.6,22,4,1,Routine,1
O007098,C0466,R0131,2025-12-25,Thursday,14,582,South Indian,4.4,28,5,0,Routine,1
O007099,C0466,R0021,2026-07-23,Thursday,18,681,Thai,4.1,34,4,1,Routine,1
O007100,C0466,R0126,2026-03-22,Sunday,19,591,Italian,4.1,21,4,1,Routine,1
O007101,C0466,R0126,2026-07-31,Friday,14,563,Italian,4.1,21,5,1,Work Lunch,1
O007102,C0466,R0131,2026-07-16,Thursday,21,437,South Indian,4.4,28,4,1,Routine,1
O007103,C0466,R0080,2026-01-01,Thursday,10,624,South Indian,4.7,27,5,1,Family,1
O007104,C0466,R0043,2026-03-11,Wednesday,14,319,Pizza,4.3,15,4,1,Family,1
O007105,C0467,R0061,2026-08-13,Thursday,22,693,Burgers,4.5,34,5,1,Family,1
O007106,C0467,R0046,2026-02-25,Wednesday,18,401,South Indian,4.4,45,4,1,Date Night,0
O007107,C0467,R0077,2026-02-03,Tuesday,18,645,Maharashtrian,4.0,41,4,1,Work Lunch,0
O007108,C0467,R0032,2026-05-16,Saturday,9,601,Italian,4.3,34,5,1,Friends,0
O007109,C0467,R0061,2026-03-27,Friday,8,694,Burgers,4.5,34,4,1,Routine,1
O007110,C0467,R0133,2026-05-31,Sunday,23,536,Chinese,3.6,43,4,1,Movie Night,0
O007111,C0467,R0061,2026-07-20,Monday,21,753,Burgers,4.5,34,5,1,Routine,1
O007112,C0467,R0124,2025-12-10,Wednesday,17,327,Healthy,4.4,15,4,1,Routine,0
O007113,C0467,R0107,2025-12-20,Saturday,22,309,Healthy,4.0,48,5,1,Friends,0
O007114,C0467,R0061,2026-07-25,Saturday,13,675,Burgers,4.5,34,3,1,Work Lunch,1
O007115,C0468,R0029,2026-02-02,Monday,8,1269,Chinese,4.3,43,3,1,Work Lunch,1
O007116,C0468,R0057,2026-01-08,Thursday,17,327,Maharashtrian,4.6,32,3,0,Date Night,0
O007117,C0468,R0137,2026-04-17,Friday,21,377,Chinese,4.3,35,4,0,Friends,0
O007118,C0468,R0146,2026-01-10,Saturday,22,289,Chinese,3.2,28,3,1,Late Night,1
O007119,C0468,R0009,2026-08-10,Monday,20,501,Biryani,4.4,30,4,0,Work Lunch,1
O007120,C0468,R0120,2026-08-23,Sunday,12,336,Biryani,4.0,39,5,0,Late Night,1
O007121,C0468,R0100,2025-11-04,Tuesday,19,354,Chinese,4.4,29,4,1,Routine,1
O007122,C0468,R0100,2026-02-12,Thursday,20,259,Chinese,4.4,29,5,0,Routine,1
O007123,C0468,R0120,2025-09-23,Tuesday,19,423,Biryani,4.0,39,5,1,Friends,1
O007124,C0468,R0029,2026-05-15,Friday,13,890,Chinese,4.3,43,5,0,Work Lunch,1
O007125,C0468,R0076,2026-03-27,Friday,8,319,Healthy,3.8,19,5,0,Routine,0
O007126,C0468,R0055,2025-09-15,Monday,12,1243,Biryani,3.6,31,5,0,Family,0
O007127,C0468,R0009,2026-03-19,Thursday,9,476,Biryani,4.4,30,4,1,Routine,1
O007128,C0468,R0009,2026-04-25,Saturday,14,405,Biryani,4.4,30,4,1,Family,1
O007129,C0468,R0010,2025-09-17,Wednesday,21,375,Desserts,3.5,15,3,0,Movie Night,0
O007130,C0468,R0101,2025-10-25,Saturday,18,307,Chinese,4.2,27,4,1,Date Night,1
O007131,C0468,R0009,2026-03-17,Tuesday,18,442,Biryani,4.4,30,3,0,Family,1
O007132,C0468,R0100,2026-07-29,Wednesday,13,250,Chinese,4.4,29,5,1,Family,1
O007133,C0468,R0100,2026-05-10,Sunday,19,259,Chinese,4.4,29,5,1,Work Lunch,1
O007134,C0468,R0146,2026-07-04,Saturday,10,309,Chinese,3.2,28,4,0,Late Night,1
O007135,C0468,R0101,2026-02-09,Monday,14,356,Chinese,4.2,27,4,1,Friends,1
O007136,C0468,R0150,2026-03-24,Tuesday,22,721,Maharashtrian,4.0,36,4,0,Routine,0
O007137,C0468,R0003,2026-03-07,Saturday,20,284,Chinese,4.0,24,4,0,Date Night,1
O007138,C0468,R0118,2026-01-01,Thursday,21,622,Chinese,4.6,37,4,0,Family,0
O007139,C0468,R0003,2026-06-28,Sunday,17,283,Chinese,4.0,24,5,1,Work Lunch,1
O007140,C0468,R0120,2026-08-14,Friday,12,593,Biryani,4.0,39,5,1,Work Lunch,1
O007141,C0469,R0091,2025-12-12,Friday,23,278,Biryani,4.0,34,5,1,Work Lunch,1
O007142,C0469,R0050,2026-01-02,Friday,14,637,Biryani,4.0,26,1,1,Movie Night,0
O007143,C0469,R0088,2026-03-03,Tuesday,22,368,Biryani,4.1,33,5,0,Family,0
O007144,C0469,R0071,2026-03-29,Sunday,8,181,South Indian,4.1,48,4,1,Work Lunch,1
O007145,C0469,R0071,2026-04-22,Wednesday,10,297,South Indian,4.1,48,2,1,Routine,1
O007146,C0469,R0091,2026-06-04,Thursday,12,167,Biryani,4.0,34,4,1,Routine,1
O007147,C0469,R0052,2025-10-15,Wednesday,12,492,Thai,4.7,29,5,1,Routine,0
O007148,C0470,R0149,2026-02-25,Wednesday,9,448,North Indian,4.7,34,4,0,Date Night,0
O007149,C0470,R0087,2026-07-12,Sunday,8,737,Cafe,4.3,36,4,0,Routine,1
O007150,C0470,R0053,2025-12-08,Monday,8,320,Cafe,4.4,26,4,1,Family,0
O007151,C0470,R0055,2026-02-07,Saturday,10,721,Biryani,3.6,31,4,0,Work Lunch,1
O007152,C0470,R0150,2026-02-07,Saturday,20,664,Maharashtrian,4.0,36,4,0,Routine,0
O007153,C0470,R0100,2026-03-28,Saturday,21,255,Chinese,4.4,29,4,0,Late Night,1
O007154,C0470,R0065,2026-02-09,Monday,18,915,Healthy,4.8,37,5,0,Friends,0
O007155,C0470,R0075,2026-06-19,Friday,17,242,South Indian,4.2,43,4,1,Work Lunch,1
O007156,C0470,R0011,2025-10-04,Saturday,22,333,Chinese,4.0,36,4,1,Routine,0
O007157,C0470,R0010,2025-09-13,Saturday,12,313,Desserts,3.5,15,4,1,Friends,1
O007158,C0470,R0100,2026-08-09,Sunday,8,280,Chinese,4.4,29,4,0,Friends,1
O007159,C0470,R0075,2026-04-23,Thursday,21,387,South Indian,4.2,43,5,0,Friends,1
O007160,C0470,R0063,2026-03-07,Saturday,23,343,Pizza,4.2,32,3,0,Friends,0
O007161,C0470,R0087,2026-03-07,Saturday,19,649,Cafe,4.3,36,4,0,Date Night,1
O007162,C0470,R0010,2026-03-20,Friday,8,288,Desserts,3.5,15,4,0,Family,1
O007163,C0470,R0148,2026-02-24,Tuesday,10,273,Burgers,3.8,32,3,1,Late Night,0
O007164,C0470,R0055,2026-08-10,Monday,17,906,Biryani,3.6,31,5,1,Routine,1
O007165,C0471,R0069,2026-05-01,Friday,23,625,South Indian,4.4,30,3,0,Family,1
O007166,C0471,R0113,2026-01-15,Thursday,22,579,Healthy,4.2,42,4,0,Date Night,1
O007167,C0471,R0120,2025-10-06,Monday,10,605,Biryani,4.0,39,4,0,Movie Night,0
O007168,C0471,R0134,2026-05-27,Wednesday,17,808,Maharashtrian,4.3,28,5,1,Work Lunch,1
O007169,C0471,R0076,2026-06-27,Saturday,9,489,Healthy,3.8,19,4,0,Routine,1
O007170,C0471,R0134,2025-11-05,Wednesday,21,712,Maharashtrian,4.3,28,3,0,Routine,1
O007171,C0471,R0001,2025-12-11,Thursday,23,190,South Indian,3.9,38,4,1,Date Night,0
O007172,C0471,R0113,2025-10-10,Friday,13,630,Healthy,4.2,42,5,0,Friends,1
O007173,C0471,R0051,2025-11-26,Wednesday,14,531,Desserts,4.1,22,4,0,Movie Night,0
O007174,C0471,R0055,2026-03-14,Saturday,9,1055,Biryani,3.6,31,4,1,Late Night,0
O007175,C0471,R0010,2026-06-28,Sunday,18,408,Desserts,3.5,15,3,0,Date Night,0
O007176,C0471,R0029,2026-06-08,Monday,20,1100,Chinese,4.3,43,5,1,Date Night,0
O007177,C0471,R0150,2025-11-16,Sunday,14,753,Maharashtrian,4.0,36,5,0,Date Night,0
O007178,C0471,R0069,2026-02-05,Thursday,17,519,South Indian,4.4,30,4,0,Late Night,1
O007179,C0471,R0146,2026-02-12,Thursday,18,330,Chinese,3.2,28,4,0,Late Night,0
O007180,C0471,R0023,2026-07-21,Tuesday,21,762,Cafe,4.1,21,4,0,Routine,0
O007181,C0471,R0034,2026-03-11,Wednesday,22,321,Burgers,4.8,40,3,0,Routine,0
O007182,C0471,R0076,2026-03-12,Thursday,21,377,Healthy,3.8,19,4,1,Date Night,1
O007183,C0471,R0063,2026-01-23,Friday,13,306,Pizza,4.2,32,3,1,Late Night,0
O007184,C0471,R0113,2025-10-28,Tuesday,19,573,Healthy,4.2,42,5,1,Routine,1
O007185,C0471,R0069,2026-08-20,Thursday,19,638,South Indian,4.4,30,3,1,Friends,1
O007186,C0471,R0135,2026-08-24,Monday,14,754,Desserts,4.2,31,4,1,Routine,0
O007187,C0471,R0069,2026-03-16,Monday,18,651,South Indian,4.4,30,4,1,Routine,1
O007188,C0471,R0087,2025-09-11,Thursday,21,684,Cafe,4.3,36,3,1,Routine,0
O007189,C0471,R0059,2025-10-01,Wednesday,12,533,Cafe,4.4,33,5,1,Family,0
O007190,C0471,R0116,2026-07-30,Thursday,21,317,Maharashtrian,4.2,35,5,1,Family,0
O007191,C0471,R0113,2026-08-21,Friday,20,599,Healthy,4.2,42,5,0,Routine,1
O007192,C0471,R0065,2026-04-09,Thursday,19,797,Healthy,4.8,37,5,1,Routine,0
O007193,C0472,R0021,2025-10-23,Thursday,19,961,Thai,4.1,34,5,1,Date Night,0
O007194,C0472,R0092,2026-01-23,Friday,18,769,South Indian,4.5,15,5,1,Late Night,0
O007195,C0472,R0020,2026-01-13,Tuesday,17,696,Biryani,4.2,28,4,0,Friends,0
O007196,C0472,R0080,2025-11-25,Tuesday,8,508,South Indian,4.7,27,4,1,Late Night,0
O007197,C0472,R0025,2026-01-13,Tuesday,21,1176,Cafe,4.1,35,5,1,Family,0
O007198,C0472,R0079,2025-12-12,Friday,12,572,Chinese,4.1,36,4,1,Routine,0
O007199,C0472,R0131,2025-10-02,Thursday,9,599,South Indian,4.4,28,4,1,Routine,1
O007200,C0472,R0049,2026-04-16,Thursday,10,293,Desserts,4.6,22,4,1,Family,1
O007201,C0472,R0049,2026-03-20,Friday,8,325,Desserts,4.6,22,3,1,Routine,1
O007202,C0472,R0147,2026-05-20,Wednesday,18,455,Biryani,3.9,17,5,1,Movie Night,0
O007203,C0472,R0131,2026-03-23,Monday,13,474,South Indian,4.4,28,5,0,Work Lunch,1
O007204,C0473,R0025,2026-05-07,Thursday,8,792,Cafe,4.1,35,5,0,Friends,0
O007205,C0473,R0021,2025-09-07,Sunday,17,649,Thai,4.1,34,4,1,Friends,1
O007206,C0473,R0092,2026-05-07,Thursday,17,624,South Indian,4.5,15,4,0,Routine,1
O007207,C0473,R0126,2026-06-07,Sunday,12,543,Italian,4.1,21,4,0,Date Night,0
O007208,C0473,R0143,2026-03-14,Saturday,10,338,Desserts,4.0,25,4,0,Date Night,0
O007209,C0473,R0092,2026-03-12,Thursday,8,983,South Indian,4.5,15,3,1,Work Lunch,1
O007210,C0473,R0049,2026-08-02,Sunday,18,433,Desserts,4.6,22,3,1,Friends,0
O007211,C0473,R0021,2025-10-05,Sunday,21,652,Thai,4.1,34,3,1,Work Lunch,1
O007212,C0474,R0086,2025-10-20,Monday,18,204,Italian,4.4,23,5,0,Routine,1
O007213,C0474,R0094,2026-01-24,Saturday,19,319,Italian,4.4,42,4,1,Family,1
O007214,C0474,R0035,2026-05-24,Sunday,17,446,Desserts,4.6,27,5,1,Family,0
O007215,C0474,R0083,2026-08-04,Tuesday,13,564,Healthy,4.3,36,3,0,Routine,0
O007216,C0474,R0037,2026-03-20,Friday,20,396,Maharashtrian,4.6,45,4,0,Routine,1
O007217,C0474,R0114,2025-12-26,Friday,21,208,Chinese,3.6,33,5,1,Routine,1
O007218,C0474,R0060,2026-02-01,Sunday,21,344,Italian,4.3,43,4,1,Routine,1
O007219,C0474,R0114,2026-03-26,Thursday,13,222,Chinese,3.6,33,5,1,Family,1
O007220,C0474,R0089,2026-04-29,Wednesday,13,521,Chinese,3.9,30,4,1,Routine,1
O007221,C0474,R0086,2026-07-12,Sunday,9,258,Italian,4.4,23,4,1,Work Lunch,1
O007222,C0474,R0068,2026-02-14,Saturday,22,673,Thai,4.3,20,5,1,Movie Night,1
O007223,C0474,R0060,2025-12-29,Monday,20,423,Italian,4.3,43,4,1,Friends,1
O007224,C0474,R0068,2026-03-19,Thursday,23,557,Thai,4.3,20,3,1,Movie Night,1
O007225,C0474,R0037,2026-06-20,Saturday,8,399,Maharashtrian,4.6,45,4,0,Late Night,1
O007226,C0474,R0094,2026-08-31,Monday,23,303,Italian,4.4,42,3,1,Work Lunch,1
O007227,C0474,R0089,2025-09-09,Tuesday,12,437,Chinese,3.9,30,5,1,Routine,1
O007228,C0474,R0089,2026-02-21,Saturday,21,455,Chinese,3.9,30,5,1,Late Night,1
O007229,C0474,R0060,2026-08-29,Saturday,20,477,Italian,4.3,43,3,0,Work Lunch,1
O007230,C0474,R0012,2025-09-29,Monday,9,297,Pizza,3.3,27,4,1,Family,0
O007231,C0475,R0074,2026-03-12,Thursday,19,228,Cafe,4.6,27,5,1,Family,1
O007232,C0475,R0066,2025-12-07,Sunday,17,1099,Pizza,4.3,30,5,0,Late Night,1
O007233,C0475,R0022,2025-11-13,Thursday,20,619,Biryani,3.7,38,4,0,Work Lunch,0
O007234,C0475,R0066,2025-09-07,Sunday,18,901,Pizza,4.3,30,3,1,Routine,1
O007235,C0475,R0144,2025-11-01,Saturday,14,251,Burgers,4.2,23,4,1,Late Night,0
O007236,C0475,R0074,2025-10-06,Monday,20,269,Cafe,4.6,27,4,0,Routine,1
O007237,C0475,R0056,2026-03-24,Tuesday,22,594,Biryani,3.8,49,4,0,Routine,0
O007238,C0476,R0037,2026-02-23,Monday,10,393,Maharashtrian,4.6,45,2,1,Work Lunch,1
O007239,C0476,R0083,2025-09-03,Wednesday,10,753,Healthy,4.3,36,4,0,Routine,0
O007240,C0476,R0086,2026-04-06,Monday,20,205,Italian,4.4,23,4,1,Friends,1
O007241,C0476,R0012,2025-09-14,Sunday,19,422,Pizza,3.3,27,3,1,Friends,1
O007242,C0476,R0018,2026-04-23,Thursday,14,284,Pizza,3.5,47,5,1,Date Night,1
O007243,C0476,R0018,2026-05-23,Saturday,8,273,Pizza,3.5,47,4,1,Routine,1
O007244,C0476,R0094,2026-07-07,Tuesday,12,402,Italian,4.4,42,4,1,Routine,1
O007245,C0476,R0086,2026-03-09,Monday,19,151,Italian,4.4,23,4,0,Routine,1
O007246,C0476,R0037,2026-05-17,Sunday,13,345,Maharashtrian,4.6,45,3,1,Routine,1
O007247,C0476,R0089,2026-07-17,Friday,21,612,Chinese,3.9,30,5,1,Routine,1
O007248,C0476,R0086,2026-03-30,Monday,14,278,Italian,4.4,23,4,1,Work Lunch,1
O007249,C0476,R0094,2026-02-16,Monday,9,323,Italian,4.4,42,5,1,Work Lunch,1
O007250,C0476,R0012,2026-02-22,Sunday,13,299,Pizza,3.3,27,5,1,Work Lunch,1
O007251,C0476,R0060,2025-12-22,Monday,23,393,Italian,4.3,43,5,1,Friends,1
O007252,C0476,R0086,2026-02-25,Wednesday,9,273,Italian,4.4,23,3,1,Routine,1
O007253,C0476,R0018,2025-11-24,Monday,22,161,Pizza,3.5,47,4,1,Routine,1
O007254,C0476,R0035,2025-09-26,Friday,23,478,Desserts,4.6,27,4,1,Date Night,0
O007255,C0476,R0037,2025-11-18,Tuesday,19,341,Maharashtrian,4.6,45,2,1,Routine,1
O007256,C0476,R0089,2025-10-16,Thursday,20,369,Chinese,3.9,30,2,1,Routine,1
O007257,C0476,R0060,2026-05-22,Friday,21,290,Italian,4.3,43,3,1,Family,1
O007258,C0476,R0060,2026-05-06,Wednesday,20,323,Italian,4.3,43,4,1,Family,1
O007259,C0476,R0037,2025-12-23,Tuesday,14,323,Maharashtrian,4.6,45,3,1,Date Night,1
O007260,C0476,R0018,2026-07-07,Tuesday,18,295,Pizza,3.5,47,4,1,Routine,1
O007261,C0476,R0094,2026-05-12,Tuesday,9,475,Italian,4.4,42,5,1,Movie Night,1
O007262,C0477,R0015,2026-08-26,Wednesday,8,317,Healthy,4.3,15,4,1,Routine,0
O007263,C0477,R0039,2026-02-25,Wednesday,17,653,Biryani,3.7,28,4,0,Family,0
O007264,C0477,R0079,2025-10-01,Wednesday,20,420,Chinese,4.1,36,5,0,Routine,0
O007265,C0477,R0019,2025-11-07,Friday,13,505,Biryani,4.1,34,3,0,Movie Night,1
O007266,C0477,R0141,2026-08-25,Tuesday,17,702,Burgers,4.2,26,4,0,Routine,0
O007267,C0477,R0129,2025-10-19,Sunday,17,282,Cafe,4.6,46,5,0,Routine,1
O007268,C0477,R0147,2025-12-29,Monday,23,559,Biryani,3.9,17,4,0,Friends,0
O007269,C0477,R0008,2026-06-13,Saturday,20,835,Biryani,3.9,25,5,0,Routine,0
O007270,C0477,R0129,2026-01-02,Friday,18,231,Cafe,4.6,46,4,1,Work Lunch,1
O007271,C0477,R0120,2026-01-12,Monday,9,483,Biryani,4.0,39,5,0,Date Night,0
O007272,C0477,R0136,2026-04-22,Wednesday,23,440,Chinese,3.6,45,5,0,Movie Night,0
O007273,C0477,R0078,2026-04-24,Friday,18,286,Biryani,3.7,15,4,1,Movie Night,0
O007274,C0477,R0119,2026-04-13,Monday,8,315,Desserts,4.2,37,2,0,Routine,0
O007275,C0477,R0009,2026-01-23,Friday,12,502,Biryani,4.4,30,4,0,Routine,1
O007276,C0477,R0011,2026-08-03,Monday,22,312,Chinese,4.0,36,3,1,Late Night,0
O007277,C0477,R0019,2026-04-22,Wednesday,21,410,Biryani,4.1,34,3,0,Friends,1
O007278,C0477,R0139,2025-12-30,Tuesday,9,396,North Indian,4.4,29,5,1,Friends,0
O007279,C0477,R0009,2026-05-01,Friday,23,469,Biryani,4.4,30,3,0,Routine,1
O007280,C0477,R0016,2025-12-27,Saturday,12,365,Burgers,4.5,33,4,0,Routine,0
O007281,C0478,R0014,2026-06-26,Friday,23,483,Maharashtrian,4.1,35,3,1,Work Lunch,0
O007282,C0478,R0078,2026-04-21,Tuesday,14,326,Biryani,3.7,15,3,1,Movie Night,1
O007283,C0478,R0041,2026-05-15,Friday,13,1238,Biryani,4.5,30,4,1,Late Night,1
O007284,C0478,R0041,2026-02-23,Monday,9,846,Biryani,4.5,30,3,0,Date Night,1
O007285,C0478,R0015,2026-02-03,Tuesday,19,289,Healthy,4.3,15,4,1,Routine,0
O007286,C0478,R0127,2026-06-02,Tuesday,8,408,Pizza,4.4,34,5,1,Family,1
O007287,C0478,R0115,2026-08-26,Wednesday,18,671,Biryani,3.6,38,4,1,Friends,1
O007288,C0478,R0017,2025-12-22,Monday,9,283,Chinese,4.4,65,4,1,Family,0
O007289,C0478,R0115,2026-02-25,Wednesday,17,646,Biryani,3.6,38,5,1,Routine,1
O007290,C0478,R0097,2026-02-23,Monday,13,254,Chinese,4.9,24,4,1,Routine,0
O007291,C0478,R0041,2025-09-28,Sunday,18,978,Biryani,4.5,30,3,1,Family,1
O007292,C0478,R0115,2026-06-27,Saturday,14,664,Biryani,3.6,38,4,1,Date Night,1
O007293,C0478,R0085,2026-02-02,Monday,23,337,Desserts,3.4,26,4,0,Work Lunch,1
O007294,C0478,R0115,2025-11-01,Saturday,9,843,Biryani,3.6,38,5,1,Routine,1
O007295,C0478,R0064,2026-05-07,Thursday,20,985,North Indian,3.9,53,3,1,Work Lunch,0
O007296,C0478,R0078,2026-02-06,Friday,18,343,Biryani,3.7,15,5,1,Work Lunch,1
O007297,C0478,R0041,2026-08-12,Wednesday,22,874,Biryani,4.5,30,4,1,Work Lunch,1
O007298,C0478,R0045,2026-02-23,Monday,18,973,Maharashtrian,4.7,38,5,0,Routine,0
O007299,C0478,R0084,2026-06-18,Thursday,23,852,Desserts,4.1,32,5,0,Work Lunch,0
O007300,C0478,R0127,2025-11-26,Wednesday,17,302,Pizza,4.4,34,5,1,Friends,1
O007301,C0478,R0085,2025-12-18,Thursday,13,188,Desserts,3.4,26,4,1,Family,1
O007302,C0478,R0026,2026-01-17,Saturday,21,447,Healthy,4.0,38,4,1,Routine,0
O007303,C0479,R0016,2025-12-15,Monday,20,480,Burgers,4.5,33,3,1,Routine,1
O007304,C0479,R0052,2026-05-19,Tuesday,13,444,Thai,4.7,29,4,1,Late Night,1
O007305,C0479,R0050,2026-03-15,Sunday,19,722,Biryani,4.0,26,4,1,Movie Night,1
O007306,C0479,R0091,2026-04-03,Friday,8,264,Biryani,4.0,34,4,1,Movie Night,0
O007307,C0479,R0088,2026-03-15,Sunday,22,327,Biryani,4.1,33,5,0,Family,0
O007308,C0479,R0140,2026-07-04,Saturday,10,605,Biryani,4.5,15,3,0,Late Night,0
O007309,C0479,R0050,2026-07-31,Friday,22,631,Biryani,4.0,26,5,1,Movie Night,1
O007310,C0479,R0016,2025-10-06,Monday,12,479,Burgers,4.5,33,4,1,Family,1
O007311,C0479,R0052,2026-03-30,Monday,23,393,Thai,4.7,29,5,1,Family,1
O007312,C0479,R0016,2025-09-19,Friday,20,460,Burgers,4.5,33,5,1,Date Night,1
O007313,C0480,R0090,2026-04-16,Thursday,18,1025,Maharashtrian,4.5,33,4,1,Movie Night,0
O007314,C0480,R0043,2026-04-14,Tuesday,20,371,Pizza,4.3,15,4,1,Work Lunch,1
O007315,C0480,R0079,2025-09-22,Monday,23,373,Chinese,4.1,36,5,1,Friends,1
O007316,C0480,R0143,2026-06-20,Saturday,20,430,Desserts,4.0,25,4,1,Movie Night,0
O007317,C0480,R0126,2026-03-29,Sunday,10,613,Italian,4.1,21,3,1,Work Lunch,0
O007318,C0480,R0131,2026-05-14,Thursday,18,569,South Indian,4.4,28,3,1,Family,0
O007319,C0480,R0138,2026-04-17,Friday,9,1284,North Indian,4.6,22,5,1,Friends,1
O007320,C0480,R0021,2025-10-15,Wednesday,8,745,Thai,4.1,34,4,1,Late Night,0
O007321,C0480,R0092,2026-01-02,Friday,14,741,South Indian,4.5,15,5,1,Routine,0
O007322,C0480,R0079,2026-06-12,Friday,20,454,Chinese,4.1,36,4,1,Work Lunch,1
O007323,C0480,R0025,2025-12-06,Saturday,21,563,Cafe,4.1,35,5,1,Date Night,0
O007324,C0480,R0043,2026-03-29,Sunday,19,346,Pizza,4.3,15,4,1,Late Night,1
O007325,C0480,R0138,2026-08-02,Sunday,10,1079,North Indian,4.6,22,4,1,Routine,1
O007326,C0480,R0043,2025-11-24,Monday,12,360,Pizza,4.3,15,3,1,Routine,1
O007327,C0480,R0079,2026-01-03,Saturday,8,546,Chinese,4.1,36,4,1,Date Night,1
O007328,C0481,R0146,2025-12-21,Sunday,20,277,Chinese,3.2,28,3,0,Family,0
O007329,C0481,R0149,2025-12-28,Sunday,13,329,North Indian,4.7,34,3,0,Routine,1
O007330,C0481,R0069,2025-09-13,Saturday,23,501,South Indian,4.4,30,4,0,Work Lunch,0
O007331,C0481,R0087,2026-08-30,Sunday,8,528,Cafe,4.3,36,5,0,Movie Night,0
O007332,C0481,R0120,2026-03-14,Saturday,20,474,Biryani,4.0,39,3,0,Late Night,0
O007333,C0481,R0057,2026-01-12,Monday,22,267,Maharashtrian,4.6,32,5,0,Routine,1
O007334,C0481,R0034,2025-09-03,Wednesday,17,354,Burgers,4.8,40,3,1,Family,0
O007335,C0481,R0149,2026-08-03,Monday,10,375,North Indian,4.7,34,5,0,Routine,1
O007336,C0481,R0063,2026-04-14,Tuesday,19,261,Pizza,4.2,32,4,1,Movie Night,0
O007337,C0481,R0001,2026-02-14,Saturday,23,298,South Indian,3.9,38,3,0,Routine,0
O007338,C0481,R0137,2026-02-05,Thursday,9,374,Chinese,4.3,35,3,0,Routine,1
O007339,C0481,R0100,2026-02-24,Tuesday,12,187,Chinese,4.4,29,4,0,Work Lunch,0
O007340,C0481,R0023,2025-09-26,Friday,8,697,Cafe,4.1,21,4,0,Date Night,0
O007341,C0481,R0003,2026-01-15,Thursday,13,324,Chinese,4.0,24,4,1,Family,0
O007342,C0481,R0055,2026-06-13,Saturday,14,1054,Biryani,3.6,31,3,0,Routine,1
O007343,C0481,R0148,2026-05-05,Tuesday,23,502,Burgers,3.8,32,4,0,Late Night,1
O007344,C0481,R0148,2026-01-05,Monday,9,344,Burgers,3.8,32,5,0,Routine,1
O007345,C0481,R0057,2026-06-25,Thursday,21,272,Maharashtrian,4.6,32,4,1,Date Night,1
O007346,C0481,R0137,2026-05-26,Tuesday,23,347,Chinese,4.3,35,4,0,Routine,1
O007347,C0481,R0065,2025-11-26,Wednesday,14,801,Healthy,4.8,37,5,0,Work Lunch,0
O007348,C0481,R0113,2026-02-08,Sunday,10,593,Healthy,4.2,42,3,0,Family,0
O007349,C0481,R0057,2025-09-05,Friday,14,251,Maharashtrian,4.6,32,4,0,Routine,1
O007350,C0481,R0075,2026-04-17,Friday,17,457,South Indian,4.2,43,4,0,Date Night,0
O007351,C0481,R0055,2026-02-03,Tuesday,10,892,Biryani,3.6,31,4,0,Work Lunch,1
O007352,C0481,R0009,2025-09-17,Wednesday,18,424,Biryani,4.4,30,4,0,Family,0
O007353,C0482,R0071,2026-04-07,Tuesday,19,184,South Indian,4.1,48,3,1,Family,1
O007354,C0482,R0042,2026-04-18,Saturday,19,429,Chinese,4.4,21,3,1,Work Lunch,1
O007355,C0482,R0016,2026-08-15,Saturday,10,315,Burgers,4.5,33,3,1,Routine,0
O007356,C0482,R0042,2026-07-01,Wednesday,10,582,Chinese,4.4,21,4,0,Routine,1
O007357,C0482,R0042,2026-01-07,Wednesday,9,474,Chinese,4.4,21,4,0,Movie Night,1
O007358,C0482,R0088,2025-09-19,Friday,9,330,Biryani,4.1,33,4,0,Friends,0
O007359,C0482,R0091,2026-02-15,Sunday,19,305,Biryani,4.0,34,4,0,Work Lunch,0
O007360,C0482,R0042,2026-04-02,Thursday,12,460,Chinese,4.4,21,3,0,Late Night,1
O007361,C0482,R0042,2026-06-24,Wednesday,21,483,Chinese,4.4,21,5,1,Routine,1
O007362,C0482,R0042,2026-05-01,Friday,20,497,Chinese,4.4,21,3,1,Family,1
O007363,C0482,R0042,2026-05-07,Thursday,10,490,Chinese,4.4,21,5,1,Movie Night,1
O007364,C0482,R0071,2026-05-25,Monday,18,234,South Indian,4.1,48,3,0,Routine,1
O007365,C0482,R0050,2026-08-26,Wednesday,9,684,Biryani,4.0,26,4,0,Routine,0
O007366,C0482,R0140,2025-11-21,Friday,23,547,Biryani,4.5,15,4,0,Routine,0
O007367,C0482,R0052,2026-03-06,Friday,23,319,Thai,4.7,29,5,1,Work Lunch,0
O007368,C0482,R0038,2026-06-24,Wednesday,9,327,Chinese,4.0,29,4,1,Work Lunch,1
O007369,C0482,R0038,2026-08-09,Sunday,20,473,Chinese,4.0,29,3,0,Work Lunch,1
O007370,C0483,R0141,2026-02-02,Monday,9,469,Burgers,4.2,26,4,0,Work Lunch,1
O007371,C0483,R0141,2025-12-31,Wednesday,12,482,Burgers,4.2,26,5,1,Date Night,1
O007372,C0483,R0143,2026-06-06,Saturday,19,353,Desserts,4.0,25,5,0,Family,0
O007373,C0483,R0025,2026-05-01,Friday,8,1010,Cafe,4.1,35,5,1,Routine,1
O007374,C0483,R0080,2025-10-12,Sunday,22,547,South Indian,4.7,27,5,1,Routine,1
O007375,C0483,R0079,2026-05-29,Friday,18,379,Chinese,4.1,36,4,1,Routine,1
O007376,C0483,R0079,2026-08-18,Tuesday,9,427,Chinese,4.1,36,4,0,Routine,1
O007377,C0483,R0126,2025-09-12,Friday,10,397,Italian,4.1,21,5,1,Friends,1
O007378,C0483,R0079,2026-08-28,Friday,21,318,Chinese,4.1,36,4,1,Date Night,1
O007379,C0483,R0126,2025-10-14,Tuesday,22,544,Italian,4.1,21,4,1,Movie Night,1
O007380,C0483,R0079,2026-03-05,Thursday,13,452,Chinese,4.1,36,2,1,Work Lunch,1
O007381,C0483,R0043,2026-01-19,Monday,9,337,Pizza,4.3,15,4,1,Work Lunch,0
O007382,C0483,R0049,2026-05-31,Sunday,18,287,Desserts,4.6,22,3,1,Family,0
O007383,C0483,R0141,2026-08-05,Wednesday,22,652,Burgers,4.2,26,5,0,Routine,1
O007384,C0483,R0092,2026-01-17,Saturday,17,1195,South Indian,4.5,15,5,0,Work Lunch,0
O007385,C0483,R0147,2026-04-28,Tuesday,14,378,Biryani,3.9,17,5,1,Friends,0
O007386,C0483,R0141,2025-09-11,Thursday,23,678,Burgers,4.2,26,4,1,Routine,1
O007387,C0483,R0080,2025-11-28,Friday,17,740,South Indian,4.7,27,5,1,Friends,1
O007388,C0483,R0025,2026-06-21,Sunday,18,805,Cafe,4.1,35,5,0,Routine,1
O007389,C0483,R0131,2025-11-28,Friday,8,494,South Indian,4.4,28,3,1,Routine,1
O007390,C0483,R0131,2026-03-24,Tuesday,8,544,South Indian,4.4,28,3,0,Work Lunch,1
O007391,C0484,R0003,2026-02-23,Monday,13,300,Chinese,4.0,24,4,0,Friends,1
O007392,C0484,R0087,2025-12-07,Sunday,12,716,Cafe,4.3,36,4,0,Routine,1
O007393,C0484,R0059,2026-03-11,Wednesday,19,779,Cafe,4.4,33,4,0,Late Night,0
O007394,C0484,R0150,2025-11-13,Thursday,12,560,Maharashtrian,4.0,36,3,0,Friends,0
O007395,C0484,R0120,2025-12-21,Sunday,17,552,Biryani,4.0,39,4,0,Family,1
O007396,C0484,R0134,2026-07-28,Tuesday,8,680,Maharashtrian,4.3,28,5,0,Work Lunch,0
O007397,C0484,R0001,2025-10-17,Friday,13,302,South Indian,3.9,38,5,1,Routine,0
O007398,C0484,R0120,2026-07-03,Friday,10,592,Biryani,4.0,39,3,0,Routine,1
O007399,C0484,R0023,2026-03-26,Thursday,18,694,Cafe,4.1,21,5,0,Routine,0
O007400,C0484,R0087,2026-08-07,Friday,19,716,Cafe,4.3,36,4,0,Routine,1
O007401,C0484,R0063,2026-08-28,Friday,9,306,Pizza,4.2,32,5,1,Friends,1
O007402,C0484,R0076,2026-04-25,Saturday,8,490,Healthy,3.8,19,4,0,Routine,0
O007403,C0484,R0013,2025-09-24,Wednesday,22,685,South Indian,4.1,44,3,0,Routine,0
O007404,C0484,R0063,2026-04-11,Saturday,18,378,Pizza,4.2,32,5,1,Family,1
O007405,C0484,R0003,2026-05-07,Thursday,21,232,Chinese,4.0,24,5,0,Routine,1
O007406,C0484,R0003,2026-07-15,Wednesday,10,303,Chinese,4.0,24,4,1,Work Lunch,1
O007407,C0484,R0101,2026-06-21,Sunday,10,372,Chinese,4.2,27,3,0,Routine,0
O007408,C0484,R0148,2026-06-16,Tuesday,10,305,Burgers,3.8,32,5,0,Family,0
O007409,C0484,R0120,2026-03-01,Sunday,10,553,Biryani,4.0,39,5,0,Routine,1
O007410,C0484,R0065,2026-08-28,Friday,10,854,Healthy,4.8,37,4,0,Late Night,0
O007411,C0485,R0071,2026-04-20,Monday,8,220,South Indian,4.1,48,5,1,Movie Night,1
O007412,C0485,R0050,2026-06-23,Tuesday,21,863,Biryani,4.0,26,4,0,Movie Night,1
O007413,C0485,R0042,2026-05-04,Monday,20,429,Chinese,4.4,21,4,1,Routine,1
O007414,C0485,R0140,2025-11-23,Sunday,20,625,Biryani,4.5,15,4,0,Movie Night,1
O007415,C0485,R0050,2026-02-24,Tuesday,19,728,Biryani,4.0,26,4,0,Late Night,1
O007416,C0485,R0042,2026-07-22,Wednesday,14,466,Chinese,4.4,21,4,0,Movie Night,1
O007417,C0485,R0140,2025-11-04,Tuesday,9,554,Biryani,4.5,15,4,1,Work Lunch,1
O007418,C0485,R0042,2025-12-19,Friday,23,463,Chinese,4.4,21,3,0,Family,1
O007419,C0485,R0088,2026-04-17,Friday,9,551,Biryani,4.1,33,4,0,Routine,1
O007420,C0485,R0071,2025-11-25,Tuesday,8,189,South Indian,4.1,48,4,0,Movie Night,1
O007421,C0485,R0140,2026-04-28,Tuesday,14,379,Biryani,4.5,15,5,0,Movie Night,1
O007422,C0485,R0091,2026-04-25,Saturday,13,226,Biryani,4.0,34,5,0,Friends,0
O007423,C0485,R0088,2025-10-28,Tuesday,23,301,Biryani,4.1,33,3,0,Late Night,1
O007424,C0485,R0050,2025-12-04,Thursday,13,637,Biryani,4.0,26,4,0,Family,1
O007425,C0485,R0071,2026-04-29,Wednesday,12,229,South Indian,4.1,48,4,1,Family,1
O007426,C0485,R0140,2025-11-22,Saturday,17,400,Biryani,4.5,15,3,0,Routine,1
O007427,C0485,R0016,2026-07-06,Monday,9,395,Burgers,4.5,33,3,0,Family,0
O007428,C0486,R0069,2026-06-08,Monday,12,548,South Indian,4.4,30,3,1,Friends,1
O007429,C0486,R0013,2025-12-02,Tuesday,13,753,South Indian,4.1,44,4,0,Friends,0
O007430,C0486,R0134,2026-04-30,Thursday,22,882,Maharashtrian,4.3,28,3,0,Work Lunch,0
O007431,C0486,R0001,2026-07-29,Wednesday,17,270,South Indian,3.9,38,4,0,Friends,0
O007432,C0486,R0053,2026-04-26,Sunday,18,378,Cafe,4.4,26,4,1,Routine,0
O007433,C0486,R0059,2026-01-12,Monday,13,637,Cafe,4.4,33,4,1,Routine,0
O007434,C0486,R0069,2026-02-05,Thursday,12,470,South Indian,4.4,30,5,0,Friends,1
O007435,C0486,R0116,2026-02-24,Tuesday,13,358,Maharashtrian,4.2,35,4,1,Friends,0
O007436,C0486,R0069,2026-04-26,Sunday,19,566,South Indian,4.4,30,4,0,Work Lunch,1
O007437,C0486,R0087,2026-07-08,Wednesday,17,644,Cafe,4.3,36,5,1,Work Lunch,1
O007438,C0486,R0087,2025-10-28,Tuesday,14,651,Cafe,4.3,36,4,0,Movie Night,1
O007439,C0486,R0063,2026-09-01,Tuesday,13,350,Pizza,4.2,32,2,0,Routine,0
O007440,C0486,R0146,2026-05-25,Monday,21,243,Chinese,3.2,28,5,0,Friends,0
O007441,C0486,R0148,2025-11-21,Friday,20,449,Burgers,3.8,32,5,0,Movie Night,0
O007442,C0486,R0087,2025-09-26,Friday,23,559,Cafe,4.3,36,4,1,Date Night,1
O007443,C0487,R0098,2026-01-18,Sunday,19,761,Burgers,4.1,33,5,0,Friends,0
O007444,C0487,R0039,2026-07-27,Monday,13,625,Biryani,3.7,28,4,0,Routine,1
O007445,C0487,R0017,2026-05-01,Friday,20,180,Chinese,4.4,65,4,0,Movie Night,0
O007446,C0487,R0039,2025-09-27,Saturday,21,741,Biryani,3.7,28,5,0,Routine,1
O007447,C0487,R0130,2025-09-27,Saturday,20,280,South Indian,4.1,26,4,0,Routine,1
O007448,C0487,R0117,2026-07-06,Monday,9,595,Italian,3.9,43,5,0,Work Lunch,1
O007449,C0487,R0028,2026-03-02,Monday,18,422,South Indian,4.2,38,4,0,Routine,0
O007450,C0487,R0015,2026-04-02,Thursday,10,270,Healthy,4.3,15,5,0,Routine,0
O007451,C0487,R0054,2025-11-26,Wednesday,17,481,Chinese,3.6,34,4,0,Work Lunch,0
O007452,C0487,R0096,2026-08-23,Sunday,10,484,Chinese,4.1,24,3,1,Routine,1
O007453,C0487,R0117,2026-01-13,Tuesday,20,672,Italian,3.9,43,2,1,Routine,1
O007454,C0487,R0130,2025-09-18,Thursday,12,321,South Indian,4.1,26,3,0,Work Lunch,1
O007455,C0487,R0102,2026-07-05,Sunday,12,758,Cafe,3.7,34,4,0,Routine,0
O007456,C0487,R0096,2025-10-15,Wednesday,22,298,Chinese,4.1,24,4,0,Late Night,1
O007457,C0488,R0078,2026-07-21,Tuesday,8,294,Biryani,3.7,15,3,1,Movie Night,0
O007458,C0488,R0014,2026-08-15,Saturday,14,542,Maharashtrian,4.1,35,4,1,Routine,0
O007459,C0488,R0096,2026-01-03,Saturday,9,498,Chinese,4.1,24,4,0,Late Night,1
O007460,C0488,R0085,2025-10-30,Thursday,23,265,Desserts,3.4,26,5,0,Work Lunch,1
O007461,C0488,R0039,2025-12-04,Thursday,17,513,Biryani,3.7,28,5,1,Routine,0
O007462,C0488,R0002,2025-10-05,Sunday,13,245,Maharashtrian,4.4,29,2,1,Work Lunch,0
O007463,C0488,R0026,2026-02-17,Tuesday,17,523,Healthy,4.0,38,5,1,Family,1
O007464,C0488,R0054,2025-09-08,Monday,8,537,Chinese,3.6,34,5,0,Friends,0
O007465,C0488,R0026,2026-05-27,Wednesday,13,552,Healthy,4.0,38,3,1,Routine,1
O007466,C0488,R0085,2026-07-11,Saturday,23,329,Desserts,3.4,26,4,1,Routine,1
O007467,C0488,R0102,2026-02-17,Tuesday,20,1042,Cafe,3.7,34,5,1,Family,0
O007468,C0488,R0115,2026-01-19,Monday,18,562,Biryani,3.6,38,3,0,Date Night,0
O007469,C0488,R0096,2025-11-24,Monday,10,514,Chinese,4.1,24,3,1,Family,1
O007470,C0488,R0098,2026-07-25,Saturday,12,598,Burgers,4.1,33,5,1,Movie Night,0
O007471,C0488,R0095,2026-07-30,Thursday,23,501,North Indian,3.8,25,5,1,Routine,0
O007472,C0488,R0130,2026-04-03,Friday,21,385,South Indian,4.1,26,5,1,Work Lunch,0
O007473,C0489,R0029,2026-08-23,Sunday,18,1164,Chinese,4.3,43,4,0,Date Night,0
O007474,C0489,R0141,2025-10-14,Tuesday,14,701,Burgers,4.2,26,3,1,Routine,0
O007475,C0489,R0024,2026-07-03,Friday,8,803,Burgers,4.1,43,3,1,Date Night,0
O007476,C0489,R0124,2025-11-26,Wednesday,17,305,Healthy,4.4,15,4,1,Date Night,0
O007477,C0489,R0067,2025-11-24,Monday,22,427,Cafe,3.9,32,5,1,Routine,0
O007478,C0489,R0030,2025-12-31,Wednesday,17,223,Thai,4.0,38,5,1,Routine,0
O007479,C0489,R0063,2025-09-23,Tuesday,22,240,Pizza,4.2,32,5,1,Routine,0
O007480,C0489,R0035,2026-07-08,Wednesday,20,517,Desserts,4.6,27,4,1,Routine,0
O007481,C0489,R0022,2025-09-21,Sunday,22,885,Biryani,3.7,38,4,1,Late Night,0
O007482,C0489,R0039,2025-09-30,Tuesday,17,570,Biryani,3.7,28,5,1,Routine,0
O007483,C0490,R0020,2026-04-22,Wednesday,17,845,Biryani,4.2,28,3,1,Routine,1
O007484,C0490,R0143,2026-07-29,Wednesday,13,189,Desserts,4.0,25,3,1,Routine,0
O007485,C0490,R0126,2026-04-21,Tuesday,19,703,Italian,4.1,21,4,1,Work Lunch,1
O007486,C0490,R0080,2026-08-29,Saturday,14,542,South Indian,4.7,27,5,1,Routine,0
O007487,C0490,R0138,2026-08-05,Wednesday,8,815,North Indian,4.6,22,5,1,Friends,0
O007488,C0490,R0126,2026-01-25,Sunday,10,586,Italian,4.1,21,4,0,Friends,1
O007489,C0490,R0126,2025-11-04,Tuesday,17,751,Italian,4.1,21,5,1,Family,1
O007490,C0490,R0092,2026-07-05,Sunday,10,877,South Indian,4.5,15,3,1,Friends,0
O007491,C0490,R0020,2025-10-03,Friday,22,957,Biryani,4.2,28,4,1,Work Lunch,1
O007492,C0490,R0049,2026-03-07,Saturday,23,453,Desserts,4.6,22,4,1,Movie Night,0
O007493,C0491,R0078,2026-06-21,Sunday,12,292,Biryani,3.7,15,4,1,Friends,0
O007494,C0491,R0113,2026-02-05,Thursday,12,562,Healthy,4.2,42,4,0,Friends,0
O007495,C0491,R0038,2026-03-25,Wednesday,20,571,Chinese,4.0,29,3,1,Routine,0
O007496,C0491,R0126,2026-02-12,Thursday,12,628,Italian,4.1,21,4,0,Friends,0
O007497,C0491,R0053,2026-08-11,Tuesday,20,301,Cafe,4.4,26,5,1,Movie Night,1
O007498,C0491,R0031,2026-08-20,Thursday,14,296,Italian,4.2,31,4,1,Routine,0
O007499,C0491,R0070,2026-04-30,Thursday,19,242,Cafe,3.6,24,4,1,Friends,0
O007500,C0491,R0129,2026-02-20,Friday,18,257,Cafe,4.6,46,3,1,Routine,0
O007501,C0491,R0013,2026-05-21,Thursday,9,648,South Indian,4.1,44,4,0,Movie Night,1
O007502,C0491,R0053,2026-01-06,Tuesday,8,441,Cafe,4.4,26,4,0,Late Night,1
O007503,C0491,R0097,2025-12-30,Tuesday,13,334,Chinese,4.9,24,3,1,Routine,0
O007504,C0491,R0056,2026-07-21,Tuesday,21,437,Biryani,3.8,49,4,1,Routine,0
O007505,C0491,R0013,2025-12-03,Wednesday,12,842,South Indian,4.1,44,3,0,Work Lunch,1
O007506,C0491,R0053,2025-10-23,Thursday,10,294,Cafe,4.4,26,2,0,Routine,1
O007507,C0491,R0121,2026-05-03,Sunday,13,362,Italian,4.8,41,3,1,Routine,0
O007508,C0492,R0122,2026-06-20,Saturday,19,352,North Indian,4.0,35,3,1,Work Lunch,1
O007509,C0492,R0056,2026-04-24,Friday,10,691,Biryani,3.8,49,2,0,Routine,1
O007510,C0492,R0056,2025-12-28,Sunday,14,534,Biryani,3.8,49,3,1,Routine,1
O007511,C0492,R0058,2025-10-09,Thursday,17,653,North Indian,4.7,24,3,1,Routine,0
O007512,C0492,R0074,2026-01-07,Wednesday,10,284,Cafe,4.6,27,5,0,Routine,1
O007513,C0492,R0074,2025-09-16,Tuesday,18,183,Cafe,4.6,27,5,1,Friends,1
O007514,C0492,R0033,2026-03-08,Sunday,14,505,Cafe,4.2,33,4,0,Routine,0
O007515,C0492,R0019,2026-05-15,Friday,8,421,Biryani,4.1,34,5,0,Date Night,0
O007516,C0492,R0122,2026-01-16,Friday,21,296,North Indian,4.0,35,4,1,Late Night,1
O007517,C0492,R0036,2025-09-28,Sunday,13,890,Biryani,3.9,40,5,0,Routine,0
O007518,C0492,R0072,2026-07-30,Thursday,21,210,Cafe,4.4,19,3,1,Friends,0
O007519,C0492,R0103,2026-02-23,Monday,17,395,Italian,4.9,32,4,1,Routine,0
O007520,C0493,R0120,2025-10-12,Sunday,20,420,Biryani,4.0,39,3,0,Friends,0
O007521,C0493,R0009,2026-03-11,Wednesday,14,394,Biryani,4.4,30,4,1,Movie Night,0
O007522,C0493,R0113,2025-11-08,Saturday,14,618,Healthy,4.2,42,3,1,Routine,0
O007523,C0493,R0057,2025-09-20,Saturday,18,291,Maharashtrian,4.6,32,3,1,Date Night,0
O007524,C0493,R0003,2025-10-10,Friday,20,246,Chinese,4.0,24,3,0,Routine,0
O007525,C0493,R0137,2026-01-07,Wednesday,22,389,Chinese,4.3,35,4,1,Late Night,0
O007526,C0493,R0069,2026-02-25,Wednesday,8,618,South Indian,4.4,30,3,1,Routine,0
O007527,C0493,R0087,2025-12-25,Thursday,22,695,Cafe,4.3,36,5,0,Friends,1
O007528,C0493,R0116,2026-07-11,Saturday,13,346,Maharashtrian,4.2,35,3,0,Late Night,1
O007529,C0493,R0100,2025-10-07,Tuesday,20,187,Chinese,4.4,29,5,1,Friends,0
O007530,C0493,R0116,2026-04-30,Thursday,9,394,Maharashtrian,4.2,35,3,0,Routine,1
O007531,C0493,R0118,2026-05-14,Thursday,23,740,Chinese,4.6,37,4,1,Routine,0
O007532,C0493,R0087,2026-05-14,Thursday,9,661,Cafe,4.3,36,2,1,Movie Night,1
O007533,C0494,R0040,2026-03-21,Saturday,17,407,South Indian,4.6,27,2,1,Date Night,0
O007534,C0494,R0108,2025-11-29,Saturday,19,256,North Indian,4.5,36,5,0,Friends,1
O007535,C0494,R0144,2025-11-08,Saturday,13,279,Burgers,4.2,23,5,1,Work Lunch,1
O007536,C0494,R0074,2025-09-10,Wednesday,23,256,Cafe,4.6,27,4,0,Work Lunch,1
O007537,C0494,R0036,2026-03-31,Tuesday,10,985,Biryani,3.9,40,4,0,Movie Night,1
O007538,C0494,R0036,2025-10-10,Friday,21,474,Biryani,3.9,40,5,0,Friends,1
O007539,C0494,R0019,2026-06-03,Wednesday,21,399,Biryani,4.1,34,3,0,Work Lunch,1
O007540,C0494,R0019,2026-04-11,Saturday,12,413,Biryani,4.1,34,4,0,Routine,1
O007541,C0494,R0122,2025-09-06,Saturday,23,290,North Indian,4.0,35,5,1,Routine,0
O007542,C0494,R0022,2026-04-13,Monday,9,519,Biryani,3.7,38,4,0,Routine,0
O007543,C0494,R0058,2026-01-28,Wednesday,10,537,North Indian,4.7,24,4,1,Routine,0
O007544,C0494,R0074,2026-07-09,Thursday,19,250,Cafe,4.6,27,4,1,Friends,1
O007545,C0494,R0111,2026-05-16,Saturday,23,410,Desserts,3.6,21,5,1,Work Lunch,1
O007546,C0494,R0033,2026-08-01,Saturday,17,436,Cafe,4.2,33,5,1,Family,1
O007547,C0494,R0056,2026-04-25,Saturday,9,662,Biryani,3.8,49,5,0,Routine,1
O007548,C0494,R0036,2026-08-19,Wednesday,12,606,Biryani,3.9,40,5,1,Friends,1
O007549,C0494,R0036,2026-04-06,Monday,8,923,Biryani,3.9,40,5,1,Movie Night,1
O007550,C0494,R0044,2026-05-18,Monday,8,386,Thai,4.2,17,3,1,Date Night,0
O007551,C0494,R0072,2026-07-02,Thursday,8,409,Cafe,4.4,19,5,0,Routine,1
O007552,C0494,R0005,2025-10-12,Sunday,13,488,Pizza,4.0,36,5,0,Date Night,0
O007553,C0494,R0048,2026-04-03,Friday,22,229,Cafe,4.6,29,5,1,Routine,0
O007554,C0494,R0033,2025-09-27,Saturday,22,460,Cafe,4.2,33,3,1,Routine,1
O007555,C0494,R0144,2025-11-17,Monday,18,302,Burgers,4.2,23,5,0,Movie Night,1
O007556,C0494,R0072,2026-05-28,Thursday,19,284,Cafe,4.4,19,5,0,Family,1
O007557,C0494,R0111,2026-06-04,Thursday,20,523,Desserts,3.6,21,3,1,Routine,1
O007558,C0494,R0033,2026-01-23,Friday,23,305,Cafe,4.2,33,5,0,Late Night,1
O007559,C0494,R0108,2026-03-21,Saturday,21,359,North Indian,4.5,36,5,0,Routine,1
O007560,C0494,R0056,2026-01-04,Sunday,19,515,Biryani,3.8,49,5,1,Family,1
O007561,C0494,R0033,2026-03-29,Sunday,19,358,Cafe,4.2,33,5,1,Work Lunch,1
O007562,C0494,R0081,2026-06-03,Wednesday,22,416,Pizza,4.1,42,3,1,Work Lunch,0
O007563,C0494,R0103,2026-05-30,Saturday,21,282,Italian,4.9,32,4,0,Work Lunch,1
O007564,C0494,R0144,2026-04-05,Sunday,20,320,Burgers,4.2,23,5,1,Routine,1
O007565,C0494,R0103,2026-02-28,Saturday,21,294,Italian,4.9,32,5,0,Routine,1
O007566,C0494,R0027,2026-07-01,Wednesday,17,378,Maharashtrian,4.5,48,4,0,Routine,0
O007567,C0495,R0095,2026-03-25,Wednesday,23,527,North Indian,3.8,25,1,0,Family,1
O007568,C0495,R0096,2025-11-23,Sunday,17,470,Chinese,4.1,24,2,1,Work Lunch,1
O007569,C0495,R0078,2026-05-28,Thursday,8,349,Biryani,3.7,15,4,0,Routine,0
O007570,C0495,R0117,2025-11-20,Thursday,22,456,Italian,3.9,43,5,1,Work Lunch,0
O007571,C0495,R0064,2025-09-02,Tuesday,22,993,North Indian,3.9,53,4,0,Friends,1
O007572,C0495,R0041,2026-06-12,Friday,9,818,Biryani,4.5,30,3,0,Friends,0
O007573,C0495,R0002,2026-01-28,Wednesday,18,241,Maharashtrian,4.4,29,5,0,Routine,0
O007574,C0495,R0130,2025-12-09,Tuesday,18,394,South Indian,4.1,26,4,1,Routine,0
O007575,C0495,R0109,2026-04-05,Sunday,13,890,Desserts,4.3,29,4,1,Routine,1
O007576,C0495,R0096,2026-05-24,Sunday,12,461,Chinese,4.1,24,5,0,Friends,1
O007577,C0495,R0109,2026-09-01,Tuesday,23,987,Desserts,4.3,29,4,0,Routine,1
O007578,C0495,R0109,2026-06-02,Tuesday,12,727,Desserts,4.3,29,5,1,Routine,1
O007579,C0495,R0121,2026-03-25,Wednesday,20,399,Italian,4.8,41,3,1,Work Lunch,0
O007580,C0495,R0064,2026-05-26,Tuesday,23,896,North Indian,3.9,53,5,0,Family,1
O007581,C0495,R0095,2026-07-20,Monday,20,553,North Indian,3.8,25,5,0,Work Lunch,1
O007582,C0495,R0015,2026-07-27,Monday,13,283,Healthy,4.3,15,5,0,Routine,0
O007583,C0495,R0127,2026-01-25,Sunday,20,258,Pizza,4.4,34,4,0,Family,0
O007584,C0496,R0011,2026-03-31,Tuesday,18,399,Chinese,4.0,36,5,1,Movie Night,0
O007585,C0496,R0037,2026-01-13,Tuesday,17,426,Maharashtrian,4.6,45,3,1,Work Lunch,0
O007586,C0496,R0113,2026-06-17,Wednesday,8,692,Healthy,4.2,42,4,0,Late Night,0
O007587,C0496,R0130,2026-03-15,Sunday,19,379,South Indian,4.1,26,3,1,Family,0
O007588,C0496,R0131,2026-04-03,Friday,18,492,South Indian,4.4,28,5,1,Work Lunch,0
O007589,C0496,R0040,2026-06-16,Tuesday,14,376,South Indian,4.6,27,4,1,Date Night,0
O007590,C0496,R0100,2025-10-23,Thursday,9,341,Chinese,4.4,29,4,1,Work Lunch,0
O007591,C0496,R0034,2026-03-02,Monday,17,504,Burgers,4.8,40,5,1,Routine,0
O007592,C0496,R0094,2026-08-10,Monday,20,442,Italian,4.4,42,4,1,Date Night,0
O007593,C0496,R0135,2026-03-26,Thursday,12,619,Desserts,4.2,31,5,1,Late Night,0
O007594,C0496,R0004,2026-01-07,Wednesday,23,260,South Indian,4.4,43,4,1,Routine,0
O007595,C0497,R0014,2025-09-26,Friday,21,677,Maharashtrian,4.1,35,4,0,Friends,0
O007596,C0497,R0127,2025-12-18,Thursday,20,462,Pizza,4.4,34,5,0,Late Night,0
O007597,C0497,R0064,2025-09-10,Wednesday,22,933,North Indian,3.9,53,4,0,Routine,0
O007598,C0497,R0054,2026-02-27,Friday,19,570,Chinese,3.6,34,4,0,Movie Night,0
O007599,C0497,R0121,2026-02-26,Thursday,17,486,Italian,4.8,41,4,1,Routine,0
O007600,C0497,R0015,2025-12-20,Saturday,12,249,Healthy,4.3,15,5,0,Date Night,0
O007601,C0497,R0004,2026-08-28,Friday,18,251,South Indian,4.4,43,4,1,Work Lunch,1
O007602,C0497,R0098,2026-01-03,Saturday,8,840,Burgers,4.1,33,3,1,Friends,0
O007603,C0497,R0062,2025-10-22,Wednesday,17,323,Maharashtrian,3.7,23,4,1,Work Lunch,1
O007604,C0497,R0106,2026-06-14,Sunday,18,306,Healthy,4.3,46,4,0,Routine,0
O007605,C0497,R0004,2025-11-23,Sunday,17,233,South Indian,4.4,43,5,0,Routine,1
O007606,C0497,R0062,2026-01-24,Saturday,19,198,Maharashtrian,3.7,23,3,0,Work Lunch,1
O007607,C0497,R0028,2025-11-19,Wednesday,8,404,South Indian,4.2,38,2,0,Movie Night,1
O007608,C0497,R0102,2025-11-14,Friday,13,488,Cafe,3.7,34,3,0,Friends,0
O007609,C0497,R0028,2025-11-11,Tuesday,14,572,South Indian,4.2,38,4,0,Late Night,1
O007610,C0497,R0078,2026-01-28,Wednesday,14,430,Biryani,3.7,15,4,0,Routine,0
O007611,C0497,R0109,2026-08-04,Tuesday,8,1162,Desserts,4.3,29,3,0,Late Night,0
O007612,C0498,R0065,2026-01-31,Saturday,20,684,Healthy,4.8,37,4,0,Late Night,0
O007613,C0498,R0029,2026-05-19,Tuesday,22,648,Chinese,4.3,43,4,0,Friends,0
O007614,C0498,R0013,2026-08-08,Saturday,20,838,South Indian,4.1,44,4,1,Family,1
O007615,C0498,R0059,2026-06-10,Wednesday,12,568,Cafe,4.4,33,4,0,Family,0
O007616,C0498,R0113,2026-05-13,Wednesday,17,297,Healthy,4.2,42,4,0,Friends,0
O007617,C0498,R0013,2026-01-01,Thursday,19,925,South Indian,4.1,44,4,0,Family,1
O007618,C0498,R0003,2025-11-10,Monday,13,226,Chinese,4.0,24,5,1,Work Lunch,1
O007619,C0498,R0003,2026-03-21,Saturday,12,244,Chinese,4.0,24,5,0,Routine,1
O007620,C0499,R0096,2026-01-24,Saturday,12,468,Chinese,4.1,24,4,1,Family,1
O007621,C0499,R0062,2026-08-11,Tuesday,8,325,Maharashtrian,3.7,23,5,1,Routine,1
O007622,C0499,R0015,2026-06-26,Friday,9,265,Healthy,4.3,15,3,1,Routine,0
O007623,C0499,R0096,2026-02-09,Monday,10,395,Chinese,4.1,24,3,1,Family,1
O007624,C0499,R0002,2026-07-15,Wednesday,12,190,Maharashtrian,4.4,29,5,1,Late Night,0
O007625,C0499,R0026,2026-05-11,Monday,22,331,Healthy,4.0,38,4,1,Late Night,0
O007626,C0499,R0102,2026-01-22,Thursday,9,842,Cafe,3.7,34,3,1,Work Lunch,0
O007627,C0499,R0004,2026-06-19,Friday,20,184,South Indian,4.4,43,4,1,Late Night,0
O007628,C0499,R0096,2026-04-01,Wednesday,14,486,Chinese,4.1,24,2,1,Late Night,1
O007629,C0499,R0121,2026-04-01,Wednesday,23,304,Italian,4.8,41,4,1,Work Lunch,0
O007630,C0499,R0017,2026-05-22,Friday,20,280,Chinese,4.4,65,3,1,Work Lunch,1
O007631,C0499,R0062,2025-12-10,Wednesday,14,340,Maharashtrian,3.7,23,4,1,Routine,1
O007632,C0499,R0096,2026-07-09,Thursday,23,465,Chinese,4.1,24,4,1,Work Lunch,1
O007633,C0499,R0078,2025-11-15,Saturday,14,329,Biryani,3.7,15,3,0,Routine,0
O007634,C0499,R0096,2026-02-16,Monday,21,382,Chinese,4.1,24,3,1,Work Lunch,1
O007635,C0499,R0062,2025-09-04,Thursday,10,286,Maharashtrian,3.7,23,3,1,Routine,1
O007636,C0499,R0017,2025-09-21,Sunday,10,303,Chinese,4.4,65,5,1,Routine,1
O007637,C0500,R0122,2026-01-26,Monday,8,256,North Indian,4.0,35,3,0,Work Lunch,0
O007638,C0500,R0048,2026-04-29,Wednesday,18,268,Cafe,4.6,29,2,1,Movie Night,1
O007639,C0500,R0048,2025-10-24,Friday,10,269,Cafe,4.6,29,5,0,Work Lunch,1
O007640,C0500,R0019,2026-08-05,Wednesday,14,443,Biryani,4.1,34,4,0,Family,1
O007641,C0500,R0036,2025-09-24,Wednesday,13,752,Biryani,3.9,40,5,1,Routine,1
O007642,C0500,R0108,2026-05-24,Sunday,21,219,North Indian,4.5,36,4,0,Routine,0
O007643,C0500,R0019,2026-05-19,Tuesday,8,454,Biryani,4.1,34,3,0,Routine,1
O007644,C0500,R0112,2026-04-01,Wednesday,17,290,Thai,4.2,34,4,1,Work Lunch,0
O007645,C0500,R0066,2026-08-31,Monday,19,820,Pizza,4.3,30,4,0,Date Night,0
O007646,C0500,R0036,2025-12-03,Wednesday,12,742,Biryani,3.9,40,3,0,Family,1
O007647,C0500,R0056,2026-05-09,Saturday,19,623,Biryani,3.8,49,4,0,Family,0
O007648,C0500,R0019,2026-01-21,Wednesday,18,570,Biryani,4.1,34,3,0,Friends,1
O007649,C0500,R0022,2025-09-19,Friday,20,570,Biryani,3.7,38,5,0,Family,0
